#include "gfx/legato/generated/le_gen_assets.h"

/*********************************
 * Legato Image Asset
 * Name:   figmaImg_imgWifiIcon_0
 * Size:   17x17 pixels
 * Mode:   RGBA_8888
 ***********************************/

const uint8_t figmaImg_imgWifiIcon_0_data[702] =
{
    0x01,0x04,0x01,0xFF,0x66,0x66,0x66,0x01,0xEF,0x65,0x65,0x65,0x01,0xCF,0x66,0x66,
    0x66,0x01,0xAF,0x66,0x66,0x66,0x01,0x60,0x65,0x65,0x65,0x01,0x20,0x60,0x60,0x60,
    0x0B,0x00,0x00,0x00,0x00,0x06,0xFF,0x66,0x66,0x66,0x01,0xBF,0x65,0x65,0x65,0x01,
    0x40,0x64,0x64,0x64,0x09,0x00,0x00,0x00,0x00,0x08,0xFF,0x66,0x66,0x66,0x01,0xAF,
    0x66,0x66,0x66,0x01,0x20,0x60,0x60,0x60,0x08,0x00,0x00,0x00,0x00,0x01,0x10,0x70,
    0x70,0x70,0x01,0x40,0x68,0x68,0x68,0x01,0x70,0x64,0x64,0x64,0x01,0xC0,0x66,0x66,
    0x66,0x04,0xFF,0x66,0x66,0x66,0x01,0xEF,0x65,0x65,0x65,0x01,0x70,0x64,0x64,0x64,
    0x0B,0x00,0x00,0x00,0x00,0x01,0x20,0x68,0x68,0x68,0x01,0xA0,0x66,0x66,0x66,0x04,
    0xFF,0x66,0x66,0x66,0x01,0x7F,0x64,0x64,0x64,0x0C,0x00,0x00,0x00,0x00,0x01,0x20,
    0x68,0x68,0x68,0x01,0xDF,0x66,0x66,0x66,0x03,0xFF,0x66,0x66,0x66,0x01,0x7F,0x64,
    0x64,0x64,0x04,0x00,0x00,0x00,0x00,0x01,0xFF,0x66,0x66,0x66,0x01,0xEF,0x65,0x65,
    0x65,0x01,0xBF,0x65,0x65,0x65,0x01,0x60,0x65,0x65,0x65,0x01,0x20,0x60,0x60,0x60,
    0x03,0x00,0x00,0x00,0x00,0x01,0x10,0x60,0x60,0x60,0x01,0xAF,0x66,0x66,0x66,0x03,
    0xFF,0x66,0x66,0x66,0x01,0x70,0x64,0x64,0x64,0x03,0x00,0x00,0x00,0x00,0x05,0xFF,
    0x66,0x66,0x66,0x01,0x7F,0x64,0x64,0x64,0x04,0x00,0x00,0x00,0x00,0x01,0xA0,0x64,
    0x64,0x64,0x02,0xFF,0x66,0x66,0x66,0x01,0xEF,0x65,0x65,0x65,0x01,0x20,0x60,0x60,
    0x60,0x02,0x00,0x00,0x00,0x00,0x06,0xFF,0x66,0x66,0x66,0x01,0xDF,0x66,0x66,0x66,
    0x01,0x20,0x60,0x60,0x60,0x02,0x00,0x00,0x00,0x00,0x01,0x10,0x60,0x60,0x60,0x01,
    0xDF,0x66,0x66,0x66,0x02,0xFF,0x66,0x66,0x66,0x01,0xBF,0x65,0x65,0x65,0x03,0x00,
    0x00,0x00,0x00,0x01,0x30,0x65,0x65,0x65,0x01,0x60,0x65,0x65,0x65,0x01,0xDF,0x66,
    0x66,0x66,0x03,0xFF,0x66,0x66,0x66,0x01,0xDF,0x66,0x66,0x66,0x01,0x20,0x60,0x60,
    0x60,0x02,0x00,0x00,0x00,0x00,0x01,0x30,0x65,0x65,0x65,0x03,0xFF,0x66,0x66,0x66,
    0x01,0x40,0x64,0x64,0x64,0x05,0x00,0x00,0x00,0x00,0x01,0x70,0x66,0x66,0x66,0x03,
    0xFF,0x66,0x66,0x66,0x01,0xDF,0x66,0x66,0x66,0x01,0x10,0x60,0x60,0x60,0x02,0x00,
    0x00,0x00,0x00,0x01,0x90,0x65,0x65,0x65,0x02,0xFF,0x66,0x66,0x66,0x01,0xBF,0x65,
    0x65,0x65,0x06,0x00,0x00,0x00,0x00,0x01,0x30,0x65,0x65,0x65,0x01,0xEF,0x65,0x65,
    0x65,0x02,0xFF,0x66,0x66,0x66,0x01,0x80,0x64,0x64,0x64,0x02,0x00,0x00,0x00,0x00,
    0x01,0x20,0x68,0x68,0x68,0x03,0xFF,0x66,0x66,0x66,0x01,0x10,0x60,0x60,0x60,0x06,
    0x00,0x00,0x00,0x00,0x01,0x70,0x66,0x66,0x66,0x02,0xFF,0x66,0x66,0x66,0x01,0xEF,
    0x65,0x65,0x65,0x01,0x10,0x60,0x60,0x60,0x02,0x00,0x00,0x00,0x00,0x01,0xBF,0x67,
    0x67,0x67,0x02,0xFF,0x66,0x66,0x66,0x01,0x70,0x64,0x64,0x64,0x01,0x5F,0x66,0x66,
    0x66,0x01,0xEF,0x65,0x65,0x65,0x01,0xDF,0x66,0x66,0x66,0x01,0x5F,0x66,0x66,0x66,
    0x03,0x00,0x00,0x00,0x00,0x01,0xBF,0x67,0x67,0x67,0x02,0xFF,0x66,0x66,0x66,0x01,
    0x70,0x64,0x64,0x64,0x02,0x00,0x00,0x00,0x00,0x01,0x70,0x64,0x64,0x64,0x02,0xFF,
    0x66,0x66,0x66,0x01,0x9F,0x67,0x67,0x67,0x01,0xDF,0x66,0x66,0x66,0x02,0xFF,0x66,
    0x66,0x66,0x01,0xEF,0x65,0x65,0x65,0x03,0x00,0x00,0x00,0x00,0x01,0x70,0x64,0x64,
    0x64,0x02,0xFF,0x66,0x66,0x66,0x01,0xBF,0x65,0x65,0x65,0x02,0x00,0x00,0x00,0x00,
    0x01,0x30,0x65,0x65,0x65,0x02,0xFF,0x66,0x66,0x66,0x01,0xDF,0x66,0x66,0x66,0x01,
    0xEF,0x65,0x65,0x65,0x02,0xFF,0x66,0x66,0x66,0x01,0xDF,0x66,0x66,0x66,0x03,0x00,
    0x00,0x00,0x00,0x01,0x20,0x68,0x68,0x68,0x02,0xFF,0x66,0x66,0x66,0x01,0xDF,0x66,
    0x66,0x66,0x02,0x00,0x00,0x00,0x00,0x01,0x10,0x60,0x60,0x60,0x02,0xFF,0x66,0x66,
    0x66,0x01,0xEF,0x65,0x65,0x65,0x01,0x60,0x65,0x65,0x65,0x01,0xDF,0x66,0x66,0x66,
    0x01,0xEF,0x65,0x65,0x65,0x01,0x60,0x65,0x65,0x65,0x04,0x00,0x00,0x00,0x00,0x03,
    0xFF,0x66,0x66,0x66,0x03,0x00,0x00,0x00,0x00,0x03,0xFF,0x66,0x66,0x66,
};

leImage figmaImg_imgWifiIcon_0 =
{
    {
        LE_STREAM_LOCATION_ID_INTERNAL, // data location id
        (void*)figmaImg_imgWifiIcon_0_data, // data variable pointer
        702, // data size
    },
    LE_IMAGE_FORMAT_RLE,
    {
        LE_COLOR_MODE_RGBA_8888,
        {
            17,
            17
        },
        289,
        702,
        (void*)figmaImg_imgWifiIcon_0_data, // data variable pointer
        0, // flags
    },
    0, // image flags
    {
        0x0, // color mask
    },
    NULL, // alpha mask
    NULL, // palette
};

/*********************************
 * Legato Image Asset
 * Name:   figmaImg_imgWifiAdd
 * Size:   24x17 pixels
 * Mode:   RGBA_8888
 ***********************************/

const uint8_t figmaImg_imgWifiAdd_data[522] =
{
    0x01,0x04,0x06,0x00,0x00,0x00,0x00,0x01,0x10,0x60,0x60,0x60,0x01,0x70,0x64,0x64,
    0x64,0x01,0x9F,0x67,0x67,0x67,0x01,0xCF,0x66,0x66,0x66,0x01,0xEF,0x65,0x65,0x65,
    0x02,0xFF,0x66,0x66,0x66,0x01,0xEF,0x65,0x65,0x65,0x01,0xCF,0x66,0x66,0x66,0x01,
    0xAF,0x66,0x66,0x66,0x01,0x60,0x65,0x65,0x65,0x01,0x20,0x60,0x60,0x60,0x0A,0x00,
    0x00,0x00,0x00,0x01,0x40,0x64,0x64,0x64,0x01,0xBF,0x65,0x65,0x65,0x0C,0xFF,0x66,
    0x66,0x66,0x01,0xBF,0x65,0x65,0x65,0x01,0x40,0x64,0x64,0x64,0x06,0x00,0x00,0x00,
    0x00,0x01,0x20,0x60,0x60,0x60,0x01,0xBF,0x65,0x65,0x65,0x10,0xFF,0x66,0x66,0x66,
    0x01,0xAF,0x66,0x66,0x66,0x01,0x20,0x60,0x60,0x60,0x03,0x00,0x00,0x00,0x00,0x01,
    0x5F,0x66,0x66,0x66,0x01,0xEF,0x65,0x65,0x65,0x12,0xFF,0x66,0x66,0x66,0x01,0xEF,
    0x65,0x65,0x65,0x01,0x70,0x64,0x64,0x64,0x01,0x00,0x00,0x00,0x00,0x01,0x7F,0x66,
    0x66,0x66,0x16,0xFF,0x66,0x66,0x66,0x01,0x7F,0x64,0x64,0x64,0x01,0x80,0x66,0x66,
    0x66,0x16,0xFF,0x66,0x66,0x66,0x01,0x80,0x64,0x64,0x64,0x01,0x00,0x00,0x00,0x00,
    0x01,0x80,0x66,0x66,0x66,0x10,0xFF,0x66,0x66,0x66,0x02,0xEF,0x65,0x65,0x65,0x02,
    0xFF,0x66,0x66,0x66,0x01,0x80,0x64,0x64,0x64,0x03,0x00,0x00,0x00,0x00,0x01,0x80,
    0x66,0x66,0x66,0x0C,0xFF,0x66,0x66,0x66,0x01,0xEF,0x65,0x65,0x65,0x01,0x80,0x66,
    0x66,0x66,0x01,0x10,0x70,0x70,0x70,0x02,0x00,0x00,0x00,0x00,0x01,0x20,0x68,0x68,
    0x68,0x01,0x40,0x68,0x68,0x68,0x05,0x00,0x00,0x00,0x00,0x01,0x80,0x66,0x66,0x66,
    0x0A,0xFF,0x66,0x66,0x66,0x01,0xDF,0x66,0x66,0x66,0x01,0x20,0x68,0x68,0x68,0x0C,
    0x00,0x00,0x00,0x00,0x01,0x80,0x66,0x66,0x66,0x08,0xFF,0x66,0x66,0x66,0x01,0xDF,
    0x66,0x66,0x66,0x01,0x20,0x68,0x68,0x68,0x03,0x00,0x00,0x00,0x00,0x02,0xFF,0x66,
    0x66,0x66,0x09,0x00,0x00,0x00,0x00,0x01,0x80,0x66,0x66,0x66,0x07,0xFF,0x66,0x66,
    0x66,0x01,0x60,0x65,0x65,0x65,0x04,0x00,0x00,0x00,0x00,0x02,0xFF,0x66,0x66,0x66,
    0x0A,0x00,0x00,0x00,0x00,0x01,0x80,0x66,0x66,0x66,0x06,0xFF,0x66,0x66,0x66,0x01,
    0x20,0x68,0x68,0x68,0x04,0x00,0x00,0x00,0x00,0x02,0xFF,0x66,0x66,0x66,0x0B,0x00,
    0x00,0x00,0x00,0x01,0x80,0x66,0x66,0x66,0x05,0xFF,0x66,0x66,0x66,0x02,0x00,0x00,
    0x00,0x00,0x08,0xFF,0x66,0x66,0x66,0x09,0x00,0x00,0x00,0x00,0x01,0x80,0x66,0x66,
    0x66,0x04,0xFF,0x66,0x66,0x66,0x02,0x00,0x00,0x00,0x00,0x08,0xFF,0x66,0x66,0x66,
    0x0A,0x00,0x00,0x00,0x00,0x01,0x80,0x66,0x66,0x66,0x03,0xFF,0x66,0x66,0x66,0x01,
    0x20,0x68,0x68,0x68,0x04,0x00,0x00,0x00,0x00,0x02,0xFF,0x66,0x66,0x66,0x0E,0x00,
    0x00,0x00,0x00,0x01,0x80,0x66,0x66,0x66,0x02,0xFF,0x66,0x66,0x66,0x01,0x50,0x63,
    0x63,0x63,0x04,0x00,0x00,0x00,0x00,0x02,0xFF,0x66,0x66,0x66,0x0F,0x00,0x00,0x00,
    0x00,0x01,0x80,0x66,0x66,0x66,0x01,0x80,0x64,0x64,0x64,0x05,0x00,0x00,0x00,0x00,
    0x02,0xFF,0x66,0x66,0x66,0x04,0x00,0x00,0x00,0x00,
};

leImage figmaImg_imgWifiAdd =
{
    {
        LE_STREAM_LOCATION_ID_INTERNAL, // data location id
        (void*)figmaImg_imgWifiAdd_data, // data variable pointer
        522, // data size
    },
    LE_IMAGE_FORMAT_RLE,
    {
        LE_COLOR_MODE_RGBA_8888,
        {
            24,
            17
        },
        408,
        522,
        (void*)figmaImg_imgWifiAdd_data, // data variable pointer
        0, // flags
    },
    0, // image flags
    {
        0x0, // color mask
    },
    NULL, // alpha mask
    NULL, // palette
};

/*********************************
 * Legato Image Asset
 * Name:   figmaImg_imgHome
 * Size:   160x134 pixels
 * Mode:   RGBA_8888
 ***********************************/

const uint8_t figmaImg_imgHome_data[2144] =
{
    0x02,0x04,0x82,0x00,0xFF,0xFF,0xFF,0xFF,0x01,0x00,0xDF,0xFF,0xFF,0xFF,0x01,0x00,
    0xCF,0xFF,0xFF,0xFF,0x01,0x00,0xAF,0xFF,0xFF,0xFF,0x01,0x00,0x80,0xFF,0xFF,0xFF,
    0x01,0x00,0x50,0xFF,0xFF,0xFF,0x01,0x00,0x20,0xFF,0xFF,0xFF,0x18,0x00,0x00,0x00,
    0x00,0x00,0x88,0x00,0xFF,0xFF,0xFF,0xFF,0x01,0x00,0xDF,0xFF,0xFF,0xFF,0x01,0x00,
    0x9F,0xFF,0xFF,0xFF,0x01,0x00,0x40,0xFF,0xFF,0xFF,0x15,0x00,0x00,0x00,0x00,0x00,
    0x8B,0x00,0xFF,0xFF,0xFF,0xFF,0x01,0x00,0xDF,0xFF,0xFF,0xFF,0x01,0x00,0x60,0xFF,
    0xFF,0xFF,0x01,0x00,0x20,0xFF,0xFF,0xFF,0x12,0x00,0x00,0x00,0x00,0x00,0x8D,0x00,
    0xFF,0xFF,0xFF,0xFF,0x01,0x00,0xEF,0xFF,0xFF,0xFF,0x01,0x00,0x8F,0xFF,0xFF,0xFF,
    0x01,0x00,0x20,0xFF,0xFF,0xFF,0x10,0x00,0x00,0x00,0x00,0x00,0x8F,0x00,0xFF,0xFF,
    0xFF,0xFF,0x01,0x00,0xDF,0xFF,0xFF,0xFF,0x01,0x00,0x60,0xFF,0xFF,0xFF,0x0F,0x00,
    0x00,0x00,0x00,0x00,0x91,0x00,0xFF,0xFF,0xFF,0xFF,0x01,0x00,0xDF,0xFF,0xFF,0xFF,
    0x01,0x00,0x20,0xFF,0xFF,0xFF,0x0D,0x00,0x00,0x00,0x00,0x00,0x92,0x00,0xFF,0xFF,
    0xFF,0xFF,0x01,0x00,0xEF,0xFF,0xFF,0xFF,0x01,0x00,0x70,0xFF,0xFF,0xFF,0x0C,0x00,
    0x00,0x00,0x00,0x00,0x94,0x00,0xFF,0xFF,0xFF,0xFF,0x01,0x00,0x7F,0xFF,0xFF,0xFF,
    0x0B,0x00,0x00,0x00,0x00,0x00,0x95,0x00,0xFF,0xFF,0xFF,0xFF,0x01,0x00,0x9F,0xFF,
    0xFF,0xFF,0x0A,0x00,0x00,0x00,0x00,0x00,0x96,0x00,0xFF,0xFF,0xFF,0xFF,0x01,0x00,
    0xCF,0xFF,0xFF,0xFF,0x09,0x00,0x00,0x00,0x00,0x00,0x97,0x00,0xFF,0xFF,0xFF,0xFF,
    0x01,0x00,0x9F,0xFF,0xFF,0xFF,0x08,0x00,0x00,0x00,0x00,0x00,0x98,0x00,0xFF,0xFF,
    0xFF,0xFF,0x01,0x00,0x8F,0xFF,0xFF,0xFF,0x07,0x00,0x00,0x00,0x00,0x00,0x99,0x00,
    0xFF,0xFF,0xFF,0xFF,0x01,0x00,0x70,0xFF,0xFF,0xFF,0x06,0x00,0x00,0x00,0x00,0x00,
    0x99,0x00,0xFF,0xFF,0xFF,0xFF,0x01,0x00,0xEF,0xFF,0xFF,0xFF,0x01,0x00,0x20,0xFF,
    0xFF,0xFF,0x05,0x00,0x00,0x00,0x00,0x00,0x9A,0x00,0xFF,0xFF,0xFF,0xFF,0x01,0x00,
    0xBF,0xFF,0xFF,0xFF,0x05,0x00,0x00,0x00,0x00,0x00,0x9B,0x00,0xFF,0xFF,0xFF,0xFF,
    0x01,0x00,0x70,0xFF,0xFF,0xFF,0x04,0x00,0x00,0x00,0x00,0x00,0x9B,0x00,0xFF,0xFF,
    0xFF,0xFF,0x01,0x00,0xEF,0xFF,0xFF,0xFF,0x01,0x00,0x10,0xFF,0xFF,0xFF,0x03,0x00,
    0x00,0x00,0x00,0x00,0x9C,0x00,0xFF,0xFF,0xFF,0xFF,0x01,0x00,0x80,0xFF,0xFF,0xFF,
    0x03,0x00,0x00,0x00,0x00,0x00,0x9C,0x00,0xFF,0xFF,0xFF,0xFF,0x01,0x00,0xEF,0xFF,
    0xFF,0xFF,0x01,0x00,0x10,0xFF,0xFF,0xFF,0x02,0x00,0x00,0x00,0x00,0x00,0x9D,0x00,
    0xFF,0xFF,0xFF,0xFF,0x01,0x00,0x80,0xFF,0xFF,0xFF,0x02,0x00,0x00,0x00,0x00,0x00,
    0x9D,0x00,0xFF,0xFF,0xFF,0xFF,0x01,0x00,0xEF,0xFF,0xFF,0xFF,0x02,0x00,0x00,0x00,
    0x00,0x00,0x9E,0x00,0xFF,0xFF,0xFF,0xFF,0x01,0x00,0x40,0xFF,0xFF,0xFF,0x01,0x00,
    0x00,0x00,0x00,0x00,0x9E,0x00,0xFF,0xFF,0xFF,0xFF,0x01,0x00,0x90,0xFF,0xFF,0xFF,
    0x01,0x00,0x00,0x00,0x00,0x00,0x9E,0x00,0xFF,0xFF,0xFF,0xFF,0x01,0x00,0xDF,0xFF,
    0xFF,0xFF,0x01,0x00,0x00,0x00,0x00,0x00,0x9F,0x00,0xFF,0xFF,0xFF,0xFF,0x01,0x00,
    0x20,0xFF,0xFF,0xFF,0x9F,0x00,0xFF,0xFF,0xFF,0xFF,0x01,0x00,0x60,0xFF,0xFF,0xFF,
    0x9F,0x00,0xFF,0xFF,0xFF,0xFF,0x01,0x00,0x90,0xFF,0xFF,0xFF,0x9F,0x00,0xFF,0xFF,
    0xFF,0xFF,0x01,0x00,0xB0,0xFF,0xFF,0xFF,0x9F,0x00,0xFF,0xFF,0xFF,0xFF,0x01,0x00,
    0xCF,0xFF,0xFF,0xFF,0x9F,0x00,0xFF,0xFF,0xFF,0xFF,0x01,0x00,0xDF,0xFF,0xFF,0xFF,
    0x70,0x0D,0xFF,0xFF,0xFF,0xFF,0x01,0x00,0xFF,0xFB,0xFB,0xFB,0x9D,0x00,0xFF,0xFF,
    0xFF,0xFF,0x01,0x00,0xFF,0xFB,0xFB,0xFB,0x01,0x00,0xFF,0xC9,0xC9,0xC9,0x01,0x00,
    0xFF,0xB7,0xB7,0xB7,0x01,0x00,0xFF,0xDB,0xDB,0xDB,0x9B,0x00,0xFF,0xFF,0xFF,0xFF,
    0x01,0x00,0xFF,0xED,0xED,0xED,0x01,0x00,0xFF,0xC0,0xC0,0xC0,0x03,0x00,0xFF,0xB7,
    0xB7,0xB7,0x01,0x00,0xFF,0xCE,0xCE,0xCE,0x01,0x00,0xFF,0xF6,0xF6,0xF6,0x98,0x00,
    0xFF,0xFF,0xFF,0xFF,0x01,0x00,0xFF,0xDF,0xDF,0xDF,0x06,0x00,0xFF,0xB7,0xB7,0xB7,
    0x01,0x00,0xFF,0xC0,0xC0,0xC0,0x01,0x00,0xFF,0xF2,0xF2,0xF2,0x95,0x00,0xFF,0xFF,
    0xFF,0xFF,0x01,0x00,0xFF,0xFB,0xFB,0xFB,0x01,0x00,0xFF,0xC9,0xC9,0xC9,0x09,0x00,
    0xFF,0xB7,0xB7,0xB7,0x01,0x00,0xFF,0xDB,0xDB,0xDB,0x93,0x00,0xFF,0xFF,0xFF,0xFF,
    0x01,0x00,0xFF,0xED,0xED,0xED,0x01,0x00,0xFF,0xC0,0xC0,0xC0,0x0B,0x00,0xFF,0xB7,
    0xB7,0xB7,0x01,0x00,0xFF,0xCE,0xCE,0xCE,0x01,0x00,0xFF,0xF6,0xF6,0xF6,0x90,0x00,
    0xFF,0xFF,0xFF,0xFF,0x01,0x00,0xFF,0xDF,0xDF,0xDF,0x0E,0x00,0xFF,0xB7,0xB7,0xB7,
    0x01,0x00,0xFF,0xC0,0xC0,0xC0,0x01,0x00,0xFF,0xF2,0xF2,0xF2,0x8D,0x00,0xFF,0xFF,
    0xFF,0xFF,0x01,0x00,0xFF,0xFB,0xFB,0xFB,0x01,0x00,0xFF,0xC9,0xC9,0xC9,0x11,0x00,
    0xFF,0xB7,0xB7,0xB7,0x01,0x00,0xFF,0xDB,0xDB,0xDB,0x8B,0x00,0xFF,0xFF,0xFF,0xFF,
    0x01,0x00,0xFF,0xED,0xED,0xED,0x01,0x00,0xFF,0xC0,0xC0,0xC0,0x13,0x00,0xFF,0xB7,
    0xB7,0xB7,0x01,0x00,0xFF,0xCE,0xCE,0xCE,0x01,0x00,0xFF,0xF6,0xF6,0xF6,0x88,0x00,
    0xFF,0xFF,0xFF,0xFF,0x01,0x00,0xFF,0xDF,0xDF,0xDF,0x16,0x00,0xFF,0xB7,0xB7,0xB7,
    0x01,0x00,0xFF,0xC0,0xC0,0xC0,0x01,0x00,0xFF,0xF2,0xF2,0xF2,0x86,0x00,0xFF,0xFF,
    0xFF,0xFF,0x01,0x00,0xFF,0xC9,0xC9,0xC9,0x19,0x00,0xFF,0xB7,0xB7,0xB7,0x01,0x00,
    0xFF,0xE0,0xE0,0xE0,0x85,0x00,0xFF,0xFF,0xFF,0xFF,0x1A,0x00,0xFF,0xB7,0xB7,0xB7,
    0x01,0x00,0xFF,0xD2,0xD2,0xD2,0x85,0x00,0xFF,0xFF,0xFF,0xFF,0x1A,0x00,0xFF,0xB7,
    0xB7,0xB7,0x01,0x00,0xFF,0xD2,0xD2,0xD2,0x85,0x00,0xFF,0xFF,0xFF,0xFF,0x1A,0x00,
    0xFF,0xB7,0xB7,0xB7,0x01,0x00,0xFF,0xD2,0xD2,0xD2,0x85,0x00,0xFF,0xFF,0xFF,0xFF,
    0x1A,0x00,0xFF,0xB7,0xB7,0xB7,0x01,0x00,0xFF,0xD2,0xD2,0xD2,0x85,0x00,0xFF,0xFF,
    0xFF,0xFF,0x1A,0x00,0xFF,0xB7,0xB7,0xB7,0x01,0x00,0xFF,0xD2,0xD2,0xD2,0x85,0x00,
    0xFF,0xFF,0xFF,0xFF,0x1A,0x00,0xFF,0xB7,0xB7,0xB7,0x01,0x00,0xFF,0xD2,0xD2,0xD2,
    0x85,0x00,0xFF,0xFF,0xFF,0xFF,0x1A,0x00,0xFF,0xB7,0xB7,0xB7,0x01,0x00,0xFF,0xD2,
    0xD2,0xD2,0x85,0x00,0xFF,0xFF,0xFF,0xFF,0x1A,0x00,0xFF,0xB7,0xB7,0xB7,0x01,0x00,
    0xFF,0xD2,0xD2,0xD2,0x85,0x00,0xFF,0xFF,0xFF,0xFF,0x0A,0x00,0xFF,0xB7,0xB7,0xB7,
    0x06,0x00,0xFF,0xFF,0xFF,0xFF,0x01,0x00,0xFF,0xE4,0xE4,0xE4,0x09,0x00,0xFF,0xB7,
    0xB7,0xB7,0x01,0x00,0xFF,0xD2,0xD2,0xD2,0x85,0x00,0xFF,0xFF,0xFF,0xFF,0x0A,0x00,
    0xFF,0xB7,0xB7,0xB7,0x06,0x00,0xFF,0xFF,0xFF,0xFF,0x01,0x00,0xFF,0xE4,0xE4,0xE4,
    0x09,0x00,0xFF,0xB7,0xB7,0xB7,0x01,0x00,0xFF,0xD2,0xD2,0xD2,0x85,0x00,0xFF,0xFF,
    0xFF,0xFF,0x0A,0x00,0xFF,0xB7,0xB7,0xB7,0x06,0x00,0xFF,0xFF,0xFF,0xFF,0x01,0x00,
    0xFF,0xE4,0xE4,0xE4,0x09,0x00,0xFF,0xB7,0xB7,0xB7,0x01,0x00,0xFF,0xD2,0xD2,0xD2,
    0x85,0x00,0xFF,0xFF,0xFF,0xFF,0x0A,0x00,0xFF,0xB7,0xB7,0xB7,0x06,0x00,0xFF,0xFF,
    0xFF,0xFF,0x01,0x00,0xFF,0xE4,0xE4,0xE4,0x09,0x00,0xFF,0xB7,0xB7,0xB7,0x01,0x00,
    0xFF,0xD2,0xD2,0xD2,0x85,0x00,0xFF,0xFF,0xFF,0xFF,0x0A,0x00,0xFF,0xB7,0xB7,0xB7,
    0x06,0x00,0xFF,0xFF,0xFF,0xFF,0x01,0x00,0xFF,0xE4,0xE4,0xE4,0x09,0x00,0xFF,0xB7,
    0xB7,0xB7,0x01,0x00,0xFF,0xD2,0xD2,0xD2,0x85,0x00,0xFF,0xFF,0xFF,0xFF,0x0A,0x00,
    0xFF,0xB7,0xB7,0xB7,0x06,0x00,0xFF,0xFF,0xFF,0xFF,0x01,0x00,0xFF,0xE4,0xE4,0xE4,
    0x09,0x00,0xFF,0xB7,0xB7,0xB7,0x01,0x00,0xFF,0xD2,0xD2,0xD2,0x85,0x00,0xFF,0xFF,
    0xFF,0xFF,0x0A,0x00,0xFF,0xB7,0xB7,0xB7,0x06,0x00,0xFF,0xFF,0xFF,0xFF,0x01,0x00,
    0xFF,0xE4,0xE4,0xE4,0x09,0x00,0xFF,0xB7,0xB7,0xB7,0x01,0x00,0xFF,0xD2,0xD2,0xD2,
    0x85,0x00,0xFF,0xFF,0xFF,0xFF,0x0A,0x00,0xFF,0xB7,0xB7,0xB7,0x06,0x00,0xFF,0xFF,
    0xFF,0xFF,0x01,0x00,0xFF,0xE4,0xE4,0xE4,0x09,0x00,0xFF,0xB7,0xB7,0xB7,0x01,0x00,
    0xFF,0xD2,0xD2,0xD2,0x85,0x00,0xFF,0xFF,0xFF,0xFF,0x0A,0x00,0xFF,0xB7,0xB7,0xB7,
    0x06,0x00,0xFF,0xFF,0xFF,0xFF,0x01,0x00,0xFF,0xE4,0xE4,0xE4,0x09,0x00,0xFF,0xB7,
    0xB7,0xB7,0x01,0x00,0xFF,0xD2,0xD2,0xD2,0x85,0x00,0xFF,0xFF,0xFF,0xFF,0x0A,0x00,
    0xFF,0xB7,0xB7,0xB7,0x06,0x00,0xFF,0xFF,0xFF,0xFF,0x01,0x00,0xFF,0xE4,0xE4,0xE4,
    0x09,0x00,0xFF,0xB7,0xB7,0xB7,0x01,0x00,0xFF,0xD2,0xD2,0xD2,0x85,0x00,0xFF,0xFF,
    0xFF,0xFF,0x0A,0x00,0xFF,0xB7,0xB7,0xB7,0x06,0x00,0xFF,0xFF,0xFF,0xFF,0x01,0x00,
    0xFF,0xE4,0xE4,0xE4,0x09,0x00,0xFF,0xB7,0xB7,0xB7,0x01,0x00,0xFF,0xD2,0xD2,0xD2,
    0x85,0x00,0xFF,0xFF,0xFF,0xFF,0x0A,0x00,0xFF,0xD2,0xD2,0xD2,0x06,0x00,0xFF,0xFF,
    0xFF,0xFF,0x01,0x00,0xFF,0xED,0xED,0xED,0x09,0x00,0xFF,0xD2,0xD2,0xD2,0x01,0x00,
    0xFF,0xE4,0xE4,0xE4,0x01,0x0E,0xFF,0xFF,0xFF,0xFF,0x01,0x00,0xEF,0xFF,0xFF,0xFF,
    0x9F,0x00,0xFF,0xFF,0xFF,0xFF,0x01,0x00,0xCF,0xFF,0xFF,0xFF,0x9F,0x00,0xFF,0xFF,
    0xFF,0xFF,0x01,0x00,0xC0,0xFF,0xFF,0xFF,0x9F,0x00,0xFF,0xFF,0xFF,0xFF,0x01,0x00,
    0x90,0xFF,0xFF,0xFF,0x9F,0x00,0xFF,0xFF,0xFF,0xFF,0x01,0x00,0x70,0xFF,0xFF,0xFF,
    0x9F,0x00,0xFF,0xFF,0xFF,0xFF,0x01,0x00,0x30,0xFF,0xFF,0xFF,0x9E,0x00,0xFF,0xFF,
    0xFF,0xFF,0x01,0x00,0xEF,0xFF,0xFF,0xFF,0x01,0x00,0x00,0x00,0x00,0x00,0x9E,0x00,
    0xFF,0xFF,0xFF,0xFF,0x01,0x00,0xB0,0xFF,0xFF,0xFF,0x01,0x00,0x00,0x00,0x00,0x00,
    0x9E,0x00,0xFF,0xFF,0xFF,0xFF,0x01,0x00,0x60,0xFF,0xFF,0xFF,0x01,0x00,0x00,0x00,
    0x00,0x00,0x9D,0x00,0xFF,0xFF,0xFF,0xFF,0x01,0x00,0xEF,0xFF,0xFF,0xFF,0x01,0x00,
    0x10,0xFF,0xFF,0xFF,0x01,0x00,0x00,0x00,0x00,0x00,0x9D,0x00,0xFF,0xFF,0xFF,0xFF,
    0x01,0x00,0x9F,0xFF,0xFF,0xFF,0x02,0x00,0x00,0x00,0x00,0x00,0x9D,0x00,0xFF,0xFF,
    0xFF,0xFF,0x01,0x00,0x20,0xFF,0xFF,0xFF,0x02,0x00,0x00,0x00,0x00,0x00,0x9C,0x00,
    0xFF,0xFF,0xFF,0xFF,0x01,0x00,0x9F,0xFF,0xFF,0xFF,0x03,0x00,0x00,0x00,0x00,0x00,
    0x9C,0x00,0xFF,0xFF,0xFF,0xFF,0x01,0x00,0x20,0xFF,0xFF,0xFF,0x03,0x00,0x00,0x00,
    0x00,0x00,0x9B,0x00,0xFF,0xFF,0xFF,0xFF,0x01,0x00,0x9F,0xFF,0xFF,0xFF,0x04,0x00,
    0x00,0x00,0x00,0x00,0x9A,0x00,0xFF,0xFF,0xFF,0xFF,0x01,0x00,0xDF,0xFF,0xFF,0xFF,
    0x01,0x00,0x20,0xFF,0xFF,0xFF,0x04,0x00,0x00,0x00,0x00,0x00,0x9A,0x00,0xFF,0xFF,
    0xFF,0xFF,0x01,0x00,0x60,0xFF,0xFF,0xFF,0x05,0x00,0x00,0x00,0x00,0x00,0x99,0x00,
    0xFF,0xFF,0xFF,0xFF,0x01,0x00,0x90,0xFF,0xFF,0xFF,0x06,0x00,0x00,0x00,0x00,0x00,
    0x98,0x00,0xFF,0xFF,0xFF,0xFF,0x01,0x00,0xDF,0xFF,0xFF,0xFF,0x01,0x00,0x10,0xFF,
    0xFF,0xFF,0x06,0x00,0x00,0x00,0x00,0x00,0x97,0x00,0xFF,0xFF,0xFF,0xFF,0x01,0x00,
    0xDF,0xFF,0xFF,0xFF,0x01,0x00,0x20,0xFF,0xFF,0xFF,0x07,0x00,0x00,0x00,0x00,0x00,
    0x96,0x00,0xFF,0xFF,0xFF,0xFF,0x01,0x00,0xDF,0xFF,0xFF,0xFF,0x01,0x00,0x20,0xFF,
    0xFF,0xFF,0x08,0x00,0x00,0x00,0x00,0x00,0x95,0x00,0xFF,0xFF,0xFF,0xFF,0x01,0x00,
    0xDF,0xFF,0xFF,0xFF,0x01,0x00,0x20,0xFF,0xFF,0xFF,0x09,0x00,0x00,0x00,0x00,0x00,
    0x94,0x00,0xFF,0xFF,0xFF,0xFF,0x01,0x00,0xDF,0xFF,0xFF,0xFF,0x01,0x00,0x20,0xFF,
    0xFF,0xFF,0x0A,0x00,0x00,0x00,0x00,0x00,0x93,0x00,0xFF,0xFF,0xFF,0xFF,0x01,0x00,
    0xAF,0xFF,0xFF,0xFF,0x01,0x00,0x10,0xFF,0xFF,0xFF,0x0B,0x00,0x00,0x00,0x00,0x00,
    0x91,0x00,0xFF,0xFF,0xFF,0xFF,0x01,0x00,0xEF,0xFF,0xFF,0xFF,0x01,0x00,0x70,0xFF,
    0xFF,0xFF,0x0D,0x00,0x00,0x00,0x00,0x00,0x90,0x00,0xFF,0xFF,0xFF,0xFF,0x01,0x00,
    0xC0,0xFF,0xFF,0xFF,0x01,0x00,0x20,0xFF,0xFF,0xFF,0x0E,0x00,0x00,0x00,0x00,0x00,
    0x8E,0x00,0xFF,0xFF,0xFF,0xFF,0x01,0x00,0xDF,0xFF,0xFF,0xFF,0x01,0x00,0x50,0xFF,
    0xFF,0xFF,0x10,0x00,0x00,0x00,0x00,0x00,0x8C,0x00,0xFF,0xFF,0xFF,0xFF,0x01,0x00,
    0xC0,0xFF,0xFF,0xFF,0x01,0x00,0x60,0xFF,0xFF,0xFF,0x12,0x00,0x00,0x00,0x00,0x00,
    0x89,0x00,0xFF,0xFF,0xFF,0xFF,0x01,0x00,0xEF,0xFF,0xFF,0xFF,0x01,0x00,0x90,0xFF,
    0xFF,0xFF,0x01,0x00,0x40,0xFF,0xFF,0xFF,0x14,0x00,0x00,0x00,0x00,0x00,0x85,0x00,
    0xFF,0xFF,0xFF,0xFF,0x01,0x00,0xE0,0xFF,0xFF,0xFF,0x01,0x00,0xA0,0xFF,0xFF,0xFF,
    0x01,0x00,0x70,0xFF,0xFF,0xFF,0x01,0x00,0x30,0xFF,0xFF,0xFF,0x17,0x00,0x00,0x00,
    0x00,0x00,0x81,0x00,0x60,0xFF,0xFF,0xFF,0x01,0x00,0x50,0xFF,0xFF,0xFF,0x01,0x00,
    0x40,0xFF,0xFF,0xFF,0x01,0x00,0x20,0xFF,0xFF,0xFF,0x1C,0x00,0x00,0x00,0x00,0x00,
};

leImage figmaImg_imgHome =
{
    {
        LE_STREAM_LOCATION_ID_INTERNAL, // data location id
        (void*)figmaImg_imgHome_data, // data variable pointer
        2144, // data size
    },
    LE_IMAGE_FORMAT_RLE,
    {
        LE_COLOR_MODE_RGBA_8888,
        {
            160,
            134
        },
        21440,
        2144,
        (void*)figmaImg_imgHome_data, // data variable pointer
        0, // flags
    },
    0, // image flags
    {
        0x0, // color mask
    },
    NULL, // alpha mask
    NULL, // palette
};

/*********************************
 * Legato Image Asset
 * Name:   figmaImg_imgWifi
 * Size:   160x134 pixels
 * Mode:   RGBA_8888
 ***********************************/

const uint8_t figmaImg_imgWifi_data[2696] =
{
    0x02,0x04,0x82,0x00,0xFF,0xFF,0xFF,0xFF,0x01,0x00,0xDF,0xFF,0xFF,0xFF,0x01,0x00,
    0xCF,0xFF,0xFF,0xFF,0x01,0x00,0xAF,0xFF,0xFF,0xFF,0x01,0x00,0x80,0xFF,0xFF,0xFF,
    0x01,0x00,0x50,0xFF,0xFF,0xFF,0x01,0x00,0x20,0xFF,0xFF,0xFF,0x18,0x00,0x00,0x00,
    0x00,0x00,0x88,0x00,0xFF,0xFF,0xFF,0xFF,0x01,0x00,0xDF,0xFF,0xFF,0xFF,0x01,0x00,
    0x9F,0xFF,0xFF,0xFF,0x01,0x00,0x40,0xFF,0xFF,0xFF,0x15,0x00,0x00,0x00,0x00,0x00,
    0x8B,0x00,0xFF,0xFF,0xFF,0xFF,0x01,0x00,0xDF,0xFF,0xFF,0xFF,0x01,0x00,0x60,0xFF,
    0xFF,0xFF,0x01,0x00,0x20,0xFF,0xFF,0xFF,0x12,0x00,0x00,0x00,0x00,0x00,0x8D,0x00,
    0xFF,0xFF,0xFF,0xFF,0x01,0x00,0xEF,0xFF,0xFF,0xFF,0x01,0x00,0x8F,0xFF,0xFF,0xFF,
    0x01,0x00,0x20,0xFF,0xFF,0xFF,0x10,0x00,0x00,0x00,0x00,0x00,0x8F,0x00,0xFF,0xFF,
    0xFF,0xFF,0x01,0x00,0xDF,0xFF,0xFF,0xFF,0x01,0x00,0x60,0xFF,0xFF,0xFF,0x0F,0x00,
    0x00,0x00,0x00,0x00,0x91,0x00,0xFF,0xFF,0xFF,0xFF,0x01,0x00,0xDF,0xFF,0xFF,0xFF,
    0x01,0x00,0x20,0xFF,0xFF,0xFF,0x0D,0x00,0x00,0x00,0x00,0x00,0x92,0x00,0xFF,0xFF,
    0xFF,0xFF,0x01,0x00,0xEF,0xFF,0xFF,0xFF,0x01,0x00,0x70,0xFF,0xFF,0xFF,0x0C,0x00,
    0x00,0x00,0x00,0x00,0x94,0x00,0xFF,0xFF,0xFF,0xFF,0x01,0x00,0x7F,0xFF,0xFF,0xFF,
    0x0B,0x00,0x00,0x00,0x00,0x00,0x95,0x00,0xFF,0xFF,0xFF,0xFF,0x01,0x00,0x9F,0xFF,
    0xFF,0xFF,0x0A,0x00,0x00,0x00,0x00,0x00,0x96,0x00,0xFF,0xFF,0xFF,0xFF,0x01,0x00,
    0xCF,0xFF,0xFF,0xFF,0x09,0x00,0x00,0x00,0x00,0x00,0x97,0x00,0xFF,0xFF,0xFF,0xFF,
    0x01,0x00,0x9F,0xFF,0xFF,0xFF,0x08,0x00,0x00,0x00,0x00,0x00,0x98,0x00,0xFF,0xFF,
    0xFF,0xFF,0x01,0x00,0x8F,0xFF,0xFF,0xFF,0x07,0x00,0x00,0x00,0x00,0x00,0x99,0x00,
    0xFF,0xFF,0xFF,0xFF,0x01,0x00,0x70,0xFF,0xFF,0xFF,0x06,0x00,0x00,0x00,0x00,0x00,
    0x99,0x00,0xFF,0xFF,0xFF,0xFF,0x01,0x00,0xEF,0xFF,0xFF,0xFF,0x01,0x00,0x20,0xFF,
    0xFF,0xFF,0x05,0x00,0x00,0x00,0x00,0x00,0x9A,0x00,0xFF,0xFF,0xFF,0xFF,0x01,0x00,
    0xBF,0xFF,0xFF,0xFF,0x05,0x00,0x00,0x00,0x00,0x00,0x9B,0x00,0xFF,0xFF,0xFF,0xFF,
    0x01,0x00,0x70,0xFF,0xFF,0xFF,0x04,0x00,0x00,0x00,0x00,0x00,0x9B,0x00,0xFF,0xFF,
    0xFF,0xFF,0x01,0x00,0xEF,0xFF,0xFF,0xFF,0x01,0x00,0x10,0xFF,0xFF,0xFF,0x03,0x00,
    0x00,0x00,0x00,0x00,0x9C,0x00,0xFF,0xFF,0xFF,0xFF,0x01,0x00,0x80,0xFF,0xFF,0xFF,
    0x03,0x00,0x00,0x00,0x00,0x00,0x9C,0x00,0xFF,0xFF,0xFF,0xFF,0x01,0x00,0xEF,0xFF,
    0xFF,0xFF,0x01,0x00,0x10,0xFF,0xFF,0xFF,0x02,0x00,0x00,0x00,0x00,0x00,0x9D,0x00,
    0xFF,0xFF,0xFF,0xFF,0x01,0x00,0x80,0xFF,0xFF,0xFF,0x02,0x00,0x00,0x00,0x00,0x00,
    0x9D,0x00,0xFF,0xFF,0xFF,0xFF,0x01,0x00,0xEF,0xFF,0xFF,0xFF,0x02,0x00,0x00,0x00,
    0x00,0x00,0x9E,0x00,0xFF,0xFF,0xFF,0xFF,0x01,0x00,0x40,0xFF,0xFF,0xFF,0x01,0x00,
    0x00,0x00,0x00,0x00,0x9E,0x00,0xFF,0xFF,0xFF,0xFF,0x01,0x00,0x90,0xFF,0xFF,0xFF,
    0x01,0x00,0x00,0x00,0x00,0x00,0x9E,0x00,0xFF,0xFF,0xFF,0xFF,0x01,0x00,0xDF,0xFF,
    0xFF,0xFF,0x01,0x00,0x00,0x00,0x00,0x00,0x9F,0x00,0xFF,0xFF,0xFF,0xFF,0x01,0x00,
    0x20,0xFF,0xFF,0xFF,0x9F,0x00,0xFF,0xFF,0xFF,0xFF,0x01,0x00,0x60,0xFF,0xFF,0xFF,
    0x9F,0x00,0xFF,0xFF,0xFF,0xFF,0x01,0x00,0x90,0xFF,0xFF,0xFF,0x9F,0x00,0xFF,0xFF,
    0xFF,0xFF,0x01,0x00,0xB0,0xFF,0xFF,0xFF,0x9F,0x00,0xFF,0xFF,0xFF,0xFF,0x01,0x00,
    0xCF,0xFF,0xFF,0xFF,0x9F,0x00,0xFF,0xFF,0xFF,0xFF,0x01,0x00,0xDF,0xFF,0xFF,0xFF,
    0x0A,0x0E,0xFF,0xFF,0xFF,0xFF,0x01,0x00,0xFF,0xF6,0xF6,0xF6,0x01,0x00,0xFF,0xE4,
    0xE4,0xE4,0x01,0x00,0xFF,0xDF,0xDF,0xDF,0x01,0x00,0xFF,0xD7,0xD7,0xD7,0x04,0x00,
    0xFF,0xD2,0xD2,0xD2,0x01,0x00,0xFF,0xD7,0xD7,0xD7,0x01,0x00,0xFF,0xDB,0xDB,0xDB,
    0x01,0x00,0xFF,0xE9,0xE9,0xE9,0x01,0x00,0xFF,0xF2,0xF2,0xF2,0x90,0x00,0xFF,0xFF,
    0xFF,0xFF,0x01,0x00,0xFF,0xFB,0xFB,0xFB,0x01,0x00,0xFF,0xDF,0xDF,0xDF,0x01,0x00,
    0xFF,0xCE,0xCE,0xCE,0x01,0x00,0xFF,0xBB,0xBB,0xBB,0x0C,0x00,0xFF,0xB7,0xB7,0xB7,
    0x01,0x00,0xFF,0xBB,0xBB,0xBB,0x01,0x00,0xFF,0xCE,0xCE,0xCE,0x01,0x00,0xFF,0xE4,
    0xE4,0xE4,0x01,0x00,0xFF,0xF6,0xF6,0xF6,0x8A,0x00,0xFF,0xFF,0xFF,0xFF,0x01,0x00,
    0xFF,0xED,0xED,0xED,0x01,0x00,0xFF,0xC9,0xC9,0xC9,0x14,0x00,0xFF,0xB7,0xB7,0xB7,
    0x01,0x00,0xFF,0xD2,0xD2,0xD2,0x01,0x00,0xFF,0xED,0xED,0xED,0x86,0x00,0xFF,0xFF,
    0xFF,0xFF,0x01,0x00,0xFF,0xED,0xED,0xED,0x01,0x00,0xFF,0xC9,0xC9,0xC9,0x18,0x00,
    0xFF,0xB7,0xB7,0xB7,0x01,0x00,0xFF,0xC5,0xC5,0xC5,0x01,0x00,0xFF,0xED,0xED,0xED,
    0x82,0x00,0xFF,0xFF,0xFF,0xFF,0x01,0x00,0xFF,0xF6,0xF6,0xF6,0x01,0x00,0xFF,0xC9,
    0xC9,0xC9,0x1C,0x00,0xFF,0xB7,0xB7,0xB7,0x01,0x00,0xFF,0xD2,0xD2,0xD2,0x01,0x00,
    0xFF,0xF6,0xF6,0xF6,0x7F,0x00,0xFF,0xFF,0xFF,0xFF,0x01,0x00,0xFF,0xDF,0xDF,0xDF,
    0x01,0x00,0xFF,0xBB,0xBB,0xBB,0x09,0x00,0xFF,0xB7,0xB7,0xB7,0x01,0x00,0xFF,0xBB,
    0xBB,0xBB,0x01,0x00,0xFF,0xC9,0xC9,0xC9,0x01,0x00,0xFF,0xD7,0xD7,0xD7,0x01,0x00,
    0xFF,0xDF,0xDF,0xDF,0x04,0x00,0xFF,0xE4,0xE4,0xE4,0x01,0x00,0xFF,0xDB,0xDB,0xDB,
    0x01,0x00,0xFF,0xD7,0xD7,0xD7,0x01,0x00,0xFF,0xC9,0xC9,0xC9,0x01,0x00,0xFF,0xBB,
    0xBB,0xBB,0x09,0x00,0xFF,0xB7,0xB7,0xB7,0x01,0x00,0xFF,0xC0,0xC0,0xC0,0x01,0x00,
    0xFF,0xE4,0xE4,0xE4,0x7D,0x00,0xFF,0xFF,0xFF,0xFF,0x01,0x00,0xFF,0xD6,0xD6,0xD6,
    0x08,0x00,0xFF,0xB7,0xB7,0xB7,0x01,0x00,0xFF,0xBB,0xBB,0xBB,0x01,0x00,0xFF,0xD7,
    0xD7,0xD7,0x01,0x00,0xFF,0xED,0xED,0xED,0x0C,0x00,0xFF,0xFF,0xFF,0xFF,0x01,0x00,
    0xFF,0xED,0xED,0xED,0x01,0x00,0xFF,0xD2,0xD2,0xD2,0x01,0x00,0xFF,0xC0,0xC0,0xC0,
    0x08,0x00,0xFF,0xB7,0xB7,0xB7,0x01,0x00,0xFF,0xD7,0xD7,0xD7,0x7A,0x00,0xFF,0xFF,
    0xFF,0xFF,0x01,0x00,0xFF,0xFB,0xFB,0xFB,0x01,0x00,0xFF,0xC9,0xC9,0xC9,0x07,0x00,
    0xFF,0xB7,0xB7,0xB7,0x01,0x00,0xFF,0xC9,0xC9,0xC9,0x01,0x00,0xFF,0xED,0xED,0xED,
    0x12,0x00,0xFF,0xFF,0xFF,0xFF,0x01,0x00,0xFF,0xE4,0xE4,0xE4,0x01,0x00,0xFF,0xC0,
    0xC0,0xC0,0x07,0x00,0xFF,0xB7,0xB7,0xB7,0x01,0x00,0xFF,0xC5,0xC5,0xC5,0x01,0x00,
    0xFF,0xFB,0xFB,0xFB,0x78,0x00,0xFF,0xFF,0xFF,0xFF,0x01,0x00,0xFF,0xC9,0xC9,0xC9,
    0x06,0x00,0xFF,0xB7,0xB7,0xB7,0x01,0x00,0xFF,0xC0,0xC0,0xC0,0x01,0x00,0xFF,0xE4,
    0xE4,0xE4,0x16,0x00,0xFF,0xFF,0xFF,0xFF,0x01,0x00,0xFF,0xE4,0xE4,0xE4,0x01,0x00,
    0xFF,0xC0,0xC0,0xC0,0x06,0x00,0xFF,0xB7,0xB7,0xB7,0x01,0x00,0xFF,0xC9,0xC9,0xC9,
    0x78,0x00,0xFF,0xFF,0xFF,0xFF,0x01,0x00,0xFF,0xF1,0xF1,0xF1,0x01,0x00,0xFF,0xBB,
    0xBB,0xBB,0x04,0x00,0xFF,0xB7,0xB7,0xB7,0x01,0x00,0xFF,0xD7,0xD7,0xD7,0x01,0x00,
    0xFF,0xFB,0xFB,0xFB,0x18,0x00,0xFF,0xFF,0xFF,0xFF,0x01,0x00,0xFF,0xF6,0xF6,0xF6,
    0x01,0x00,0xFF,0xD2,0xD2,0xD2,0x04,0x00,0xFF,0xB7,0xB7,0xB7,0x01,0x00,0xFF,0xBB,
    0xBB,0xBB,0x01,0x00,0xFF,0xF1,0xF1,0xF1,0x79,0x00,0xFF,0xFF,0xFF,0xFF,0x01,0x00,
    0xFF,0xF1,0xF1,0xF1,0x01,0x00,0xFF,0xBB,0xBB,0xBB,0x02,0x00,0xFF,0xB7,0xB7,0xB7,
    0x01,0x00,0xFF,0xE0,0xE0,0xE0,0x09,0x00,0xFF,0xFF,0xFF,0xFF,0x01,0x00,0xFF,0xF6,
    0xF6,0xF6,0x01,0x00,0xFF,0xE4,0xE4,0xE4,0x01,0x00,0xFF,0xDB,0xDB,0xDB,0x04,0x00,
    0xFF,0xD2,0xD2,0xD2,0x01,0x00,0xFF,0xDB,0xDB,0xDB,0x01,0x00,0xFF,0xE9,0xE9,0xE9,
    0x01,0x00,0xFF,0xF6,0xF6,0xF6,0x09,0x00,0xFF,0xFF,0xFF,0xFF,0x01,0x00,0xFF,0xDF,
    0xDF,0xDF,0x02,0x00,0xFF,0xB7,0xB7,0xB7,0x01,0x00,0xFF,0xBB,0xBB,0xBB,0x01,0x00,
    0xFF,0xF1,0xF1,0xF1,0x7B,0x00,0xFF,0xFF,0xFF,0xFF,0x01,0x00,0xFF,0xF1,0xF1,0xF1,
    0x01,0x00,0xFF,0xC0,0xC0,0xC0,0x01,0x00,0xFF,0xF1,0xF1,0xF1,0x07,0x00,0xFF,0xFF,
    0xFF,0xFF,0x01,0x00,0xFF,0xFB,0xFB,0xFB,0x01,0x00,0xFF,0xDB,0xDB,0xDB,0x01,0x00,
    0xFF,0xC0,0xC0,0xC0,0x0A,0x00,0xFF,0xB7,0xB7,0xB7,0x01,0x00,0xFF,0xC5,0xC5,0xC5,
    0x01,0x00,0xFF,0xE4,0xE4,0xE4,0x01,0x00,0xFF,0xF6,0xF6,0xF6,0x07,0x00,0xFF,0xFF,
    0xFF,0xFF,0x01,0x00,0xFF,0xF1,0xF1,0xF1,0x01,0x00,0xFF,0xC0,0xC0,0xC0,0x01,0x00,
    0xFF,0xF1,0xF1,0xF1,0x84,0x00,0xFF,0xFF,0xFF,0xFF,0x01,0x00,0xFF,0xFB,0xFB,0xFB,
    0x01,0x00,0xFF,0xDB,0xDB,0xDB,0x01,0x00,0xFF,0xBB,0xBB,0xBB,0x0F,0x00,0xFF,0xB7,
    0xB7,0xB7,0x01,0x00,0xFF,0xD7,0xD7,0xD7,0x01,0x00,0xFF,0xF6,0xF6,0xF6,0x8B,0x00,
    0xFF,0xFF,0xFF,0xFF,0x01,0x00,0xFF,0xDF,0xDF,0xDF,0x01,0x00,0xFF,0xBB,0xBB,0xBB,
    0x12,0x00,0xFF,0xB7,0xB7,0xB7,0x01,0x00,0xFF,0xC0,0xC0,0xC0,0x01,0x00,0xFF,0xE4,
    0xE4,0xE4,0x89,0x00,0xFF,0xFF,0xFF,0xFF,0x01,0x00,0xFF,0xD6,0xD6,0xD6,0x16,0x00,
    0xFF,0xB7,0xB7,0xB7,0x01,0x00,0xFF,0xDB,0xDB,0xDB,0x87,0x00,0xFF,0xFF,0xFF,0xFF,
    0x01,0x00,0xFF,0xDB,0xDB,0xDB,0x08,0x00,0xFF,0xB7,0xB7,0xB7,0x01,0x00,0xFF,0xC9,
    0xC9,0xC9,0x01,0x00,0xFF,0xD7,0xD7,0xD7,0x03,0x00,0xFF,0xE4,0xE4,0xE4,0x01,0x00,
    0xFF,0xDF,0xDF,0xDF,0x01,0x00,0xFF,0xD7,0xD7,0xD7,0x01,0x00,0xFF,0xC9,0xC9,0xC9,
    0x08,0x00,0xFF,0xB7,0xB7,0xB7,0x01,0x00,0xFF,0xD7,0xD7,0xD7,0x86,0x00,0xFF,0xFF,
    0xFF,0xFF,0x01,0x00,0xFF,0xF6,0xF6,0xF6,0x01,0x00,0xFF,0xC0,0xC0,0xC0,0x04,0x00,
    0xFF,0xB7,0xB7,0xB7,0x01,0x00,0xFF,0xBB,0xBB,0xBB,0x01,0x00,0xFF,0xDB,0xDB,0xDB,
    0x01,0x00,0xFF,0xFB,0xFB,0xFB,0x08,0x00,0xFF,0xFF,0xFF,0xFF,0x01,0x00,0xFF,0xF6,
    0xF6,0xF6,0x01,0x00,0xFF,0xD2,0xD2,0xD2,0x01,0x00,0xFF,0xC0,0xC0,0xC0,0x04,0x00,
    0xFF,0xB7,0xB7,0xB7,0x01,0x00,0xFF,0xBB,0xBB,0xBB,0x01,0x00,0xFF,0xF1,0xF1,0xF1,
    0x87,0x00,0xFF,0xFF,0xFF,0xFF,0x01,0x00,0xFF,0xF6,0xF6,0xF6,0x01,0x00,0xFF,0xBB,
    0xBB,0xBB,0x02,0x00,0xFF,0xB7,0xB7,0xB7,0x01,0x00,0xFF,0xCD,0xCD,0xCD,0x01,0x00,
    0xFF,0xFB,0xFB,0xFB,0x0C,0x00,0xFF,0xFF,0xFF,0xFF,0x01,0x00,0xFF,0xF6,0xF6,0xF6,
    0x01,0x00,0xFF,0xD2,0xD2,0xD2,0x02,0x00,0xFF,0xB7,0xB7,0xB7,0x01,0x00,0xFF,0xBB,
    0xBB,0xBB,0x01,0x00,0xFF,0xF1,0xF1,0xF1,0x89,0x00,0xFF,0xFF,0xFF,0xFF,0x01,0x00,
    0xFF,0xF1,0xF1,0xF1,0x01,0x00,0xFF,0xBB,0xBB,0xBB,0x01,0x00,0xFF,0xE0,0xE0,0xE0,
    0x10,0x00,0xFF,0xFF,0xFF,0xFF,0x01,0x00,0xFF,0xDB,0xDB,0xDB,0x01,0x00,0xFF,0xBB,
    0xBB,0xBB,0x01,0x00,0xFF,0xF1,0xF1,0xF1,0x8B,0x00,0xFF,0xFF,0xFF,0xFF,0x01,0x00,
    0xFF,0xFB,0xFB,0xFB,0x12,0x00,0xFF,0xFF,0xFF,0xFF,0x01,0x00,0xFF,0xFA,0xFA,0xFA,
    0x93,0x00,0xFF,0xFF,0xFF,0xFF,0x01,0x00,0xFF,0xFB,0xFB,0xFB,0x01,0x00,0xFF,0xDF,
    0xDF,0xDF,0x02,0x00,0xFF,0xD2,0xD2,0xD2,0x01,0x00,0xFF,0xE4,0xE4,0xE4,0x9A,0x00,
    0xFF,0xFF,0xFF,0xFF,0x01,0x00,0xFF,0xF6,0xF6,0xF6,0x01,0x00,0xFF,0xC5,0xC5,0xC5,
    0x04,0x00,0xFF,0xB7,0xB7,0xB7,0x01,0x00,0xFF,0xC0,0xC0,0xC0,0x01,0x00,0xFF,0xFB,
    0xFB,0xFB,0x98,0x00,0xFF,0xFF,0xFF,0xFF,0x01,0x00,0xFF,0xD2,0xD2,0xD2,0x06,0x00,
    0xFF,0xB7,0xB7,0xB7,0x01,0x00,0xFF,0xC9,0xC9,0xC9,0x97,0x00,0xFF,0xFF,0xFF,0xFF,
    0x01,0x00,0xFF,0xFA,0xFA,0xFA,0x08,0x00,0xFF,0xB7,0xB7,0xB7,0x01,0x00,0xFF,0xFB,
    0xFB,0xFB,0x96,0x00,0xFF,0xFF,0xFF,0xFF,0x01,0x00,0xFF,0xF6,0xF6,0xF6,0x08,0x00,
    0xFF,0xB7,0xB7,0xB7,0x01,0x00,0xFF,0xF6,0xF6,0xF6,0x96,0x00,0xFF,0xFF,0xFF,0xFF,
    0x01,0x00,0xFF,0xFA,0xFA,0xFA,0x08,0x00,0xFF,0xB7,0xB7,0xB7,0x01,0x00,0xFF,0xFB,
    0xFB,0xFB,0x97,0x00,0xFF,0xFF,0xFF,0xFF,0x01,0x00,0xFF,0xC9,0xC9,0xC9,0x06,0x00,
    0xFF,0xB7,0xB7,0xB7,0x01,0x00,0xFF,0xD2,0xD2,0xD2,0x98,0x00,0xFF,0xFF,0xFF,0xFF,
    0x01,0x00,0xFF,0xFA,0xFA,0xFA,0x01,0x00,0xFF,0xC0,0xC0,0xC0,0x04,0x00,0xFF,0xB7,
    0xB7,0xB7,0x01,0x00,0xFF,0xC5,0xC5,0xC5,0x01,0x00,0xFF,0xF6,0xF6,0xF6,0x9A,0x00,
    0xFF,0xFF,0xFF,0xFF,0x01,0x00,0xFF,0xE4,0xE4,0xE4,0x02,0x00,0xFF,0xD2,0xD2,0xD2,
    0x01,0x00,0xFF,0xDF,0xDF,0xDF,0x01,0x00,0xFF,0xFB,0xFB,0xFB,0xAC,0x0E,0xFF,0xFF,
    0xFF,0xFF,0x01,0x00,0xEF,0xFF,0xFF,0xFF,0x9F,0x00,0xFF,0xFF,0xFF,0xFF,0x01,0x00,
    0xCF,0xFF,0xFF,0xFF,0x9F,0x00,0xFF,0xFF,0xFF,0xFF,0x01,0x00,0xC0,0xFF,0xFF,0xFF,
    0x9F,0x00,0xFF,0xFF,0xFF,0xFF,0x01,0x00,0x90,0xFF,0xFF,0xFF,0x9F,0x00,0xFF,0xFF,
    0xFF,0xFF,0x01,0x00,0x70,0xFF,0xFF,0xFF,0x9F,0x00,0xFF,0xFF,0xFF,0xFF,0x01,0x00,
    0x30,0xFF,0xFF,0xFF,0x9E,0x00,0xFF,0xFF,0xFF,0xFF,0x01,0x00,0xEF,0xFF,0xFF,0xFF,
    0x01,0x00,0x00,0x00,0x00,0x00,0x9E,0x00,0xFF,0xFF,0xFF,0xFF,0x01,0x00,0xB0,0xFF,
    0xFF,0xFF,0x01,0x00,0x00,0x00,0x00,0x00,0x9E,0x00,0xFF,0xFF,0xFF,0xFF,0x01,0x00,
    0x60,0xFF,0xFF,0xFF,0x01,0x00,0x00,0x00,0x00,0x00,0x9D,0x00,0xFF,0xFF,0xFF,0xFF,
    0x01,0x00,0xEF,0xFF,0xFF,0xFF,0x01,0x00,0x10,0xFF,0xFF,0xFF,0x01,0x00,0x00,0x00,
    0x00,0x00,0x9D,0x00,0xFF,0xFF,0xFF,0xFF,0x01,0x00,0x9F,0xFF,0xFF,0xFF,0x02,0x00,
    0x00,0x00,0x00,0x00,0x9D,0x00,0xFF,0xFF,0xFF,0xFF,0x01,0x00,0x20,0xFF,0xFF,0xFF,
    0x02,0x00,0x00,0x00,0x00,0x00,0x9C,0x00,0xFF,0xFF,0xFF,0xFF,0x01,0x00,0x9F,0xFF,
    0xFF,0xFF,0x03,0x00,0x00,0x00,0x00,0x00,0x9C,0x00,0xFF,0xFF,0xFF,0xFF,0x01,0x00,
    0x20,0xFF,0xFF,0xFF,0x03,0x00,0x00,0x00,0x00,0x00,0x9B,0x00,0xFF,0xFF,0xFF,0xFF,
    0x01,0x00,0x9F,0xFF,0xFF,0xFF,0x04,0x00,0x00,0x00,0x00,0x00,0x9A,0x00,0xFF,0xFF,
    0xFF,0xFF,0x01,0x00,0xDF,0xFF,0xFF,0xFF,0x01,0x00,0x20,0xFF,0xFF,0xFF,0x04,0x00,
    0x00,0x00,0x00,0x00,0x9A,0x00,0xFF,0xFF,0xFF,0xFF,0x01,0x00,0x60,0xFF,0xFF,0xFF,
    0x05,0x00,0x00,0x00,0x00,0x00,0x99,0x00,0xFF,0xFF,0xFF,0xFF,0x01,0x00,0x90,0xFF,
    0xFF,0xFF,0x06,0x00,0x00,0x00,0x00,0x00,0x98,0x00,0xFF,0xFF,0xFF,0xFF,0x01,0x00,
    0xDF,0xFF,0xFF,0xFF,0x01,0x00,0x10,0xFF,0xFF,0xFF,0x06,0x00,0x00,0x00,0x00,0x00,
    0x97,0x00,0xFF,0xFF,0xFF,0xFF,0x01,0x00,0xDF,0xFF,0xFF,0xFF,0x01,0x00,0x20,0xFF,
    0xFF,0xFF,0x07,0x00,0x00,0x00,0x00,0x00,0x96,0x00,0xFF,0xFF,0xFF,0xFF,0x01,0x00,
    0xDF,0xFF,0xFF,0xFF,0x01,0x00,0x20,0xFF,0xFF,0xFF,0x08,0x00,0x00,0x00,0x00,0x00,
    0x95,0x00,0xFF,0xFF,0xFF,0xFF,0x01,0x00,0xDF,0xFF,0xFF,0xFF,0x01,0x00,0x20,0xFF,
    0xFF,0xFF,0x09,0x00,0x00,0x00,0x00,0x00,0x94,0x00,0xFF,0xFF,0xFF,0xFF,0x01,0x00,
    0xDF,0xFF,0xFF,0xFF,0x01,0x00,0x20,0xFF,0xFF,0xFF,0x0A,0x00,0x00,0x00,0x00,0x00,
    0x93,0x00,0xFF,0xFF,0xFF,0xFF,0x01,0x00,0xAF,0xFF,0xFF,0xFF,0x01,0x00,0x10,0xFF,
    0xFF,0xFF,0x0B,0x00,0x00,0x00,0x00,0x00,0x91,0x00,0xFF,0xFF,0xFF,0xFF,0x01,0x00,
    0xEF,0xFF,0xFF,0xFF,0x01,0x00,0x70,0xFF,0xFF,0xFF,0x0D,0x00,0x00,0x00,0x00,0x00,
    0x90,0x00,0xFF,0xFF,0xFF,0xFF,0x01,0x00,0xC0,0xFF,0xFF,0xFF,0x01,0x00,0x20,0xFF,
    0xFF,0xFF,0x0E,0x00,0x00,0x00,0x00,0x00,0x8E,0x00,0xFF,0xFF,0xFF,0xFF,0x01,0x00,
    0xDF,0xFF,0xFF,0xFF,0x01,0x00,0x50,0xFF,0xFF,0xFF,0x10,0x00,0x00,0x00,0x00,0x00,
    0x8C,0x00,0xFF,0xFF,0xFF,0xFF,0x01,0x00,0xC0,0xFF,0xFF,0xFF,0x01,0x00,0x60,0xFF,
    0xFF,0xFF,0x12,0x00,0x00,0x00,0x00,0x00,0x89,0x00,0xFF,0xFF,0xFF,0xFF,0x01,0x00,
    0xEF,0xFF,0xFF,0xFF,0x01,0x00,0x90,0xFF,0xFF,0xFF,0x01,0x00,0x40,0xFF,0xFF,0xFF,
    0x14,0x00,0x00,0x00,0x00,0x00,0x85,0x00,0xFF,0xFF,0xFF,0xFF,0x01,0x00,0xE0,0xFF,
    0xFF,0xFF,0x01,0x00,0xA0,0xFF,0xFF,0xFF,0x01,0x00,0x70,0xFF,0xFF,0xFF,0x01,0x00,
    0x30,0xFF,0xFF,0xFF,0x17,0x00,0x00,0x00,0x00,0x00,0x81,0x00,0x60,0xFF,0xFF,0xFF,
    0x01,0x00,0x50,0xFF,0xFF,0xFF,0x01,0x00,0x40,0xFF,0xFF,0xFF,0x01,0x00,0x20,0xFF,
    0xFF,0xFF,0x1C,0x00,0x00,0x00,0x00,0x00,
};

leImage figmaImg_imgWifi =
{
    {
        LE_STREAM_LOCATION_ID_INTERNAL, // data location id
        (void*)figmaImg_imgWifi_data, // data variable pointer
        2696, // data size
    },
    LE_IMAGE_FORMAT_RLE,
    {
        LE_COLOR_MODE_RGBA_8888,
        {
            160,
            134
        },
        21440,
        2696,
        (void*)figmaImg_imgWifi_data, // data variable pointer
        0, // flags
    },
    0, // image flags
    {
        0x0, // color mask
    },
    NULL, // alpha mask
    NULL, // palette
};

/*********************************
 * Legato Image Asset
 * Name:   figmaImg_imgQRCode
 * Size:   239x239 pixels
 * Mode:   RGBA_8888
 ***********************************/

const uint8_t figmaImg_imgQRCode_data[35227] =
{
    0x01,0x04,0x39,0xFF,0x66,0x66,0x66,0x01,0xC0,0x65,0x65,0x65,0x20,0x00,0x00,0x00,
    0x00,0x01,0x60,0x65,0x65,0x65,0x28,0xFF,0x66,0x66,0x66,0x01,0xDF,0x66,0x66,0x66,
    0x10,0x00,0x00,0x00,0x00,0x01,0xA0,0x66,0x66,0x66,0x0F,0xFF,0x66,0x66,0x66,0x01,
    0xDF,0x66,0x66,0x66,0x10,0x00,0x00,0x00,0x00,0x01,0xBF,0x67,0x67,0x67,0x72,0xFF,
    0x66,0x66,0x66,0x01,0xC0,0x65,0x65,0x65,0x20,0x00,0x00,0x00,0x00,0x01,0x60,0x65,
    0x65,0x65,0x28,0xFF,0x66,0x66,0x66,0x01,0xDF,0x66,0x66,0x66,0x10,0x00,0x00,0x00,
    0x00,0x01,0xA0,0x66,0x66,0x66,0x0F,0xFF,0x66,0x66,0x66,0x01,0xDF,0x66,0x66,0x66,
    0x10,0x00,0x00,0x00,0x00,0x01,0xBF,0x67,0x67,0x67,0x72,0xFF,0x66,0x66,0x66,0x01,
    0xC0,0x65,0x65,0x65,0x20,0x00,0x00,0x00,0x00,0x01,0x60,0x65,0x65,0x65,0x28,0xFF,
    0x66,0x66,0x66,0x01,0xDF,0x66,0x66,0x66,0x10,0x00,0x00,0x00,0x00,0x01,0xA0,0x66,
    0x66,0x66,0x0F,0xFF,0x66,0x66,0x66,0x01,0xDF,0x66,0x66,0x66,0x10,0x00,0x00,0x00,
    0x00,0x01,0xBF,0x67,0x67,0x67,0x72,0xFF,0x66,0x66,0x66,0x01,0xC0,0x65,0x65,0x65,
    0x20,0x00,0x00,0x00,0x00,0x01,0x60,0x65,0x65,0x65,0x28,0xFF,0x66,0x66,0x66,0x01,
    0xDF,0x66,0x66,0x66,0x10,0x00,0x00,0x00,0x00,0x01,0xA0,0x66,0x66,0x66,0x0F,0xFF,
    0x66,0x66,0x66,0x01,0xDF,0x66,0x66,0x66,0x10,0x00,0x00,0x00,0x00,0x01,0xBF,0x67,
    0x67,0x67,0x72,0xFF,0x66,0x66,0x66,0x01,0xC0,0x65,0x65,0x65,0x20,0x00,0x00,0x00,
    0x00,0x01,0x60,0x65,0x65,0x65,0x28,0xFF,0x66,0x66,0x66,0x01,0xDF,0x66,0x66,0x66,
    0x10,0x00,0x00,0x00,0x00,0x01,0xA0,0x66,0x66,0x66,0x0F,0xFF,0x66,0x66,0x66,0x01,
    0xDF,0x66,0x66,0x66,0x10,0x00,0x00,0x00,0x00,0x01,0xBF,0x67,0x67,0x67,0x72,0xFF,
    0x66,0x66,0x66,0x01,0xC0,0x65,0x65,0x65,0x20,0x00,0x00,0x00,0x00,0x01,0x60,0x65,
    0x65,0x65,0x28,0xFF,0x66,0x66,0x66,0x01,0xDF,0x66,0x66,0x66,0x10,0x00,0x00,0x00,
    0x00,0x01,0xA0,0x66,0x66,0x66,0x0F,0xFF,0x66,0x66,0x66,0x01,0xDF,0x66,0x66,0x66,
    0x10,0x00,0x00,0x00,0x00,0x01,0xBF,0x67,0x67,0x67,0x72,0xFF,0x66,0x66,0x66,0x01,
    0xC0,0x65,0x65,0x65,0x20,0x00,0x00,0x00,0x00,0x01,0x60,0x65,0x65,0x65,0x28,0xFF,
    0x66,0x66,0x66,0x01,0xDF,0x66,0x66,0x66,0x10,0x00,0x00,0x00,0x00,0x01,0xA0,0x66,
    0x66,0x66,0x0F,0xFF,0x66,0x66,0x66,0x01,0xDF,0x66,0x66,0x66,0x10,0x00,0x00,0x00,
    0x00,0x01,0xBF,0x67,0x67,0x67,0x72,0xFF,0x66,0x66,0x66,0x01,0xC0,0x65,0x65,0x65,
    0x20,0x00,0x00,0x00,0x00,0x01,0x60,0x65,0x65,0x65,0x28,0xFF,0x66,0x66,0x66,0x01,
    0xDF,0x66,0x66,0x66,0x10,0x00,0x00,0x00,0x00,0x01,0xA0,0x66,0x66,0x66,0x0F,0xFF,
    0x66,0x66,0x66,0x01,0xDF,0x66,0x66,0x66,0x10,0x00,0x00,0x00,0x00,0x01,0xBF,0x67,
    0x67,0x67,0x41,0xFF,0x66,0x66,0x66,0x01,0x70,0x64,0x64,0x64,0x28,0x40,0x68,0x68,
    0x68,0x01,0xA0,0x66,0x66,0x66,0x07,0xFF,0x66,0x66,0x66,0x01,0xC0,0x65,0x65,0x65,
    0x18,0x00,0x00,0x00,0x00,0x01,0x70,0x64,0x64,0x64,0x07,0xBF,0x65,0x65,0x65,0x01,
    0xDF,0x66,0x66,0x66,0x07,0xFF,0x66,0x66,0x66,0x01,0xEF,0x65,0x65,0x65,0x08,0x40,
    0x68,0x68,0x68,0x01,0xE0,0x65,0x65,0x65,0x07,0xFF,0x66,0x66,0x66,0x01,0x90,0x67,
    0x67,0x67,0x07,0x40,0x68,0x68,0x68,0x01,0x80,0x66,0x66,0x66,0x07,0xFF,0x66,0x66,
    0x66,0x01,0xDF,0x66,0x66,0x66,0x08,0x00,0x00,0x00,0x00,0x01,0x9F,0x67,0x67,0x67,
    0x07,0xBF,0x65,0x65,0x65,0x01,0x80,0x66,0x66,0x66,0x10,0x40,0x68,0x68,0x68,0x08,
    0xBF,0x65,0x65,0x65,0x01,0x20,0x68,0x68,0x68,0x07,0x00,0x00,0x00,0x00,0x01,0xBF,
    0x67,0x67,0x67,0x07,0xFF,0x66,0x66,0x66,0x01,0xA0,0x66,0x66,0x66,0x28,0x40,0x68,
    0x68,0x68,0x01,0x70,0x66,0x66,0x66,0x10,0xFF,0x66,0x66,0x66,0x01,0x40,0x64,0x64,
    0x64,0x28,0x00,0x00,0x00,0x00,0x01,0x80,0x66,0x66,0x66,0x07,0xFF,0x66,0x66,0x66,
    0x01,0xC0,0x65,0x65,0x65,0x18,0x00,0x00,0x00,0x00,0x01,0xA0,0x66,0x66,0x66,0x0F,
    0xFF,0x66,0x66,0x66,0x01,0xDF,0x66,0x66,0x66,0x08,0x00,0x00,0x00,0x00,0x01,0xE0,
    0x65,0x65,0x65,0x07,0xFF,0x66,0x66,0x66,0x01,0x60,0x65,0x65,0x65,0x07,0x00,0x00,
    0x00,0x00,0x01,0x60,0x65,0x65,0x65,0x07,0xFF,0x66,0x66,0x66,0x01,0xDF,0x66,0x66,
    0x66,0x08,0x00,0x00,0x00,0x00,0x01,0xE0,0x65,0x65,0x65,0x07,0xFF,0x66,0x66,0x66,
    0x01,0x60,0x65,0x65,0x65,0x0F,0x00,0x00,0x00,0x00,0x01,0x20,0x68,0x68,0x68,0x08,
    0xFF,0x66,0x66,0x66,0x01,0x20,0x68,0x68,0x68,0x07,0x00,0x00,0x00,0x00,0x01,0xBF,
    0x67,0x67,0x67,0x07,0xFF,0x66,0x66,0x66,0x01,0x80,0x66,0x66,0x66,0x28,0x00,0x00,
    0x00,0x00,0x01,0x40,0x68,0x68,0x68,0x10,0xFF,0x66,0x66,0x66,0x01,0x40,0x64,0x64,
    0x64,0x28,0x00,0x00,0x00,0x00,0x01,0x80,0x66,0x66,0x66,0x07,0xFF,0x66,0x66,0x66,
    0x01,0xC0,0x65,0x65,0x65,0x18,0x00,0x00,0x00,0x00,0x01,0xA0,0x66,0x66,0x66,0x0F,
    0xFF,0x66,0x66,0x66,0x01,0xDF,0x66,0x66,0x66,0x08,0x00,0x00,0x00,0x00,0x01,0xE0,
    0x65,0x65,0x65,0x07,0xFF,0x66,0x66,0x66,0x01,0x60,0x65,0x65,0x65,0x07,0x00,0x00,
    0x00,0x00,0x01,0x60,0x65,0x65,0x65,0x07,0xFF,0x66,0x66,0x66,0x01,0xDF,0x66,0x66,
    0x66,0x08,0x00,0x00,0x00,0x00,0x01,0xE0,0x65,0x65,0x65,0x07,0xFF,0x66,0x66,0x66,
    0x01,0x60,0x65,0x65,0x65,0x0F,0x00,0x00,0x00,0x00,0x01,0x20,0x68,0x68,0x68,0x08,
    0xFF,0x66,0x66,0x66,0x01,0x20,0x68,0x68,0x68,0x07,0x00,0x00,0x00,0x00,0x01,0xBF,
    0x67,0x67,0x67,0x07,0xFF,0x66,0x66,0x66,0x01,0x80,0x66,0x66,0x66,0x28,0x00,0x00,
    0x00,0x00,0x01,0x40,0x68,0x68,0x68,0x10,0xFF,0x66,0x66,0x66,0x01,0x40,0x64,0x64,
    0x64,0x28,0x00,0x00,0x00,0x00,0x01,0x80,0x66,0x66,0x66,0x07,0xFF,0x66,0x66,0x66,
    0x01,0xC0,0x65,0x65,0x65,0x18,0x00,0x00,0x00,0x00,0x01,0xA0,0x66,0x66,0x66,0x0F,
    0xFF,0x66,0x66,0x66,0x01,0xDF,0x66,0x66,0x66,0x08,0x00,0x00,0x00,0x00,0x01,0xE0,
    0x65,0x65,0x65,0x07,0xFF,0x66,0x66,0x66,0x01,0x60,0x65,0x65,0x65,0x07,0x00,0x00,
    0x00,0x00,0x01,0x60,0x65,0x65,0x65,0x07,0xFF,0x66,0x66,0x66,0x01,0xDF,0x66,0x66,
    0x66,0x08,0x00,0x00,0x00,0x00,0x01,0xE0,0x65,0x65,0x65,0x07,0xFF,0x66,0x66,0x66,
    0x01,0x60,0x65,0x65,0x65,0x0F,0x00,0x00,0x00,0x00,0x01,0x20,0x68,0x68,0x68,0x08,
    0xFF,0x66,0x66,0x66,0x01,0x20,0x68,0x68,0x68,0x07,0x00,0x00,0x00,0x00,0x01,0xBF,
    0x67,0x67,0x67,0x07,0xFF,0x66,0x66,0x66,0x01,0x80,0x66,0x66,0x66,0x28,0x00,0x00,
    0x00,0x00,0x01,0x40,0x68,0x68,0x68,0x10,0xFF,0x66,0x66,0x66,0x01,0x40,0x64,0x64,
    0x64,0x28,0x00,0x00,0x00,0x00,0x01,0x80,0x66,0x66,0x66,0x07,0xFF,0x66,0x66,0x66,
    0x01,0xC0,0x65,0x65,0x65,0x18,0x00,0x00,0x00,0x00,0x01,0xA0,0x66,0x66,0x66,0x0F,
    0xFF,0x66,0x66,0x66,0x01,0xDF,0x66,0x66,0x66,0x08,0x00,0x00,0x00,0x00,0x01,0xE0,
    0x65,0x65,0x65,0x07,0xFF,0x66,0x66,0x66,0x01,0x60,0x65,0x65,0x65,0x07,0x00,0x00,
    0x00,0x00,0x01,0x60,0x65,0x65,0x65,0x07,0xFF,0x66,0x66,0x66,0x01,0xDF,0x66,0x66,
    0x66,0x08,0x00,0x00,0x00,0x00,0x01,0xE0,0x65,0x65,0x65,0x07,0xFF,0x66,0x66,0x66,
    0x01,0x60,0x65,0x65,0x65,0x0F,0x00,0x00,0x00,0x00,0x01,0x20,0x68,0x68,0x68,0x08,
    0xFF,0x66,0x66,0x66,0x01,0x20,0x68,0x68,0x68,0x07,0x00,0x00,0x00,0x00,0x01,0xBF,
    0x67,0x67,0x67,0x07,0xFF,0x66,0x66,0x66,0x01,0x80,0x66,0x66,0x66,0x28,0x00,0x00,
    0x00,0x00,0x01,0x40,0x68,0x68,0x68,0x10,0xFF,0x66,0x66,0x66,0x01,0x40,0x64,0x64,
    0x64,0x28,0x00,0x00,0x00,0x00,0x01,0x80,0x66,0x66,0x66,0x07,0xFF,0x66,0x66,0x66,
    0x01,0xC0,0x65,0x65,0x65,0x18,0x00,0x00,0x00,0x00,0x01,0xA0,0x66,0x66,0x66,0x0F,
    0xFF,0x66,0x66,0x66,0x01,0xDF,0x66,0x66,0x66,0x08,0x00,0x00,0x00,0x00,0x01,0xE0,
    0x65,0x65,0x65,0x07,0xFF,0x66,0x66,0x66,0x01,0x60,0x65,0x65,0x65,0x07,0x00,0x00,
    0x00,0x00,0x01,0x60,0x65,0x65,0x65,0x07,0xFF,0x66,0x66,0x66,0x01,0xDF,0x66,0x66,
    0x66,0x08,0x00,0x00,0x00,0x00,0x01,0xE0,0x65,0x65,0x65,0x07,0xFF,0x66,0x66,0x66,
    0x01,0x60,0x65,0x65,0x65,0x0F,0x00,0x00,0x00,0x00,0x01,0x20,0x68,0x68,0x68,0x08,
    0xFF,0x66,0x66,0x66,0x01,0x20,0x68,0x68,0x68,0x07,0x00,0x00,0x00,0x00,0x01,0xBF,
    0x67,0x67,0x67,0x07,0xFF,0x66,0x66,0x66,0x01,0x80,0x66,0x66,0x66,0x28,0x00,0x00,
    0x00,0x00,0x01,0x40,0x68,0x68,0x68,0x10,0xFF,0x66,0x66,0x66,0x01,0x40,0x64,0x64,
    0x64,0x28,0x00,0x00,0x00,0x00,0x01,0x80,0x66,0x66,0x66,0x07,0xFF,0x66,0x66,0x66,
    0x01,0xC0,0x65,0x65,0x65,0x18,0x00,0x00,0x00,0x00,0x01,0xA0,0x66,0x66,0x66,0x0F,
    0xFF,0x66,0x66,0x66,0x01,0xDF,0x66,0x66,0x66,0x08,0x00,0x00,0x00,0x00,0x01,0xE0,
    0x65,0x65,0x65,0x07,0xFF,0x66,0x66,0x66,0x01,0x60,0x65,0x65,0x65,0x07,0x00,0x00,
    0x00,0x00,0x01,0x60,0x65,0x65,0x65,0x07,0xFF,0x66,0x66,0x66,0x01,0xDF,0x66,0x66,
    0x66,0x08,0x00,0x00,0x00,0x00,0x01,0xE0,0x65,0x65,0x65,0x07,0xFF,0x66,0x66,0x66,
    0x01,0x60,0x65,0x65,0x65,0x0F,0x00,0x00,0x00,0x00,0x01,0x20,0x68,0x68,0x68,0x08,
    0xFF,0x66,0x66,0x66,0x01,0x20,0x68,0x68,0x68,0x07,0x00,0x00,0x00,0x00,0x01,0xBF,
    0x67,0x67,0x67,0x07,0xFF,0x66,0x66,0x66,0x01,0x80,0x66,0x66,0x66,0x28,0x00,0x00,
    0x00,0x00,0x01,0x40,0x68,0x68,0x68,0x10,0xFF,0x66,0x66,0x66,0x01,0x40,0x64,0x64,
    0x64,0x28,0x00,0x00,0x00,0x00,0x01,0x80,0x66,0x66,0x66,0x07,0xFF,0x66,0x66,0x66,
    0x01,0xC0,0x65,0x65,0x65,0x18,0x00,0x00,0x00,0x00,0x01,0xA0,0x66,0x66,0x66,0x0F,
    0xFF,0x66,0x66,0x66,0x01,0xDF,0x66,0x66,0x66,0x08,0x00,0x00,0x00,0x00,0x01,0xE0,
    0x65,0x65,0x65,0x07,0xFF,0x66,0x66,0x66,0x01,0x60,0x65,0x65,0x65,0x07,0x00,0x00,
    0x00,0x00,0x01,0x60,0x65,0x65,0x65,0x07,0xFF,0x66,0x66,0x66,0x01,0xDF,0x66,0x66,
    0x66,0x08,0x00,0x00,0x00,0x00,0x01,0xE0,0x65,0x65,0x65,0x07,0xFF,0x66,0x66,0x66,
    0x01,0x60,0x65,0x65,0x65,0x0F,0x00,0x00,0x00,0x00,0x01,0x20,0x68,0x68,0x68,0x08,
    0xFF,0x66,0x66,0x66,0x01,0x20,0x68,0x68,0x68,0x07,0x00,0x00,0x00,0x00,0x01,0xBF,
    0x67,0x67,0x67,0x07,0xFF,0x66,0x66,0x66,0x01,0x80,0x66,0x66,0x66,0x28,0x00,0x00,
    0x00,0x00,0x01,0x40,0x68,0x68,0x68,0x10,0xFF,0x66,0x66,0x66,0x01,0x40,0x64,0x64,
    0x64,0x07,0x00,0x00,0x00,0x00,0x01,0x40,0x64,0x64,0x64,0x18,0x80,0x66,0x66,0x66,
    0x01,0x20,0x68,0x68,0x68,0x07,0x00,0x00,0x00,0x00,0x01,0x80,0x66,0x66,0x66,0x07,
    0xFF,0x66,0x66,0x66,0x01,0xC0,0x65,0x65,0x65,0x07,0x00,0x00,0x00,0x00,0x01,0x10,
    0x60,0x60,0x60,0x08,0x80,0x66,0x66,0x66,0x01,0x10,0x60,0x60,0x60,0x07,0x00,0x00,
    0x00,0x00,0x01,0x50,0x66,0x66,0x66,0x07,0x80,0x66,0x66,0x66,0x01,0xAF,0x66,0x66,
    0x66,0x07,0xFF,0x66,0x66,0x66,0x01,0xDF,0x66,0x66,0x66,0x08,0x00,0x00,0x00,0x00,
    0x01,0x70,0x64,0x64,0x64,0x07,0x80,0x66,0x66,0x66,0x01,0x30,0x65,0x65,0x65,0x07,
    0x00,0x00,0x00,0x00,0x01,0x60,0x65,0x65,0x65,0x07,0xFF,0x66,0x66,0x66,0x01,0xEF,
    0x65,0x65,0x65,0x08,0x80,0x66,0x66,0x66,0x01,0xEF,0x65,0x65,0x65,0x07,0xFF,0x66,
    0x66,0x66,0x01,0xAF,0x66,0x66,0x66,0x0F,0x80,0x66,0x66,0x66,0x01,0x90,0x65,0x65,
    0x65,0x08,0xFF,0x66,0x66,0x66,0x01,0x20,0x68,0x68,0x68,0x07,0x00,0x00,0x00,0x00,
    0x01,0xBF,0x67,0x67,0x67,0x07,0xFF,0x66,0x66,0x66,0x01,0x80,0x66,0x66,0x66,0x07,
    0x00,0x00,0x00,0x00,0x01,0x20,0x60,0x60,0x60,0x18,0x80,0x66,0x66,0x66,0x01,0x40,
    0x64,0x64,0x64,0x07,0x00,0x00,0x00,0x00,0x01,0x40,0x68,0x68,0x68,0x10,0xFF,0x66,
    0x66,0x66,0x01,0x40,0x64,0x64,0x64,0x07,0x00,0x00,0x00,0x00,0x01,0x80,0x66,0x66,
    0x66,0x18,0xFF,0x66,0x66,0x66,0x01,0x40,0x64,0x64,0x64,0x07,0x00,0x00,0x00,0x00,
    0x01,0x80,0x66,0x66,0x66,0x07,0xFF,0x66,0x66,0x66,0x01,0xC0,0x65,0x65,0x65,0x07,
    0x00,0x00,0x00,0x00,0x01,0x20,0x68,0x68,0x68,0x08,0xFF,0x66,0x66,0x66,0x01,0x20,
    0x68,0x68,0x68,0x0F,0x00,0x00,0x00,0x00,0x01,0x60,0x65,0x65,0x65,0x07,0xFF,0x66,
    0x66,0x66,0x01,0xDF,0x66,0x66,0x66,0x18,0x00,0x00,0x00,0x00,0x01,0x60,0x65,0x65,
    0x65,0x31,0xFF,0x66,0x66,0x66,0x01,0x20,0x68,0x68,0x68,0x07,0x00,0x00,0x00,0x00,
    0x01,0xBF,0x67,0x67,0x67,0x07,0xFF,0x66,0x66,0x66,0x01,0x80,0x66,0x66,0x66,0x07,
    0x00,0x00,0x00,0x00,0x01,0x40,0x68,0x68,0x68,0x18,0xFF,0x66,0x66,0x66,0x01,0x80,
    0x66,0x66,0x66,0x07,0x00,0x00,0x00,0x00,0x01,0x40,0x68,0x68,0x68,0x10,0xFF,0x66,
    0x66,0x66,0x01,0x40,0x64,0x64,0x64,0x07,0x00,0x00,0x00,0x00,0x01,0x80,0x66,0x66,
    0x66,0x18,0xFF,0x66,0x66,0x66,0x01,0x40,0x64,0x64,0x64,0x07,0x00,0x00,0x00,0x00,
    0x01,0x80,0x66,0x66,0x66,0x07,0xFF,0x66,0x66,0x66,0x01,0xC0,0x65,0x65,0x65,0x07,
    0x00,0x00,0x00,0x00,0x01,0x20,0x68,0x68,0x68,0x08,0xFF,0x66,0x66,0x66,0x01,0x20,
    0x68,0x68,0x68,0x0F,0x00,0x00,0x00,0x00,0x01,0x60,0x65,0x65,0x65,0x07,0xFF,0x66,
    0x66,0x66,0x01,0xDF,0x66,0x66,0x66,0x18,0x00,0x00,0x00,0x00,0x01,0x60,0x65,0x65,
    0x65,0x31,0xFF,0x66,0x66,0x66,0x01,0x20,0x68,0x68,0x68,0x07,0x00,0x00,0x00,0x00,
    0x01,0xBF,0x67,0x67,0x67,0x07,0xFF,0x66,0x66,0x66,0x01,0x80,0x66,0x66,0x66,0x07,
    0x00,0x00,0x00,0x00,0x01,0x40,0x68,0x68,0x68,0x18,0xFF,0x66,0x66,0x66,0x01,0x80,
    0x66,0x66,0x66,0x07,0x00,0x00,0x00,0x00,0x01,0x40,0x68,0x68,0x68,0x10,0xFF,0x66,
    0x66,0x66,0x01,0x40,0x64,0x64,0x64,0x07,0x00,0x00,0x00,0x00,0x01,0x80,0x66,0x66,
    0x66,0x18,0xFF,0x66,0x66,0x66,0x01,0x40,0x64,0x64,0x64,0x07,0x00,0x00,0x00,0x00,
    0x01,0x80,0x66,0x66,0x66,0x07,0xFF,0x66,0x66,0x66,0x01,0xC0,0x65,0x65,0x65,0x07,
    0x00,0x00,0x00,0x00,0x01,0x20,0x68,0x68,0x68,0x08,0xFF,0x66,0x66,0x66,0x01,0x20,
    0x68,0x68,0x68,0x0F,0x00,0x00,0x00,0x00,0x01,0x60,0x65,0x65,0x65,0x07,0xFF,0x66,
    0x66,0x66,0x01,0xDF,0x66,0x66,0x66,0x18,0x00,0x00,0x00,0x00,0x01,0x60,0x65,0x65,
    0x65,0x31,0xFF,0x66,0x66,0x66,0x01,0x20,0x68,0x68,0x68,0x07,0x00,0x00,0x00,0x00,
    0x01,0xBF,0x67,0x67,0x67,0x07,0xFF,0x66,0x66,0x66,0x01,0x80,0x66,0x66,0x66,0x07,
    0x00,0x00,0x00,0x00,0x01,0x40,0x68,0x68,0x68,0x18,0xFF,0x66,0x66,0x66,0x01,0x80,
    0x66,0x66,0x66,0x07,0x00,0x00,0x00,0x00,0x01,0x40,0x68,0x68,0x68,0x10,0xFF,0x66,
    0x66,0x66,0x01,0x40,0x64,0x64,0x64,0x07,0x00,0x00,0x00,0x00,0x01,0x80,0x66,0x66,
    0x66,0x18,0xFF,0x66,0x66,0x66,0x01,0x40,0x64,0x64,0x64,0x07,0x00,0x00,0x00,0x00,
    0x01,0x80,0x66,0x66,0x66,0x07,0xFF,0x66,0x66,0x66,0x01,0xC0,0x65,0x65,0x65,0x07,
    0x00,0x00,0x00,0x00,0x01,0x20,0x68,0x68,0x68,0x08,0xFF,0x66,0x66,0x66,0x01,0x20,
    0x68,0x68,0x68,0x0F,0x00,0x00,0x00,0x00,0x01,0x60,0x65,0x65,0x65,0x07,0xFF,0x66,
    0x66,0x66,0x01,0xDF,0x66,0x66,0x66,0x18,0x00,0x00,0x00,0x00,0x01,0x60,0x65,0x65,
    0x65,0x31,0xFF,0x66,0x66,0x66,0x01,0x20,0x68,0x68,0x68,0x07,0x00,0x00,0x00,0x00,
    0x01,0xBF,0x67,0x67,0x67,0x07,0xFF,0x66,0x66,0x66,0x01,0x80,0x66,0x66,0x66,0x07,
    0x00,0x00,0x00,0x00,0x01,0x40,0x68,0x68,0x68,0x18,0xFF,0x66,0x66,0x66,0x01,0x80,
    0x66,0x66,0x66,0x07,0x00,0x00,0x00,0x00,0x01,0x40,0x68,0x68,0x68,0x10,0xFF,0x66,
    0x66,0x66,0x01,0x40,0x64,0x64,0x64,0x07,0x00,0x00,0x00,0x00,0x01,0x80,0x66,0x66,
    0x66,0x18,0xFF,0x66,0x66,0x66,0x01,0x40,0x64,0x64,0x64,0x07,0x00,0x00,0x00,0x00,
    0x01,0x80,0x66,0x66,0x66,0x07,0xFF,0x66,0x66,0x66,0x01,0xC0,0x65,0x65,0x65,0x07,
    0x00,0x00,0x00,0x00,0x01,0x20,0x68,0x68,0x68,0x08,0xFF,0x66,0x66,0x66,0x01,0x20,
    0x68,0x68,0x68,0x0F,0x00,0x00,0x00,0x00,0x01,0x60,0x65,0x65,0x65,0x07,0xFF,0x66,
    0x66,0x66,0x01,0xDF,0x66,0x66,0x66,0x18,0x00,0x00,0x00,0x00,0x01,0x60,0x65,0x65,
    0x65,0x31,0xFF,0x66,0x66,0x66,0x01,0x20,0x68,0x68,0x68,0x07,0x00,0x00,0x00,0x00,
    0x01,0xBF,0x67,0x67,0x67,0x07,0xFF,0x66,0x66,0x66,0x01,0x80,0x66,0x66,0x66,0x07,
    0x00,0x00,0x00,0x00,0x01,0x40,0x68,0x68,0x68,0x18,0xFF,0x66,0x66,0x66,0x01,0x80,
    0x66,0x66,0x66,0x07,0x00,0x00,0x00,0x00,0x01,0x40,0x68,0x68,0x68,0x10,0xFF,0x66,
    0x66,0x66,0x01,0x40,0x64,0x64,0x64,0x07,0x00,0x00,0x00,0x00,0x01,0x80,0x66,0x66,
    0x66,0x18,0xFF,0x66,0x66,0x66,0x01,0x40,0x64,0x64,0x64,0x07,0x00,0x00,0x00,0x00,
    0x01,0x80,0x66,0x66,0x66,0x07,0xFF,0x66,0x66,0x66,0x01,0xC0,0x65,0x65,0x65,0x07,
    0x00,0x00,0x00,0x00,0x01,0x20,0x68,0x68,0x68,0x08,0xFF,0x66,0x66,0x66,0x01,0x20,
    0x68,0x68,0x68,0x0F,0x00,0x00,0x00,0x00,0x01,0x60,0x65,0x65,0x65,0x07,0xFF,0x66,
    0x66,0x66,0x01,0xDF,0x66,0x66,0x66,0x18,0x00,0x00,0x00,0x00,0x01,0x60,0x65,0x65,
    0x65,0x31,0xFF,0x66,0x66,0x66,0x01,0x20,0x68,0x68,0x68,0x07,0x00,0x00,0x00,0x00,
    0x01,0xBF,0x67,0x67,0x67,0x07,0xFF,0x66,0x66,0x66,0x01,0x80,0x66,0x66,0x66,0x07,
    0x00,0x00,0x00,0x00,0x01,0x40,0x68,0x68,0x68,0x18,0xFF,0x66,0x66,0x66,0x01,0x80,
    0x66,0x66,0x66,0x07,0x00,0x00,0x00,0x00,0x01,0x40,0x68,0x68,0x68,0x10,0xFF,0x66,
    0x66,0x66,0x01,0x40,0x64,0x64,0x64,0x07,0x00,0x00,0x00,0x00,0x01,0x80,0x66,0x66,
    0x66,0x18,0xFF,0x66,0x66,0x66,0x01,0x40,0x64,0x64,0x64,0x07,0x00,0x00,0x00,0x00,
    0x01,0x80,0x66,0x66,0x66,0x07,0xFF,0x66,0x66,0x66,0x01,0xC0,0x65,0x65,0x65,0x07,
    0x00,0x00,0x00,0x00,0x01,0x20,0x68,0x68,0x68,0x08,0xFF,0x66,0x66,0x66,0x01,0x20,
    0x68,0x68,0x68,0x0F,0x00,0x00,0x00,0x00,0x01,0x60,0x65,0x65,0x65,0x07,0xFF,0x66,
    0x66,0x66,0x01,0xDF,0x66,0x66,0x66,0x18,0x00,0x00,0x00,0x00,0x01,0x60,0x65,0x65,
    0x65,0x31,0xFF,0x66,0x66,0x66,0x01,0x20,0x68,0x68,0x68,0x07,0x00,0x00,0x00,0x00,
    0x01,0xBF,0x67,0x67,0x67,0x07,0xFF,0x66,0x66,0x66,0x01,0x80,0x66,0x66,0x66,0x07,
    0x00,0x00,0x00,0x00,0x01,0x40,0x68,0x68,0x68,0x18,0xFF,0x66,0x66,0x66,0x01,0x80,
    0x66,0x66,0x66,0x07,0x00,0x00,0x00,0x00,0x01,0x40,0x68,0x68,0x68,0x10,0xFF,0x66,
    0x66,0x66,0x01,0x40,0x64,0x64,0x64,0x07,0x00,0x00,0x00,0x00,0x01,0x80,0x66,0x66,
    0x66,0x18,0xFF,0x66,0x66,0x66,0x01,0x40,0x64,0x64,0x64,0x07,0x00,0x00,0x00,0x00,
    0x01,0x80,0x66,0x66,0x66,0x07,0xFF,0x66,0x66,0x66,0x01,0xC0,0x65,0x65,0x65,0x07,
    0x00,0x00,0x00,0x00,0x01,0x20,0x68,0x68,0x68,0x08,0xC0,0x66,0x66,0x66,0x10,0x40,
    0x64,0x64,0x64,0x01,0x90,0x65,0x65,0x65,0x07,0xFF,0x66,0x66,0x66,0x01,0xDF,0x66,
    0x66,0x66,0x10,0x40,0x64,0x64,0x64,0x01,0x20,0x60,0x60,0x60,0x07,0x00,0x00,0x00,
    0x00,0x01,0x50,0x66,0x66,0x66,0x08,0xC0,0x66,0x66,0x66,0x08,0xFF,0x66,0x66,0x66,
    0x01,0xD0,0x66,0x66,0x66,0x0F,0xC0,0x66,0x66,0x66,0x01,0xCF,0x66,0x66,0x66,0x10,
    0xFF,0x66,0x66,0x66,0x01,0x20,0x68,0x68,0x68,0x07,0x00,0x00,0x00,0x00,0x01,0xBF,
    0x67,0x67,0x67,0x07,0xFF,0x66,0x66,0x66,0x01,0x80,0x66,0x66,0x66,0x07,0x00,0x00,
    0x00,0x00,0x01,0x40,0x68,0x68,0x68,0x18,0xFF,0x66,0x66,0x66,0x01,0x80,0x66,0x66,
    0x66,0x07,0x00,0x00,0x00,0x00,0x01,0x40,0x68,0x68,0x68,0x10,0xFF,0x66,0x66,0x66,
    0x01,0x40,0x64,0x64,0x64,0x07,0x00,0x00,0x00,0x00,0x01,0x80,0x66,0x66,0x66,0x18,
    0xFF,0x66,0x66,0x66,0x01,0x40,0x64,0x64,0x64,0x07,0x00,0x00,0x00,0x00,0x01,0x80,
    0x66,0x66,0x66,0x07,0xFF,0x66,0x66,0x66,0x01,0xC0,0x65,0x65,0x65,0x10,0x00,0x00,
    0x00,0x00,0x01,0xE0,0x65,0x65,0x65,0x28,0xFF,0x66,0x66,0x66,0x01,0x60,0x65,0x65,
    0x65,0x0F,0x00,0x00,0x00,0x00,0x01,0x20,0x68,0x68,0x68,0x08,0xFF,0x66,0x66,0x66,
    0x01,0x20,0x68,0x68,0x68,0x0F,0x00,0x00,0x00,0x00,0x01,0x60,0x65,0x65,0x65,0x10,
    0xFF,0x66,0x66,0x66,0x01,0x20,0x68,0x68,0x68,0x07,0x00,0x00,0x00,0x00,0x01,0xBF,
    0x67,0x67,0x67,0x07,0xFF,0x66,0x66,0x66,0x01,0x80,0x66,0x66,0x66,0x07,0x00,0x00,
    0x00,0x00,0x01,0x40,0x68,0x68,0x68,0x18,0xFF,0x66,0x66,0x66,0x01,0x80,0x66,0x66,
    0x66,0x07,0x00,0x00,0x00,0x00,0x01,0x40,0x68,0x68,0x68,0x10,0xFF,0x66,0x66,0x66,
    0x01,0x40,0x64,0x64,0x64,0x07,0x00,0x00,0x00,0x00,0x01,0x80,0x66,0x66,0x66,0x18,
    0xFF,0x66,0x66,0x66,0x01,0x40,0x64,0x64,0x64,0x07,0x00,0x00,0x00,0x00,0x01,0x80,
    0x66,0x66,0x66,0x07,0xFF,0x66,0x66,0x66,0x01,0xC0,0x65,0x65,0x65,0x10,0x00,0x00,
    0x00,0x00,0x01,0xE0,0x65,0x65,0x65,0x28,0xFF,0x66,0x66,0x66,0x01,0x60,0x65,0x65,
    0x65,0x0F,0x00,0x00,0x00,0x00,0x01,0x20,0x68,0x68,0x68,0x08,0xFF,0x66,0x66,0x66,
    0x01,0x20,0x68,0x68,0x68,0x0F,0x00,0x00,0x00,0x00,0x01,0x60,0x65,0x65,0x65,0x10,
    0xFF,0x66,0x66,0x66,0x01,0x20,0x68,0x68,0x68,0x07,0x00,0x00,0x00,0x00,0x01,0xBF,
    0x67,0x67,0x67,0x07,0xFF,0x66,0x66,0x66,0x01,0x80,0x66,0x66,0x66,0x07,0x00,0x00,
    0x00,0x00,0x01,0x40,0x68,0x68,0x68,0x18,0xFF,0x66,0x66,0x66,0x01,0x80,0x66,0x66,
    0x66,0x07,0x00,0x00,0x00,0x00,0x01,0x40,0x68,0x68,0x68,0x10,0xFF,0x66,0x66,0x66,
    0x01,0x40,0x64,0x64,0x64,0x07,0x00,0x00,0x00,0x00,0x01,0x80,0x66,0x66,0x66,0x18,
    0xFF,0x66,0x66,0x66,0x01,0x40,0x64,0x64,0x64,0x07,0x00,0x00,0x00,0x00,0x01,0x80,
    0x66,0x66,0x66,0x07,0xFF,0x66,0x66,0x66,0x01,0xC0,0x65,0x65,0x65,0x10,0x00,0x00,
    0x00,0x00,0x01,0xE0,0x65,0x65,0x65,0x28,0xFF,0x66,0x66,0x66,0x01,0x60,0x65,0x65,
    0x65,0x0F,0x00,0x00,0x00,0x00,0x01,0x20,0x68,0x68,0x68,0x08,0xFF,0x66,0x66,0x66,
    0x01,0x20,0x68,0x68,0x68,0x0F,0x00,0x00,0x00,0x00,0x01,0x60,0x65,0x65,0x65,0x10,
    0xFF,0x66,0x66,0x66,0x01,0x20,0x68,0x68,0x68,0x07,0x00,0x00,0x00,0x00,0x01,0xBF,
    0x67,0x67,0x67,0x07,0xFF,0x66,0x66,0x66,0x01,0x80,0x66,0x66,0x66,0x07,0x00,0x00,
    0x00,0x00,0x01,0x40,0x68,0x68,0x68,0x18,0xFF,0x66,0x66,0x66,0x01,0x80,0x66,0x66,
    0x66,0x07,0x00,0x00,0x00,0x00,0x01,0x40,0x68,0x68,0x68,0x10,0xFF,0x66,0x66,0x66,
    0x01,0x40,0x64,0x64,0x64,0x07,0x00,0x00,0x00,0x00,0x01,0x80,0x66,0x66,0x66,0x18,
    0xFF,0x66,0x66,0x66,0x01,0x40,0x64,0x64,0x64,0x07,0x00,0x00,0x00,0x00,0x01,0x80,
    0x66,0x66,0x66,0x07,0xFF,0x66,0x66,0x66,0x01,0xC0,0x65,0x65,0x65,0x10,0x00,0x00,
    0x00,0x00,0x01,0xE0,0x65,0x65,0x65,0x28,0xFF,0x66,0x66,0x66,0x01,0x60,0x65,0x65,
    0x65,0x0F,0x00,0x00,0x00,0x00,0x01,0x20,0x68,0x68,0x68,0x08,0xFF,0x66,0x66,0x66,
    0x01,0x20,0x68,0x68,0x68,0x0F,0x00,0x00,0x00,0x00,0x01,0x60,0x65,0x65,0x65,0x10,
    0xFF,0x66,0x66,0x66,0x01,0x20,0x68,0x68,0x68,0x07,0x00,0x00,0x00,0x00,0x01,0xBF,
    0x67,0x67,0x67,0x07,0xFF,0x66,0x66,0x66,0x01,0x80,0x66,0x66,0x66,0x07,0x00,0x00,
    0x00,0x00,0x01,0x40,0x68,0x68,0x68,0x18,0xFF,0x66,0x66,0x66,0x01,0x80,0x66,0x66,
    0x66,0x07,0x00,0x00,0x00,0x00,0x01,0x40,0x68,0x68,0x68,0x10,0xFF,0x66,0x66,0x66,
    0x01,0x40,0x64,0x64,0x64,0x07,0x00,0x00,0x00,0x00,0x01,0x80,0x66,0x66,0x66,0x18,
    0xFF,0x66,0x66,0x66,0x01,0x40,0x64,0x64,0x64,0x07,0x00,0x00,0x00,0x00,0x01,0x80,
    0x66,0x66,0x66,0x07,0xFF,0x66,0x66,0x66,0x01,0xC0,0x65,0x65,0x65,0x10,0x00,0x00,
    0x00,0x00,0x01,0xE0,0x65,0x65,0x65,0x28,0xFF,0x66,0x66,0x66,0x01,0x60,0x65,0x65,
    0x65,0x0F,0x00,0x00,0x00,0x00,0x01,0x20,0x68,0x68,0x68,0x08,0xFF,0x66,0x66,0x66,
    0x01,0x20,0x68,0x68,0x68,0x0F,0x00,0x00,0x00,0x00,0x01,0x60,0x65,0x65,0x65,0x10,
    0xFF,0x66,0x66,0x66,0x01,0x20,0x68,0x68,0x68,0x07,0x00,0x00,0x00,0x00,0x01,0xBF,
    0x67,0x67,0x67,0x07,0xFF,0x66,0x66,0x66,0x01,0x80,0x66,0x66,0x66,0x07,0x00,0x00,
    0x00,0x00,0x01,0x40,0x68,0x68,0x68,0x18,0xFF,0x66,0x66,0x66,0x01,0x80,0x66,0x66,
    0x66,0x07,0x00,0x00,0x00,0x00,0x01,0x40,0x68,0x68,0x68,0x10,0xFF,0x66,0x66,0x66,
    0x01,0x40,0x64,0x64,0x64,0x07,0x00,0x00,0x00,0x00,0x01,0x80,0x66,0x66,0x66,0x18,
    0xFF,0x66,0x66,0x66,0x01,0x40,0x64,0x64,0x64,0x07,0x00,0x00,0x00,0x00,0x01,0x80,
    0x66,0x66,0x66,0x07,0xFF,0x66,0x66,0x66,0x01,0xC0,0x65,0x65,0x65,0x10,0x00,0x00,
    0x00,0x00,0x01,0xE0,0x65,0x65,0x65,0x28,0xFF,0x66,0x66,0x66,0x01,0x60,0x65,0x65,
    0x65,0x0F,0x00,0x00,0x00,0x00,0x01,0x20,0x68,0x68,0x68,0x08,0xFF,0x66,0x66,0x66,
    0x01,0x20,0x68,0x68,0x68,0x0F,0x00,0x00,0x00,0x00,0x01,0x60,0x65,0x65,0x65,0x10,
    0xFF,0x66,0x66,0x66,0x01,0x20,0x68,0x68,0x68,0x07,0x00,0x00,0x00,0x00,0x01,0xBF,
    0x67,0x67,0x67,0x07,0xFF,0x66,0x66,0x66,0x01,0x80,0x66,0x66,0x66,0x07,0x00,0x00,
    0x00,0x00,0x01,0x40,0x68,0x68,0x68,0x18,0xFF,0x66,0x66,0x66,0x01,0x80,0x66,0x66,
    0x66,0x07,0x00,0x00,0x00,0x00,0x01,0x40,0x68,0x68,0x68,0x10,0xFF,0x66,0x66,0x66,
    0x01,0x40,0x64,0x64,0x64,0x07,0x00,0x00,0x00,0x00,0x01,0x80,0x66,0x66,0x66,0x18,
    0xFF,0x66,0x66,0x66,0x01,0x40,0x64,0x64,0x64,0x07,0x00,0x00,0x00,0x00,0x01,0x80,
    0x66,0x66,0x66,0x07,0xFF,0x66,0x66,0x66,0x01,0xC0,0x65,0x65,0x65,0x10,0x00,0x00,
    0x00,0x00,0x01,0xE0,0x65,0x65,0x65,0x28,0xFF,0x66,0x66,0x66,0x01,0x60,0x65,0x65,
    0x65,0x0F,0x00,0x00,0x00,0x00,0x01,0x20,0x68,0x68,0x68,0x08,0xFF,0x66,0x66,0x66,
    0x01,0x20,0x68,0x68,0x68,0x0F,0x00,0x00,0x00,0x00,0x01,0x60,0x65,0x65,0x65,0x10,
    0xFF,0x66,0x66,0x66,0x01,0x20,0x68,0x68,0x68,0x07,0x00,0x00,0x00,0x00,0x01,0xBF,
    0x67,0x67,0x67,0x07,0xFF,0x66,0x66,0x66,0x01,0x80,0x66,0x66,0x66,0x07,0x00,0x00,
    0x00,0x00,0x01,0x40,0x68,0x68,0x68,0x18,0xFF,0x66,0x66,0x66,0x01,0x80,0x66,0x66,
    0x66,0x07,0x00,0x00,0x00,0x00,0x01,0x40,0x68,0x68,0x68,0x10,0xFF,0x66,0x66,0x66,
    0x01,0x40,0x64,0x64,0x64,0x07,0x00,0x00,0x00,0x00,0x01,0x80,0x66,0x66,0x66,0x18,
    0xFF,0x66,0x66,0x66,0x01,0x40,0x64,0x64,0x64,0x07,0x00,0x00,0x00,0x00,0x01,0x80,
    0x66,0x66,0x66,0x07,0xFF,0x66,0x66,0x66,0x01,0xC0,0x65,0x65,0x65,0x10,0x00,0x00,
    0x00,0x00,0x01,0xE0,0x65,0x65,0x65,0x28,0xFF,0x66,0x66,0x66,0x01,0x60,0x65,0x65,
    0x65,0x0F,0x00,0x00,0x00,0x00,0x01,0x20,0x68,0x68,0x68,0x08,0xFF,0x66,0x66,0x66,
    0x01,0x20,0x68,0x68,0x68,0x0F,0x00,0x00,0x00,0x00,0x01,0x60,0x65,0x65,0x65,0x10,
    0xFF,0x66,0x66,0x66,0x01,0x20,0x68,0x68,0x68,0x07,0x00,0x00,0x00,0x00,0x01,0xBF,
    0x67,0x67,0x67,0x07,0xFF,0x66,0x66,0x66,0x01,0x80,0x66,0x66,0x66,0x07,0x00,0x00,
    0x00,0x00,0x01,0x40,0x68,0x68,0x68,0x18,0xFF,0x66,0x66,0x66,0x01,0x80,0x66,0x66,
    0x66,0x07,0x00,0x00,0x00,0x00,0x01,0x40,0x68,0x68,0x68,0x10,0xFF,0x66,0x66,0x66,
    0x01,0x40,0x64,0x64,0x64,0x07,0x00,0x00,0x00,0x00,0x01,0x80,0x66,0x66,0x66,0x18,
    0xFF,0x66,0x66,0x66,0x01,0x40,0x64,0x64,0x64,0x07,0x00,0x00,0x00,0x00,0x01,0x80,
    0x66,0x66,0x66,0x07,0xFF,0x66,0x66,0x66,0x01,0xC0,0x65,0x65,0x65,0x07,0x00,0x00,
    0x00,0x00,0x01,0x20,0x68,0x68,0x68,0x10,0xFF,0x66,0x66,0x66,0x01,0x60,0x65,0x65,
    0x65,0x0F,0x00,0x00,0x00,0x00,0x01,0x20,0x68,0x68,0x68,0x08,0xFF,0x66,0x66,0x66,
    0x01,0x20,0x68,0x68,0x68,0x0F,0x00,0x00,0x00,0x00,0x01,0x60,0x65,0x65,0x65,0x07,
    0xFF,0x66,0x66,0x66,0x01,0xDF,0x66,0x66,0x66,0x10,0x00,0x00,0x00,0x00,0x01,0xA0,
    0x66,0x66,0x66,0x07,0xFF,0x66,0x66,0x66,0x01,0x9F,0x67,0x67,0x67,0x18,0x00,0x00,
    0x00,0x00,0x01,0xBF,0x67,0x67,0x67,0x07,0xFF,0x66,0x66,0x66,0x01,0x80,0x66,0x66,
    0x66,0x07,0x00,0x00,0x00,0x00,0x01,0x40,0x68,0x68,0x68,0x18,0xFF,0x66,0x66,0x66,
    0x01,0x80,0x66,0x66,0x66,0x07,0x00,0x00,0x00,0x00,0x01,0x40,0x68,0x68,0x68,0x10,
    0xFF,0x66,0x66,0x66,0x01,0x40,0x64,0x64,0x64,0x07,0x00,0x00,0x00,0x00,0x01,0x80,
    0x66,0x66,0x66,0x18,0xFF,0x66,0x66,0x66,0x01,0x40,0x64,0x64,0x64,0x07,0x00,0x00,
    0x00,0x00,0x01,0x80,0x66,0x66,0x66,0x07,0xFF,0x66,0x66,0x66,0x01,0xC0,0x65,0x65,
    0x65,0x07,0x00,0x00,0x00,0x00,0x01,0x20,0x68,0x68,0x68,0x10,0xFF,0x66,0x66,0x66,
    0x01,0x60,0x65,0x65,0x65,0x0F,0x00,0x00,0x00,0x00,0x01,0x20,0x68,0x68,0x68,0x08,
    0xFF,0x66,0x66,0x66,0x01,0x20,0x68,0x68,0x68,0x0F,0x00,0x00,0x00,0x00,0x01,0x60,
    0x65,0x65,0x65,0x07,0xFF,0x66,0x66,0x66,0x01,0xDF,0x66,0x66,0x66,0x10,0x00,0x00,
    0x00,0x00,0x01,0xA0,0x66,0x66,0x66,0x07,0xFF,0x66,0x66,0x66,0x01,0x9F,0x67,0x67,
    0x67,0x18,0x00,0x00,0x00,0x00,0x01,0xBF,0x67,0x67,0x67,0x07,0xFF,0x66,0x66,0x66,
    0x01,0x80,0x66,0x66,0x66,0x07,0x00,0x00,0x00,0x00,0x01,0x40,0x68,0x68,0x68,0x18,
    0xFF,0x66,0x66,0x66,0x01,0x80,0x66,0x66,0x66,0x07,0x00,0x00,0x00,0x00,0x01,0x40,
    0x68,0x68,0x68,0x10,0xFF,0x66,0x66,0x66,0x01,0x40,0x64,0x64,0x64,0x07,0x00,0x00,
    0x00,0x00,0x01,0x80,0x66,0x66,0x66,0x18,0xFF,0x66,0x66,0x66,0x01,0x40,0x64,0x64,
    0x64,0x07,0x00,0x00,0x00,0x00,0x01,0x80,0x66,0x66,0x66,0x07,0xFF,0x66,0x66,0x66,
    0x01,0xC0,0x65,0x65,0x65,0x07,0x00,0x00,0x00,0x00,0x01,0x20,0x68,0x68,0x68,0x10,
    0xFF,0x66,0x66,0x66,0x01,0x60,0x65,0x65,0x65,0x0F,0x00,0x00,0x00,0x00,0x01,0x20,
    0x68,0x68,0x68,0x08,0xFF,0x66,0x66,0x66,0x01,0x20,0x68,0x68,0x68,0x0F,0x00,0x00,
    0x00,0x00,0x01,0x60,0x65,0x65,0x65,0x07,0xFF,0x66,0x66,0x66,0x01,0xDF,0x66,0x66,
    0x66,0x10,0x00,0x00,0x00,0x00,0x01,0xA0,0x66,0x66,0x66,0x07,0xFF,0x66,0x66,0x66,
    0x01,0x9F,0x67,0x67,0x67,0x18,0x00,0x00,0x00,0x00,0x01,0xBF,0x67,0x67,0x67,0x07,
    0xFF,0x66,0x66,0x66,0x01,0x80,0x66,0x66,0x66,0x07,0x00,0x00,0x00,0x00,0x01,0x40,
    0x68,0x68,0x68,0x18,0xFF,0x66,0x66,0x66,0x01,0x80,0x66,0x66,0x66,0x07,0x00,0x00,
    0x00,0x00,0x01,0x40,0x68,0x68,0x68,0x10,0xFF,0x66,0x66,0x66,0x01,0x40,0x64,0x64,
    0x64,0x07,0x00,0x00,0x00,0x00,0x01,0x80,0x66,0x66,0x66,0x18,0xFF,0x66,0x66,0x66,
    0x01,0x40,0x64,0x64,0x64,0x07,0x00,0x00,0x00,0x00,0x01,0x80,0x66,0x66,0x66,0x07,
    0xFF,0x66,0x66,0x66,0x01,0xC0,0x65,0x65,0x65,0x07,0x00,0x00,0x00,0x00,0x01,0x20,
    0x68,0x68,0x68,0x10,0xFF,0x66,0x66,0x66,0x01,0x60,0x65,0x65,0x65,0x0F,0x00,0x00,
    0x00,0x00,0x01,0x20,0x68,0x68,0x68,0x08,0xFF,0x66,0x66,0x66,0x01,0x20,0x68,0x68,
    0x68,0x0F,0x00,0x00,0x00,0x00,0x01,0x60,0x65,0x65,0x65,0x07,0xFF,0x66,0x66,0x66,
    0x01,0xDF,0x66,0x66,0x66,0x10,0x00,0x00,0x00,0x00,0x01,0xA0,0x66,0x66,0x66,0x07,
    0xFF,0x66,0x66,0x66,0x01,0x9F,0x67,0x67,0x67,0x18,0x00,0x00,0x00,0x00,0x01,0xBF,
    0x67,0x67,0x67,0x07,0xFF,0x66,0x66,0x66,0x01,0x80,0x66,0x66,0x66,0x07,0x00,0x00,
    0x00,0x00,0x01,0x40,0x68,0x68,0x68,0x18,0xFF,0x66,0x66,0x66,0x01,0x80,0x66,0x66,
    0x66,0x07,0x00,0x00,0x00,0x00,0x01,0x40,0x68,0x68,0x68,0x10,0xFF,0x66,0x66,0x66,
    0x01,0x40,0x64,0x64,0x64,0x07,0x00,0x00,0x00,0x00,0x01,0x80,0x66,0x66,0x66,0x18,
    0xFF,0x66,0x66,0x66,0x01,0x40,0x64,0x64,0x64,0x07,0x00,0x00,0x00,0x00,0x01,0x80,
    0x66,0x66,0x66,0x07,0xFF,0x66,0x66,0x66,0x01,0xC0,0x65,0x65,0x65,0x07,0x00,0x00,
    0x00,0x00,0x01,0x20,0x68,0x68,0x68,0x10,0xFF,0x66,0x66,0x66,0x01,0x60,0x65,0x65,
    0x65,0x0F,0x00,0x00,0x00,0x00,0x01,0x20,0x68,0x68,0x68,0x08,0xFF,0x66,0x66,0x66,
    0x01,0x20,0x68,0x68,0x68,0x0F,0x00,0x00,0x00,0x00,0x01,0x60,0x65,0x65,0x65,0x07,
    0xFF,0x66,0x66,0x66,0x01,0xDF,0x66,0x66,0x66,0x10,0x00,0x00,0x00,0x00,0x01,0xA0,
    0x66,0x66,0x66,0x07,0xFF,0x66,0x66,0x66,0x01,0x9F,0x67,0x67,0x67,0x18,0x00,0x00,
    0x00,0x00,0x01,0xBF,0x67,0x67,0x67,0x07,0xFF,0x66,0x66,0x66,0x01,0x80,0x66,0x66,
    0x66,0x07,0x00,0x00,0x00,0x00,0x01,0x40,0x68,0x68,0x68,0x18,0xFF,0x66,0x66,0x66,
    0x01,0x80,0x66,0x66,0x66,0x07,0x00,0x00,0x00,0x00,0x01,0x40,0x68,0x68,0x68,0x10,
    0xFF,0x66,0x66,0x66,0x01,0x40,0x64,0x64,0x64,0x07,0x00,0x00,0x00,0x00,0x01,0x80,
    0x66,0x66,0x66,0x18,0xFF,0x66,0x66,0x66,0x01,0x40,0x64,0x64,0x64,0x07,0x00,0x00,
    0x00,0x00,0x01,0x80,0x66,0x66,0x66,0x07,0xFF,0x66,0x66,0x66,0x01,0xC0,0x65,0x65,
    0x65,0x07,0x00,0x00,0x00,0x00,0x01,0x20,0x68,0x68,0x68,0x10,0xFF,0x66,0x66,0x66,
    0x01,0x60,0x65,0x65,0x65,0x0F,0x00,0x00,0x00,0x00,0x01,0x20,0x68,0x68,0x68,0x08,
    0xFF,0x66,0x66,0x66,0x01,0x20,0x68,0x68,0x68,0x0F,0x00,0x00,0x00,0x00,0x01,0x60,
    0x65,0x65,0x65,0x07,0xFF,0x66,0x66,0x66,0x01,0xDF,0x66,0x66,0x66,0x10,0x00,0x00,
    0x00,0x00,0x01,0xA0,0x66,0x66,0x66,0x07,0xFF,0x66,0x66,0x66,0x01,0x9F,0x67,0x67,
    0x67,0x18,0x00,0x00,0x00,0x00,0x01,0xBF,0x67,0x67,0x67,0x07,0xFF,0x66,0x66,0x66,
    0x01,0x80,0x66,0x66,0x66,0x07,0x00,0x00,0x00,0x00,0x01,0x40,0x68,0x68,0x68,0x18,
    0xFF,0x66,0x66,0x66,0x01,0x80,0x66,0x66,0x66,0x07,0x00,0x00,0x00,0x00,0x01,0x40,
    0x68,0x68,0x68,0x10,0xFF,0x66,0x66,0x66,0x01,0x40,0x64,0x64,0x64,0x07,0x00,0x00,
    0x00,0x00,0x01,0x80,0x66,0x66,0x66,0x18,0xFF,0x66,0x66,0x66,0x01,0x40,0x64,0x64,
    0x64,0x07,0x00,0x00,0x00,0x00,0x01,0x80,0x66,0x66,0x66,0x07,0xFF,0x66,0x66,0x66,
    0x01,0xC0,0x65,0x65,0x65,0x07,0x00,0x00,0x00,0x00,0x01,0x20,0x68,0x68,0x68,0x10,
    0xFF,0x66,0x66,0x66,0x01,0x60,0x65,0x65,0x65,0x0F,0x00,0x00,0x00,0x00,0x01,0x20,
    0x68,0x68,0x68,0x08,0xFF,0x66,0x66,0x66,0x01,0x20,0x68,0x68,0x68,0x0F,0x00,0x00,
    0x00,0x00,0x01,0x60,0x65,0x65,0x65,0x07,0xFF,0x66,0x66,0x66,0x01,0xDF,0x66,0x66,
    0x66,0x10,0x00,0x00,0x00,0x00,0x01,0xA0,0x66,0x66,0x66,0x07,0xFF,0x66,0x66,0x66,
    0x01,0x9F,0x67,0x67,0x67,0x18,0x00,0x00,0x00,0x00,0x01,0xBF,0x67,0x67,0x67,0x07,
    0xFF,0x66,0x66,0x66,0x01,0x80,0x66,0x66,0x66,0x07,0x00,0x00,0x00,0x00,0x01,0x40,
    0x68,0x68,0x68,0x18,0xFF,0x66,0x66,0x66,0x01,0x80,0x66,0x66,0x66,0x07,0x00,0x00,
    0x00,0x00,0x01,0x40,0x68,0x68,0x68,0x10,0xFF,0x66,0x66,0x66,0x01,0x40,0x64,0x64,
    0x64,0x07,0x00,0x00,0x00,0x00,0x01,0x80,0x66,0x66,0x66,0x18,0xFF,0x66,0x66,0x66,
    0x01,0x40,0x64,0x64,0x64,0x07,0x00,0x00,0x00,0x00,0x01,0x80,0x66,0x66,0x66,0x07,
    0xFF,0x66,0x66,0x66,0x01,0xC0,0x65,0x65,0x65,0x07,0x00,0x00,0x00,0x00,0x01,0x20,
    0x68,0x68,0x68,0x10,0xFF,0x66,0x66,0x66,0x01,0x60,0x65,0x65,0x65,0x0F,0x00,0x00,
    0x00,0x00,0x01,0x20,0x68,0x68,0x68,0x08,0xFF,0x66,0x66,0x66,0x01,0x20,0x68,0x68,
    0x68,0x0F,0x00,0x00,0x00,0x00,0x01,0x60,0x65,0x65,0x65,0x07,0xFF,0x66,0x66,0x66,
    0x01,0xDF,0x66,0x66,0x66,0x10,0x00,0x00,0x00,0x00,0x01,0xA0,0x66,0x66,0x66,0x07,
    0xFF,0x66,0x66,0x66,0x01,0x9F,0x67,0x67,0x67,0x18,0x00,0x00,0x00,0x00,0x01,0xBF,
    0x67,0x67,0x67,0x07,0xFF,0x66,0x66,0x66,0x01,0x80,0x66,0x66,0x66,0x07,0x00,0x00,
    0x00,0x00,0x01,0x40,0x68,0x68,0x68,0x18,0xFF,0x66,0x66,0x66,0x01,0x80,0x66,0x66,
    0x66,0x07,0x00,0x00,0x00,0x00,0x01,0x40,0x68,0x68,0x68,0x10,0xFF,0x66,0x66,0x66,
    0x01,0x40,0x64,0x64,0x64,0x07,0x00,0x00,0x00,0x00,0x01,0x20,0x68,0x68,0x68,0x18,
    0x40,0x68,0x68,0x68,0x01,0x10,0x70,0x70,0x70,0x07,0x00,0x00,0x00,0x00,0x01,0x80,
    0x66,0x66,0x66,0x07,0xFF,0x66,0x66,0x66,0x01,0xC0,0x65,0x65,0x65,0x07,0x00,0x00,
    0x00,0x00,0x01,0x20,0x68,0x68,0x68,0x08,0xFF,0x66,0x66,0x66,0x01,0x60,0x65,0x65,
    0x65,0x07,0x40,0x68,0x68,0x68,0x01,0x10,0x70,0x70,0x70,0x07,0x00,0x00,0x00,0x00,
    0x01,0x40,0x64,0x64,0x64,0x08,0xBF,0x65,0x65,0x65,0x08,0x40,0x68,0x68,0x68,0x08,
    0x00,0x00,0x00,0x00,0x01,0x70,0x64,0x64,0x64,0x07,0xBF,0x65,0x65,0x65,0x01,0x9F,
    0x67,0x67,0x67,0x08,0x40,0x68,0x68,0x68,0x08,0xBF,0x65,0x65,0x65,0x01,0x20,0x68,
    0x68,0x68,0x07,0x00,0x00,0x00,0x00,0x01,0xA0,0x66,0x66,0x66,0x07,0xFF,0x66,0x66,
    0x66,0x01,0xDF,0x66,0x66,0x66,0x07,0xBF,0x65,0x65,0x65,0x01,0xAF,0x66,0x66,0x66,
    0x10,0x00,0x00,0x00,0x00,0x01,0xBF,0x67,0x67,0x67,0x07,0xFF,0x66,0x66,0x66,0x01,
    0x80,0x66,0x66,0x66,0x07,0x00,0x00,0x00,0x00,0x01,0x10,0x60,0x60,0x60,0x18,0x40,
    0x68,0x68,0x68,0x01,0x20,0x68,0x68,0x68,0x07,0x00,0x00,0x00,0x00,0x01,0x40,0x68,
    0x68,0x68,0x10,0xFF,0x66,0x66,0x66,0x01,0x40,0x64,0x64,0x64,0x28,0x00,0x00,0x00,
    0x00,0x01,0x80,0x66,0x66,0x66,0x07,0xFF,0x66,0x66,0x66,0x01,0xC0,0x65,0x65,0x65,
    0x07,0x00,0x00,0x00,0x00,0x01,0x20,0x68,0x68,0x68,0x08,0xFF,0x66,0x66,0x66,0x01,
    0x20,0x68,0x68,0x68,0x0F,0x00,0x00,0x00,0x00,0x01,0x60,0x65,0x65,0x65,0x07,0xFF,
    0x66,0x66,0x66,0x01,0xDF,0x66,0x66,0x66,0x10,0x00,0x00,0x00,0x00,0x01,0xA0,0x66,
    0x66,0x66,0x07,0xFF,0x66,0x66,0x66,0x01,0x9F,0x67,0x67,0x67,0x07,0x00,0x00,0x00,
    0x00,0x01,0x20,0x68,0x68,0x68,0x08,0xFF,0x66,0x66,0x66,0x01,0x20,0x68,0x68,0x68,
    0x07,0x00,0x00,0x00,0x00,0x01,0xA0,0x66,0x66,0x66,0x0F,0xFF,0x66,0x66,0x66,0x01,
    0xDF,0x66,0x66,0x66,0x10,0x00,0x00,0x00,0x00,0x01,0xBF,0x67,0x67,0x67,0x07,0xFF,
    0x66,0x66,0x66,0x01,0x80,0x66,0x66,0x66,0x28,0x00,0x00,0x00,0x00,0x01,0x40,0x68,
    0x68,0x68,0x10,0xFF,0x66,0x66,0x66,0x01,0x40,0x64,0x64,0x64,0x28,0x00,0x00,0x00,
    0x00,0x01,0x80,0x66,0x66,0x66,0x07,0xFF,0x66,0x66,0x66,0x01,0xC0,0x65,0x65,0x65,
    0x07,0x00,0x00,0x00,0x00,0x01,0x20,0x68,0x68,0x68,0x08,0xFF,0x66,0x66,0x66,0x01,
    0x20,0x68,0x68,0x68,0x0F,0x00,0x00,0x00,0x00,0x01,0x60,0x65,0x65,0x65,0x07,0xFF,
    0x66,0x66,0x66,0x01,0xDF,0x66,0x66,0x66,0x10,0x00,0x00,0x00,0x00,0x01,0xA0,0x66,
    0x66,0x66,0x07,0xFF,0x66,0x66,0x66,0x01,0x9F,0x67,0x67,0x67,0x07,0x00,0x00,0x00,
    0x00,0x01,0x20,0x68,0x68,0x68,0x08,0xFF,0x66,0x66,0x66,0x01,0x20,0x68,0x68,0x68,
    0x07,0x00,0x00,0x00,0x00,0x01,0xA0,0x66,0x66,0x66,0x0F,0xFF,0x66,0x66,0x66,0x01,
    0xDF,0x66,0x66,0x66,0x10,0x00,0x00,0x00,0x00,0x01,0xBF,0x67,0x67,0x67,0x07,0xFF,
    0x66,0x66,0x66,0x01,0x80,0x66,0x66,0x66,0x28,0x00,0x00,0x00,0x00,0x01,0x40,0x68,
    0x68,0x68,0x10,0xFF,0x66,0x66,0x66,0x01,0x40,0x64,0x64,0x64,0x28,0x00,0x00,0x00,
    0x00,0x01,0x80,0x66,0x66,0x66,0x07,0xFF,0x66,0x66,0x66,0x01,0xC0,0x65,0x65,0x65,
    0x07,0x00,0x00,0x00,0x00,0x01,0x20,0x68,0x68,0x68,0x08,0xFF,0x66,0x66,0x66,0x01,
    0x20,0x68,0x68,0x68,0x0F,0x00,0x00,0x00,0x00,0x01,0x60,0x65,0x65,0x65,0x07,0xFF,
    0x66,0x66,0x66,0x01,0xDF,0x66,0x66,0x66,0x10,0x00,0x00,0x00,0x00,0x01,0xA0,0x66,
    0x66,0x66,0x07,0xFF,0x66,0x66,0x66,0x01,0x9F,0x67,0x67,0x67,0x07,0x00,0x00,0x00,
    0x00,0x01,0x20,0x68,0x68,0x68,0x08,0xFF,0x66,0x66,0x66,0x01,0x20,0x68,0x68,0x68,
    0x07,0x00,0x00,0x00,0x00,0x01,0xA0,0x66,0x66,0x66,0x0F,0xFF,0x66,0x66,0x66,0x01,
    0xDF,0x66,0x66,0x66,0x10,0x00,0x00,0x00,0x00,0x01,0xBF,0x67,0x67,0x67,0x07,0xFF,
    0x66,0x66,0x66,0x01,0x80,0x66,0x66,0x66,0x28,0x00,0x00,0x00,0x00,0x01,0x40,0x68,
    0x68,0x68,0x10,0xFF,0x66,0x66,0x66,0x01,0x40,0x64,0x64,0x64,0x28,0x00,0x00,0x00,
    0x00,0x01,0x80,0x66,0x66,0x66,0x07,0xFF,0x66,0x66,0x66,0x01,0xC0,0x65,0x65,0x65,
    0x07,0x00,0x00,0x00,0x00,0x01,0x20,0x68,0x68,0x68,0x08,0xFF,0x66,0x66,0x66,0x01,
    0x20,0x68,0x68,0x68,0x0F,0x00,0x00,0x00,0x00,0x01,0x60,0x65,0x65,0x65,0x07,0xFF,
    0x66,0x66,0x66,0x01,0xDF,0x66,0x66,0x66,0x10,0x00,0x00,0x00,0x00,0x01,0xA0,0x66,
    0x66,0x66,0x07,0xFF,0x66,0x66,0x66,0x01,0x9F,0x67,0x67,0x67,0x07,0x00,0x00,0x00,
    0x00,0x01,0x20,0x68,0x68,0x68,0x08,0xFF,0x66,0x66,0x66,0x01,0x20,0x68,0x68,0x68,
    0x07,0x00,0x00,0x00,0x00,0x01,0xA0,0x66,0x66,0x66,0x0F,0xFF,0x66,0x66,0x66,0x01,
    0xDF,0x66,0x66,0x66,0x10,0x00,0x00,0x00,0x00,0x01,0xBF,0x67,0x67,0x67,0x07,0xFF,
    0x66,0x66,0x66,0x01,0x80,0x66,0x66,0x66,0x28,0x00,0x00,0x00,0x00,0x01,0x40,0x68,
    0x68,0x68,0x10,0xFF,0x66,0x66,0x66,0x01,0x40,0x64,0x64,0x64,0x28,0x00,0x00,0x00,
    0x00,0x01,0x80,0x66,0x66,0x66,0x07,0xFF,0x66,0x66,0x66,0x01,0xC0,0x65,0x65,0x65,
    0x07,0x00,0x00,0x00,0x00,0x01,0x20,0x68,0x68,0x68,0x08,0xFF,0x66,0x66,0x66,0x01,
    0x20,0x68,0x68,0x68,0x0F,0x00,0x00,0x00,0x00,0x01,0x60,0x65,0x65,0x65,0x07,0xFF,
    0x66,0x66,0x66,0x01,0xDF,0x66,0x66,0x66,0x10,0x00,0x00,0x00,0x00,0x01,0xA0,0x66,
    0x66,0x66,0x07,0xFF,0x66,0x66,0x66,0x01,0x9F,0x67,0x67,0x67,0x07,0x00,0x00,0x00,
    0x00,0x01,0x20,0x68,0x68,0x68,0x08,0xFF,0x66,0x66,0x66,0x01,0x20,0x68,0x68,0x68,
    0x07,0x00,0x00,0x00,0x00,0x01,0xA0,0x66,0x66,0x66,0x0F,0xFF,0x66,0x66,0x66,0x01,
    0xDF,0x66,0x66,0x66,0x10,0x00,0x00,0x00,0x00,0x01,0xBF,0x67,0x67,0x67,0x07,0xFF,
    0x66,0x66,0x66,0x01,0x80,0x66,0x66,0x66,0x28,0x00,0x00,0x00,0x00,0x01,0x40,0x68,
    0x68,0x68,0x10,0xFF,0x66,0x66,0x66,0x01,0x40,0x64,0x64,0x64,0x28,0x00,0x00,0x00,
    0x00,0x01,0x80,0x66,0x66,0x66,0x07,0xFF,0x66,0x66,0x66,0x01,0xC0,0x65,0x65,0x65,
    0x07,0x00,0x00,0x00,0x00,0x01,0x20,0x68,0x68,0x68,0x08,0xFF,0x66,0x66,0x66,0x01,
    0x20,0x68,0x68,0x68,0x0F,0x00,0x00,0x00,0x00,0x01,0x60,0x65,0x65,0x65,0x07,0xFF,
    0x66,0x66,0x66,0x01,0xDF,0x66,0x66,0x66,0x10,0x00,0x00,0x00,0x00,0x01,0xA0,0x66,
    0x66,0x66,0x07,0xFF,0x66,0x66,0x66,0x01,0x9F,0x67,0x67,0x67,0x07,0x00,0x00,0x00,
    0x00,0x01,0x20,0x68,0x68,0x68,0x08,0xFF,0x66,0x66,0x66,0x01,0x20,0x68,0x68,0x68,
    0x07,0x00,0x00,0x00,0x00,0x01,0xA0,0x66,0x66,0x66,0x0F,0xFF,0x66,0x66,0x66,0x01,
    0xDF,0x66,0x66,0x66,0x10,0x00,0x00,0x00,0x00,0x01,0xBF,0x67,0x67,0x67,0x07,0xFF,
    0x66,0x66,0x66,0x01,0x80,0x66,0x66,0x66,0x28,0x00,0x00,0x00,0x00,0x01,0x40,0x68,
    0x68,0x68,0x10,0xFF,0x66,0x66,0x66,0x01,0x40,0x64,0x64,0x64,0x28,0x00,0x00,0x00,
    0x00,0x01,0x80,0x66,0x66,0x66,0x07,0xFF,0x66,0x66,0x66,0x01,0xC0,0x65,0x65,0x65,
    0x07,0x00,0x00,0x00,0x00,0x01,0x20,0x68,0x68,0x68,0x08,0xFF,0x66,0x66,0x66,0x01,
    0x20,0x68,0x68,0x68,0x0F,0x00,0x00,0x00,0x00,0x01,0x60,0x65,0x65,0x65,0x07,0xFF,
    0x66,0x66,0x66,0x01,0xDF,0x66,0x66,0x66,0x10,0x00,0x00,0x00,0x00,0x01,0xA0,0x66,
    0x66,0x66,0x07,0xFF,0x66,0x66,0x66,0x01,0x9F,0x67,0x67,0x67,0x07,0x00,0x00,0x00,
    0x00,0x01,0x20,0x68,0x68,0x68,0x08,0xFF,0x66,0x66,0x66,0x01,0x20,0x68,0x68,0x68,
    0x07,0x00,0x00,0x00,0x00,0x01,0xA0,0x66,0x66,0x66,0x0F,0xFF,0x66,0x66,0x66,0x01,
    0xDF,0x66,0x66,0x66,0x10,0x00,0x00,0x00,0x00,0x01,0xBF,0x67,0x67,0x67,0x07,0xFF,
    0x66,0x66,0x66,0x01,0x80,0x66,0x66,0x66,0x28,0x00,0x00,0x00,0x00,0x01,0x40,0x68,
    0x68,0x68,0x10,0xFF,0x66,0x66,0x66,0x01,0x9F,0x67,0x67,0x67,0x28,0x80,0x66,0x66,
    0x66,0x01,0xBF,0x65,0x65,0x65,0x07,0xFF,0x66,0x66,0x66,0x01,0xC0,0x65,0x65,0x65,
    0x07,0x00,0x00,0x00,0x00,0x01,0x20,0x68,0x68,0x68,0x08,0xFF,0x66,0x66,0x66,0x01,
    0x20,0x68,0x68,0x68,0x07,0x00,0x00,0x00,0x00,0x01,0x50,0x66,0x66,0x66,0x18,0x80,
    0x66,0x66,0x66,0x01,0x10,0x60,0x60,0x60,0x07,0x00,0x00,0x00,0x00,0x01,0xA0,0x66,
    0x66,0x66,0x07,0xFF,0x66,0x66,0x66,0x01,0x9F,0x67,0x67,0x67,0x07,0x00,0x00,0x00,
    0x00,0x01,0x20,0x68,0x68,0x68,0x08,0xFF,0x66,0x66,0x66,0x01,0x20,0x68,0x68,0x68,
    0x07,0x00,0x00,0x00,0x00,0x01,0xA0,0x66,0x66,0x66,0x07,0xFF,0x66,0x66,0x66,0x01,
    0xCF,0x66,0x66,0x66,0x10,0x80,0x66,0x66,0x66,0x01,0x10,0x60,0x60,0x60,0x07,0x00,
    0x00,0x00,0x00,0x01,0xBF,0x67,0x67,0x67,0x07,0xFF,0x66,0x66,0x66,0x01,0xBF,0x65,
    0x65,0x65,0x28,0x80,0x66,0x66,0x66,0x01,0xA0,0x64,0x64,0x64,0x41,0xFF,0x66,0x66,
    0x66,0x01,0xC0,0x65,0x65,0x65,0x07,0x00,0x00,0x00,0x00,0x01,0x20,0x68,0x68,0x68,
    0x08,0xFF,0x66,0x66,0x66,0x01,0x20,0x68,0x68,0x68,0x07,0x00,0x00,0x00,0x00,0x01,
    0xA0,0x66,0x66,0x66,0x07,0xFF,0x66,0x66,0x66,0x01,0x9F,0x67,0x67,0x67,0x07,0x00,
    0x00,0x00,0x00,0x01,0x20,0x68,0x68,0x68,0x08,0xFF,0x66,0x66,0x66,0x01,0x20,0x68,
    0x68,0x68,0x07,0x00,0x00,0x00,0x00,0x01,0xA0,0x66,0x66,0x66,0x07,0xFF,0x66,0x66,
    0x66,0x01,0x9F,0x67,0x67,0x67,0x07,0x00,0x00,0x00,0x00,0x01,0x20,0x68,0x68,0x68,
    0x08,0xFF,0x66,0x66,0x66,0x01,0x20,0x68,0x68,0x68,0x07,0x00,0x00,0x00,0x00,0x01,
    0xA0,0x66,0x66,0x66,0x07,0xFF,0x66,0x66,0x66,0x01,0x9F,0x67,0x67,0x67,0x07,0x00,
    0x00,0x00,0x00,0x01,0x20,0x68,0x68,0x68,0x08,0xFF,0x66,0x66,0x66,0x01,0x20,0x68,
    0x68,0x68,0x07,0x00,0x00,0x00,0x00,0x01,0xBF,0x67,0x67,0x67,0x72,0xFF,0x66,0x66,
    0x66,0x01,0xC0,0x65,0x65,0x65,0x07,0x00,0x00,0x00,0x00,0x01,0x20,0x68,0x68,0x68,
    0x08,0xFF,0x66,0x66,0x66,0x01,0x20,0x68,0x68,0x68,0x07,0x00,0x00,0x00,0x00,0x01,
    0xA0,0x66,0x66,0x66,0x07,0xFF,0x66,0x66,0x66,0x01,0x9F,0x67,0x67,0x67,0x07,0x00,
    0x00,0x00,0x00,0x01,0x20,0x68,0x68,0x68,0x08,0xFF,0x66,0x66,0x66,0x01,0x20,0x68,
    0x68,0x68,0x07,0x00,0x00,0x00,0x00,0x01,0xA0,0x66,0x66,0x66,0x07,0xFF,0x66,0x66,
    0x66,0x01,0x9F,0x67,0x67,0x67,0x07,0x00,0x00,0x00,0x00,0x01,0x20,0x68,0x68,0x68,
    0x08,0xFF,0x66,0x66,0x66,0x01,0x20,0x68,0x68,0x68,0x07,0x00,0x00,0x00,0x00,0x01,
    0xA0,0x66,0x66,0x66,0x07,0xFF,0x66,0x66,0x66,0x01,0x9F,0x67,0x67,0x67,0x07,0x00,
    0x00,0x00,0x00,0x01,0x20,0x68,0x68,0x68,0x08,0xFF,0x66,0x66,0x66,0x01,0x20,0x68,
    0x68,0x68,0x07,0x00,0x00,0x00,0x00,0x01,0xBF,0x67,0x67,0x67,0x72,0xFF,0x66,0x66,
    0x66,0x01,0xC0,0x65,0x65,0x65,0x07,0x00,0x00,0x00,0x00,0x01,0x20,0x68,0x68,0x68,
    0x08,0xFF,0x66,0x66,0x66,0x01,0x20,0x68,0x68,0x68,0x07,0x00,0x00,0x00,0x00,0x01,
    0xA0,0x66,0x66,0x66,0x07,0xFF,0x66,0x66,0x66,0x01,0x9F,0x67,0x67,0x67,0x07,0x00,
    0x00,0x00,0x00,0x01,0x20,0x68,0x68,0x68,0x08,0xFF,0x66,0x66,0x66,0x01,0x20,0x68,
    0x68,0x68,0x07,0x00,0x00,0x00,0x00,0x01,0xA0,0x66,0x66,0x66,0x07,0xFF,0x66,0x66,
    0x66,0x01,0x9F,0x67,0x67,0x67,0x07,0x00,0x00,0x00,0x00,0x01,0x20,0x68,0x68,0x68,
    0x08,0xFF,0x66,0x66,0x66,0x01,0x20,0x68,0x68,0x68,0x07,0x00,0x00,0x00,0x00,0x01,
    0xA0,0x66,0x66,0x66,0x07,0xFF,0x66,0x66,0x66,0x01,0x9F,0x67,0x67,0x67,0x07,0x00,
    0x00,0x00,0x00,0x01,0x20,0x68,0x68,0x68,0x08,0xFF,0x66,0x66,0x66,0x01,0x20,0x68,
    0x68,0x68,0x07,0x00,0x00,0x00,0x00,0x01,0xBF,0x67,0x67,0x67,0x72,0xFF,0x66,0x66,
    0x66,0x01,0xC0,0x65,0x65,0x65,0x07,0x00,0x00,0x00,0x00,0x01,0x20,0x68,0x68,0x68,
    0x08,0xFF,0x66,0x66,0x66,0x01,0x20,0x68,0x68,0x68,0x07,0x00,0x00,0x00,0x00,0x01,
    0xA0,0x66,0x66,0x66,0x07,0xFF,0x66,0x66,0x66,0x01,0x9F,0x67,0x67,0x67,0x07,0x00,
    0x00,0x00,0x00,0x01,0x20,0x68,0x68,0x68,0x08,0xFF,0x66,0x66,0x66,0x01,0x20,0x68,
    0x68,0x68,0x07,0x00,0x00,0x00,0x00,0x01,0xA0,0x66,0x66,0x66,0x07,0xFF,0x66,0x66,
    0x66,0x01,0x9F,0x67,0x67,0x67,0x07,0x00,0x00,0x00,0x00,0x01,0x20,0x68,0x68,0x68,
    0x08,0xFF,0x66,0x66,0x66,0x01,0x20,0x68,0x68,0x68,0x07,0x00,0x00,0x00,0x00,0x01,
    0xA0,0x66,0x66,0x66,0x07,0xFF,0x66,0x66,0x66,0x01,0x9F,0x67,0x67,0x67,0x07,0x00,
    0x00,0x00,0x00,0x01,0x20,0x68,0x68,0x68,0x08,0xFF,0x66,0x66,0x66,0x01,0x20,0x68,
    0x68,0x68,0x07,0x00,0x00,0x00,0x00,0x01,0xBF,0x67,0x67,0x67,0x72,0xFF,0x66,0x66,
    0x66,0x01,0xC0,0x65,0x65,0x65,0x07,0x00,0x00,0x00,0x00,0x01,0x20,0x68,0x68,0x68,
    0x08,0xFF,0x66,0x66,0x66,0x01,0x20,0x68,0x68,0x68,0x07,0x00,0x00,0x00,0x00,0x01,
    0xA0,0x66,0x66,0x66,0x07,0xFF,0x66,0x66,0x66,0x01,0x9F,0x67,0x67,0x67,0x07,0x00,
    0x00,0x00,0x00,0x01,0x20,0x68,0x68,0x68,0x08,0xFF,0x66,0x66,0x66,0x01,0x20,0x68,
    0x68,0x68,0x07,0x00,0x00,0x00,0x00,0x01,0xA0,0x66,0x66,0x66,0x07,0xFF,0x66,0x66,
    0x66,0x01,0x9F,0x67,0x67,0x67,0x07,0x00,0x00,0x00,0x00,0x01,0x20,0x68,0x68,0x68,
    0x08,0xFF,0x66,0x66,0x66,0x01,0x20,0x68,0x68,0x68,0x07,0x00,0x00,0x00,0x00,0x01,
    0xA0,0x66,0x66,0x66,0x07,0xFF,0x66,0x66,0x66,0x01,0x9F,0x67,0x67,0x67,0x07,0x00,
    0x00,0x00,0x00,0x01,0x20,0x68,0x68,0x68,0x08,0xFF,0x66,0x66,0x66,0x01,0x20,0x68,
    0x68,0x68,0x07,0x00,0x00,0x00,0x00,0x01,0xBF,0x67,0x67,0x67,0x72,0xFF,0x66,0x66,
    0x66,0x01,0xC0,0x65,0x65,0x65,0x07,0x00,0x00,0x00,0x00,0x01,0x20,0x68,0x68,0x68,
    0x08,0xFF,0x66,0x66,0x66,0x01,0x20,0x68,0x68,0x68,0x07,0x00,0x00,0x00,0x00,0x01,
    0xA0,0x66,0x66,0x66,0x07,0xFF,0x66,0x66,0x66,0x01,0x9F,0x67,0x67,0x67,0x07,0x00,
    0x00,0x00,0x00,0x01,0x20,0x68,0x68,0x68,0x08,0xFF,0x66,0x66,0x66,0x01,0x20,0x68,
    0x68,0x68,0x07,0x00,0x00,0x00,0x00,0x01,0xA0,0x66,0x66,0x66,0x07,0xFF,0x66,0x66,
    0x66,0x01,0x9F,0x67,0x67,0x67,0x07,0x00,0x00,0x00,0x00,0x01,0x20,0x68,0x68,0x68,
    0x08,0xFF,0x66,0x66,0x66,0x01,0x20,0x68,0x68,0x68,0x07,0x00,0x00,0x00,0x00,0x01,
    0xA0,0x66,0x66,0x66,0x07,0xFF,0x66,0x66,0x66,0x01,0x9F,0x67,0x67,0x67,0x07,0x00,
    0x00,0x00,0x00,0x01,0x20,0x68,0x68,0x68,0x08,0xFF,0x66,0x66,0x66,0x01,0x20,0x68,
    0x68,0x68,0x07,0x00,0x00,0x00,0x00,0x01,0xBF,0x67,0x67,0x67,0x72,0xFF,0x66,0x66,
    0x66,0x01,0xC0,0x65,0x65,0x65,0x07,0x00,0x00,0x00,0x00,0x01,0x20,0x68,0x68,0x68,
    0x08,0xFF,0x66,0x66,0x66,0x01,0x20,0x68,0x68,0x68,0x07,0x00,0x00,0x00,0x00,0x01,
    0xA0,0x66,0x66,0x66,0x07,0xFF,0x66,0x66,0x66,0x01,0x9F,0x67,0x67,0x67,0x07,0x00,
    0x00,0x00,0x00,0x01,0x20,0x68,0x68,0x68,0x08,0xFF,0x66,0x66,0x66,0x01,0x20,0x68,
    0x68,0x68,0x07,0x00,0x00,0x00,0x00,0x01,0xA0,0x66,0x66,0x66,0x07,0xFF,0x66,0x66,
    0x66,0x01,0x9F,0x67,0x67,0x67,0x07,0x00,0x00,0x00,0x00,0x01,0x20,0x68,0x68,0x68,
    0x08,0xFF,0x66,0x66,0x66,0x01,0x20,0x68,0x68,0x68,0x07,0x00,0x00,0x00,0x00,0x01,
    0xA0,0x66,0x66,0x66,0x07,0xFF,0x66,0x66,0x66,0x01,0x9F,0x67,0x67,0x67,0x07,0x00,
    0x00,0x00,0x00,0x01,0x20,0x68,0x68,0x68,0x08,0xFF,0x66,0x66,0x66,0x01,0x20,0x68,
    0x68,0x68,0x07,0x00,0x00,0x00,0x00,0x01,0xBF,0x67,0x67,0x67,0x39,0xFF,0x66,0x66,
    0x66,0x39,0xC0,0x66,0x66,0x66,0x01,0x90,0x67,0x67,0x67,0x07,0x00,0x00,0x00,0x00,
    0x01,0x20,0x68,0x68,0x68,0x08,0xC0,0x66,0x66,0x66,0x08,0x40,0x64,0x64,0x64,0x01,
    0xBF,0x65,0x65,0x65,0x07,0xFF,0x66,0x66,0x66,0x01,0x9F,0x67,0x67,0x67,0x07,0x00,
    0x00,0x00,0x00,0x01,0x20,0x68,0x68,0x68,0x08,0xFF,0x66,0x66,0x66,0x01,0x20,0x68,
    0x68,0x68,0x07,0x00,0x00,0x00,0x00,0x01,0xA0,0x66,0x66,0x66,0x07,0xFF,0x66,0x66,
    0x66,0x01,0xAF,0x66,0x66,0x66,0x07,0x40,0x64,0x64,0x64,0x01,0x60,0x65,0x65,0x65,
    0x08,0xC0,0x66,0x66,0x66,0x08,0x40,0x64,0x64,0x64,0x01,0xBF,0x65,0x65,0x65,0x07,
    0xFF,0x66,0x66,0x66,0x01,0xAF,0x66,0x66,0x66,0x07,0x40,0x64,0x64,0x64,0x01,0x60,
    0x65,0x65,0x65,0x08,0xFF,0x66,0x66,0x66,0x01,0x20,0x68,0x68,0x68,0x07,0x00,0x00,
    0x00,0x00,0x01,0x90,0x65,0x65,0x65,0x39,0xC0,0x66,0x66,0x66,0x4A,0x00,0x00,0x00,
    0x00,0x01,0xE0,0x65,0x65,0x65,0x0F,0xFF,0x66,0x66,0x66,0x01,0x9F,0x67,0x67,0x67,
    0x07,0x00,0x00,0x00,0x00,0x01,0x20,0x68,0x68,0x68,0x08,0xFF,0x66,0x66,0x66,0x01,
    0x20,0x68,0x68,0x68,0x07,0x00,0x00,0x00,0x00,0x01,0xA0,0x66,0x66,0x66,0x0F,0xFF,
    0x66,0x66,0x66,0x01,0xDF,0x66,0x66,0x66,0x08,0x00,0x00,0x00,0x00,0x01,0xE0,0x65,
    0x65,0x65,0x20,0xFF,0x66,0x66,0x66,0x01,0x20,0x68,0x68,0x68,0x8B,0x00,0x00,0x00,
    0x00,0x01,0xE0,0x65,0x65,0x65,0x0F,0xFF,0x66,0x66,0x66,0x01,0x9F,0x67,0x67,0x67,
    0x07,0x00,0x00,0x00,0x00,0x01,0x20,0x68,0x68,0x68,0x08,0xFF,0x66,0x66,0x66,0x01,
    0x20,0x68,0x68,0x68,0x07,0x00,0x00,0x00,0x00,0x01,0xA0,0x66,0x66,0x66,0x0F,0xFF,
    0x66,0x66,0x66,0x01,0xDF,0x66,0x66,0x66,0x08,0x00,0x00,0x00,0x00,0x01,0xE0,0x65,
    0x65,0x65,0x20,0xFF,0x66,0x66,0x66,0x01,0x20,0x68,0x68,0x68,0x8B,0x00,0x00,0x00,
    0x00,0x01,0xE0,0x65,0x65,0x65,0x0F,0xFF,0x66,0x66,0x66,0x01,0x9F,0x67,0x67,0x67,
    0x07,0x00,0x00,0x00,0x00,0x01,0x20,0x68,0x68,0x68,0x08,0xFF,0x66,0x66,0x66,0x01,
    0x20,0x68,0x68,0x68,0x07,0x00,0x00,0x00,0x00,0x01,0xA0,0x66,0x66,0x66,0x0F,0xFF,
    0x66,0x66,0x66,0x01,0xDF,0x66,0x66,0x66,0x08,0x00,0x00,0x00,0x00,0x01,0xE0,0x65,
    0x65,0x65,0x20,0xFF,0x66,0x66,0x66,0x01,0x20,0x68,0x68,0x68,0x8B,0x00,0x00,0x00,
    0x00,0x01,0xE0,0x65,0x65,0x65,0x0F,0xFF,0x66,0x66,0x66,0x01,0x9F,0x67,0x67,0x67,
    0x07,0x00,0x00,0x00,0x00,0x01,0x20,0x68,0x68,0x68,0x08,0xFF,0x66,0x66,0x66,0x01,
    0x20,0x68,0x68,0x68,0x07,0x00,0x00,0x00,0x00,0x01,0xA0,0x66,0x66,0x66,0x0F,0xFF,
    0x66,0x66,0x66,0x01,0xDF,0x66,0x66,0x66,0x08,0x00,0x00,0x00,0x00,0x01,0xE0,0x65,
    0x65,0x65,0x20,0xFF,0x66,0x66,0x66,0x01,0x20,0x68,0x68,0x68,0x8B,0x00,0x00,0x00,
    0x00,0x01,0xE0,0x65,0x65,0x65,0x0F,0xFF,0x66,0x66,0x66,0x01,0x9F,0x67,0x67,0x67,
    0x07,0x00,0x00,0x00,0x00,0x01,0x20,0x68,0x68,0x68,0x08,0xFF,0x66,0x66,0x66,0x01,
    0x20,0x68,0x68,0x68,0x07,0x00,0x00,0x00,0x00,0x01,0xA0,0x66,0x66,0x66,0x0F,0xFF,
    0x66,0x66,0x66,0x01,0xDF,0x66,0x66,0x66,0x08,0x00,0x00,0x00,0x00,0x01,0xE0,0x65,
    0x65,0x65,0x20,0xFF,0x66,0x66,0x66,0x01,0x20,0x68,0x68,0x68,0x8B,0x00,0x00,0x00,
    0x00,0x01,0xE0,0x65,0x65,0x65,0x0F,0xFF,0x66,0x66,0x66,0x01,0x9F,0x67,0x67,0x67,
    0x07,0x00,0x00,0x00,0x00,0x01,0x20,0x68,0x68,0x68,0x08,0xFF,0x66,0x66,0x66,0x01,
    0x20,0x68,0x68,0x68,0x07,0x00,0x00,0x00,0x00,0x01,0xA0,0x66,0x66,0x66,0x0F,0xFF,
    0x66,0x66,0x66,0x01,0xDF,0x66,0x66,0x66,0x08,0x00,0x00,0x00,0x00,0x01,0xE0,0x65,
    0x65,0x65,0x20,0xFF,0x66,0x66,0x66,0x01,0x20,0x68,0x68,0x68,0x8B,0x00,0x00,0x00,
    0x00,0x01,0xE0,0x65,0x65,0x65,0x0F,0xFF,0x66,0x66,0x66,0x01,0x9F,0x67,0x67,0x67,
    0x07,0x00,0x00,0x00,0x00,0x01,0x20,0x68,0x68,0x68,0x08,0xFF,0x66,0x66,0x66,0x01,
    0x20,0x68,0x68,0x68,0x07,0x00,0x00,0x00,0x00,0x01,0xA0,0x66,0x66,0x66,0x0F,0xFF,
    0x66,0x66,0x66,0x01,0xDF,0x66,0x66,0x66,0x08,0x00,0x00,0x00,0x00,0x01,0xE0,0x65,
    0x65,0x65,0x20,0xFF,0x66,0x66,0x66,0x01,0x20,0x68,0x68,0x68,0x49,0x00,0x00,0x00,
    0x00,0x08,0x20,0x68,0x68,0x68,0x01,0x10,0x60,0x60,0x60,0x10,0x00,0x00,0x00,0x00,
    0x08,0x20,0x68,0x68,0x68,0x08,0x00,0x00,0x00,0x00,0x01,0x10,0x60,0x60,0x60,0x07,
    0x20,0x68,0x68,0x68,0x01,0x10,0x60,0x60,0x60,0x08,0x00,0x00,0x00,0x00,0x08,0x20,
    0x68,0x68,0x68,0x01,0xC0,0x66,0x66,0x66,0x07,0xE0,0x65,0x65,0x65,0x01,0xEF,0x65,
    0x65,0x65,0x07,0xFF,0x66,0x66,0x66,0x01,0xAF,0x66,0x66,0x66,0x07,0x20,0x68,0x68,
    0x68,0x01,0x40,0x68,0x68,0x68,0x08,0xFF,0x66,0x66,0x66,0x01,0x20,0x68,0x68,0x68,
    0x07,0x00,0x00,0x00,0x00,0x01,0x90,0x65,0x65,0x65,0x07,0xE0,0x65,0x65,0x65,0x01,
    0xEF,0x65,0x65,0x65,0x07,0xFF,0x66,0x66,0x66,0x01,0xDF,0x66,0x66,0x66,0x08,0x00,
    0x00,0x00,0x00,0x01,0xC0,0x66,0x66,0x66,0x07,0xE0,0x65,0x65,0x65,0x01,0xEF,0x65,
    0x65,0x65,0x18,0xFF,0x66,0x66,0x66,0x01,0x40,0x64,0x64,0x64,0x07,0x20,0x68,0x68,
    0x68,0x08,0x00,0x00,0x00,0x00,0x01,0x10,0x60,0x60,0x60,0x10,0x20,0x68,0x68,0x68,
    0x08,0x00,0x00,0x00,0x00,0x08,0x20,0x68,0x68,0x68,0x01,0x10,0x60,0x60,0x60,0x18,
    0x00,0x00,0x00,0x00,0x01,0xBF,0x67,0x67,0x67,0x07,0xFF,0x66,0x66,0x66,0x01,0x80,
    0x66,0x66,0x66,0x10,0x00,0x00,0x00,0x00,0x08,0xFF,0x66,0x66,0x66,0x01,0x40,0x64,
    0x64,0x64,0x07,0x00,0x00,0x00,0x00,0x01,0x80,0x66,0x66,0x66,0x07,0xFF,0x66,0x66,
    0x66,0x01,0xC0,0x65,0x65,0x65,0x07,0x00,0x00,0x00,0x00,0x01,0x20,0x68,0x68,0x68,
    0x08,0xFF,0x66,0x66,0x66,0x01,0x20,0x68,0x68,0x68,0x07,0x00,0x00,0x00,0x00,0x01,
    0xA0,0x66,0x66,0x66,0x18,0xFF,0x66,0x66,0x66,0x01,0x20,0x68,0x68,0x68,0x0F,0x00,
    0x00,0x00,0x00,0x01,0x60,0x65,0x65,0x65,0x07,0xFF,0x66,0x66,0x66,0x01,0xDF,0x66,
    0x66,0x66,0x10,0x00,0x00,0x00,0x00,0x01,0xA0,0x66,0x66,0x66,0x20,0xFF,0x66,0x66,
    0x66,0x01,0x40,0x64,0x64,0x64,0x07,0x00,0x00,0x00,0x00,0x01,0x80,0x66,0x66,0x66,
    0x10,0xFF,0x66,0x66,0x66,0x08,0x00,0x00,0x00,0x00,0x01,0xBF,0x67,0x67,0x67,0x07,
    0xFF,0x66,0x66,0x66,0x01,0x80,0x66,0x66,0x66,0x18,0x00,0x00,0x00,0x00,0x01,0xBF,
    0x67,0x67,0x67,0x07,0xFF,0x66,0x66,0x66,0x01,0x80,0x66,0x66,0x66,0x10,0x00,0x00,
    0x00,0x00,0x08,0xFF,0x66,0x66,0x66,0x01,0x40,0x64,0x64,0x64,0x07,0x00,0x00,0x00,
    0x00,0x01,0x80,0x66,0x66,0x66,0x07,0xFF,0x66,0x66,0x66,0x01,0xC0,0x65,0x65,0x65,
    0x07,0x00,0x00,0x00,0x00,0x01,0x20,0x68,0x68,0x68,0x08,0xFF,0x66,0x66,0x66,0x01,
    0x20,0x68,0x68,0x68,0x07,0x00,0x00,0x00,0x00,0x01,0xA0,0x66,0x66,0x66,0x18,0xFF,
    0x66,0x66,0x66,0x01,0x20,0x68,0x68,0x68,0x0F,0x00,0x00,0x00,0x00,0x01,0x60,0x65,
    0x65,0x65,0x07,0xFF,0x66,0x66,0x66,0x01,0xDF,0x66,0x66,0x66,0x10,0x00,0x00,0x00,
    0x00,0x01,0xA0,0x66,0x66,0x66,0x20,0xFF,0x66,0x66,0x66,0x01,0x40,0x64,0x64,0x64,
    0x07,0x00,0x00,0x00,0x00,0x01,0x80,0x66,0x66,0x66,0x10,0xFF,0x66,0x66,0x66,0x08,
    0x00,0x00,0x00,0x00,0x01,0xBF,0x67,0x67,0x67,0x07,0xFF,0x66,0x66,0x66,0x01,0x80,
    0x66,0x66,0x66,0x18,0x00,0x00,0x00,0x00,0x01,0xBF,0x67,0x67,0x67,0x07,0xFF,0x66,
    0x66,0x66,0x01,0x80,0x66,0x66,0x66,0x10,0x00,0x00,0x00,0x00,0x08,0xFF,0x66,0x66,
    0x66,0x01,0x40,0x64,0x64,0x64,0x07,0x00,0x00,0x00,0x00,0x01,0x80,0x66,0x66,0x66,
    0x07,0xFF,0x66,0x66,0x66,0x01,0xC0,0x65,0x65,0x65,0x07,0x00,0x00,0x00,0x00,0x01,
    0x20,0x68,0x68,0x68,0x08,0xFF,0x66,0x66,0x66,0x01,0x20,0x68,0x68,0x68,0x07,0x00,
    0x00,0x00,0x00,0x01,0xA0,0x66,0x66,0x66,0x18,0xFF,0x66,0x66,0x66,0x01,0x20,0x68,
    0x68,0x68,0x0F,0x00,0x00,0x00,0x00,0x01,0x60,0x65,0x65,0x65,0x07,0xFF,0x66,0x66,
    0x66,0x01,0xDF,0x66,0x66,0x66,0x10,0x00,0x00,0x00,0x00,0x01,0xA0,0x66,0x66,0x66,
    0x20,0xFF,0x66,0x66,0x66,0x01,0x40,0x64,0x64,0x64,0x07,0x00,0x00,0x00,0x00,0x01,
    0x80,0x66,0x66,0x66,0x10,0xFF,0x66,0x66,0x66,0x08,0x00,0x00,0x00,0x00,0x01,0xBF,
    0x67,0x67,0x67,0x07,0xFF,0x66,0x66,0x66,0x01,0x80,0x66,0x66,0x66,0x18,0x00,0x00,
    0x00,0x00,0x01,0xBF,0x67,0x67,0x67,0x07,0xFF,0x66,0x66,0x66,0x01,0x80,0x66,0x66,
    0x66,0x10,0x00,0x00,0x00,0x00,0x08,0xFF,0x66,0x66,0x66,0x01,0x40,0x64,0x64,0x64,
    0x07,0x00,0x00,0x00,0x00,0x01,0x80,0x66,0x66,0x66,0x07,0xFF,0x66,0x66,0x66,0x01,
    0xC0,0x65,0x65,0x65,0x07,0x00,0x00,0x00,0x00,0x01,0x20,0x68,0x68,0x68,0x08,0xFF,
    0x66,0x66,0x66,0x01,0x20,0x68,0x68,0x68,0x07,0x00,0x00,0x00,0x00,0x01,0xA0,0x66,
    0x66,0x66,0x18,0xFF,0x66,0x66,0x66,0x01,0x20,0x68,0x68,0x68,0x0F,0x00,0x00,0x00,
    0x00,0x01,0x60,0x65,0x65,0x65,0x07,0xFF,0x66,0x66,0x66,0x01,0xDF,0x66,0x66,0x66,
    0x10,0x00,0x00,0x00,0x00,0x01,0xA0,0x66,0x66,0x66,0x20,0xFF,0x66,0x66,0x66,0x01,
    0x40,0x64,0x64,0x64,0x07,0x00,0x00,0x00,0x00,0x01,0x80,0x66,0x66,0x66,0x10,0xFF,
    0x66,0x66,0x66,0x08,0x00,0x00,0x00,0x00,0x01,0xBF,0x67,0x67,0x67,0x07,0xFF,0x66,
    0x66,0x66,0x01,0x80,0x66,0x66,0x66,0x18,0x00,0x00,0x00,0x00,0x01,0xBF,0x67,0x67,
    0x67,0x07,0xFF,0x66,0x66,0x66,0x01,0x80,0x66,0x66,0x66,0x10,0x00,0x00,0x00,0x00,
    0x08,0xFF,0x66,0x66,0x66,0x01,0x40,0x64,0x64,0x64,0x07,0x00,0x00,0x00,0x00,0x01,
    0x80,0x66,0x66,0x66,0x07,0xFF,0x66,0x66,0x66,0x01,0xC0,0x65,0x65,0x65,0x07,0x00,
    0x00,0x00,0x00,0x01,0x20,0x68,0x68,0x68,0x08,0xFF,0x66,0x66,0x66,0x01,0x20,0x68,
    0x68,0x68,0x07,0x00,0x00,0x00,0x00,0x01,0xA0,0x66,0x66,0x66,0x18,0xFF,0x66,0x66,
    0x66,0x01,0x20,0x68,0x68,0x68,0x0F,0x00,0x00,0x00,0x00,0x01,0x60,0x65,0x65,0x65,
    0x07,0xFF,0x66,0x66,0x66,0x01,0xDF,0x66,0x66,0x66,0x10,0x00,0x00,0x00,0x00,0x01,
    0xA0,0x66,0x66,0x66,0x20,0xFF,0x66,0x66,0x66,0x01,0x40,0x64,0x64,0x64,0x07,0x00,
    0x00,0x00,0x00,0x01,0x80,0x66,0x66,0x66,0x10,0xFF,0x66,0x66,0x66,0x08,0x00,0x00,
    0x00,0x00,0x01,0xBF,0x67,0x67,0x67,0x07,0xFF,0x66,0x66,0x66,0x01,0x80,0x66,0x66,
    0x66,0x18,0x00,0x00,0x00,0x00,0x01,0xBF,0x67,0x67,0x67,0x07,0xFF,0x66,0x66,0x66,
    0x01,0x80,0x66,0x66,0x66,0x10,0x00,0x00,0x00,0x00,0x08,0xFF,0x66,0x66,0x66,0x01,
    0x40,0x64,0x64,0x64,0x07,0x00,0x00,0x00,0x00,0x01,0x80,0x66,0x66,0x66,0x07,0xFF,
    0x66,0x66,0x66,0x01,0xC0,0x65,0x65,0x65,0x07,0x00,0x00,0x00,0x00,0x01,0x20,0x68,
    0x68,0x68,0x08,0xFF,0x66,0x66,0x66,0x01,0x20,0x68,0x68,0x68,0x07,0x00,0x00,0x00,
    0x00,0x01,0xA0,0x66,0x66,0x66,0x18,0xFF,0x66,0x66,0x66,0x01,0x20,0x68,0x68,0x68,
    0x0F,0x00,0x00,0x00,0x00,0x01,0x60,0x65,0x65,0x65,0x07,0xFF,0x66,0x66,0x66,0x01,
    0xDF,0x66,0x66,0x66,0x10,0x00,0x00,0x00,0x00,0x01,0xA0,0x66,0x66,0x66,0x20,0xFF,
    0x66,0x66,0x66,0x01,0x40,0x64,0x64,0x64,0x07,0x00,0x00,0x00,0x00,0x01,0x80,0x66,
    0x66,0x66,0x10,0xFF,0x66,0x66,0x66,0x08,0x00,0x00,0x00,0x00,0x01,0xBF,0x67,0x67,
    0x67,0x07,0xFF,0x66,0x66,0x66,0x01,0x80,0x66,0x66,0x66,0x18,0x00,0x00,0x00,0x00,
    0x01,0xBF,0x67,0x67,0x67,0x07,0xFF,0x66,0x66,0x66,0x01,0x80,0x66,0x66,0x66,0x10,
    0x00,0x00,0x00,0x00,0x08,0xFF,0x66,0x66,0x66,0x01,0x40,0x64,0x64,0x64,0x07,0x00,
    0x00,0x00,0x00,0x01,0x80,0x66,0x66,0x66,0x07,0xFF,0x66,0x66,0x66,0x01,0xC0,0x65,
    0x65,0x65,0x07,0x00,0x00,0x00,0x00,0x01,0x20,0x68,0x68,0x68,0x08,0xFF,0x66,0x66,
    0x66,0x01,0x20,0x68,0x68,0x68,0x07,0x00,0x00,0x00,0x00,0x01,0xA0,0x66,0x66,0x66,
    0x18,0xFF,0x66,0x66,0x66,0x01,0x20,0x68,0x68,0x68,0x0F,0x00,0x00,0x00,0x00,0x01,
    0x60,0x65,0x65,0x65,0x07,0xFF,0x66,0x66,0x66,0x01,0xDF,0x66,0x66,0x66,0x10,0x00,
    0x00,0x00,0x00,0x01,0xA0,0x66,0x66,0x66,0x20,0xFF,0x66,0x66,0x66,0x01,0x40,0x64,
    0x64,0x64,0x07,0x00,0x00,0x00,0x00,0x01,0x80,0x66,0x66,0x66,0x10,0xFF,0x66,0x66,
    0x66,0x08,0x00,0x00,0x00,0x00,0x01,0xBF,0x67,0x67,0x67,0x07,0xFF,0x66,0x66,0x66,
    0x01,0x80,0x66,0x66,0x66,0x18,0x00,0x00,0x00,0x00,0x01,0xBF,0x67,0x67,0x67,0x07,
    0xFF,0x66,0x66,0x66,0x01,0x80,0x66,0x66,0x66,0x10,0x00,0x00,0x00,0x00,0x08,0xFF,
    0x66,0x66,0x66,0x01,0x40,0x64,0x64,0x64,0x07,0x00,0x00,0x00,0x00,0x01,0x80,0x66,
    0x66,0x66,0x07,0xFF,0x66,0x66,0x66,0x01,0xC0,0x65,0x65,0x65,0x07,0x00,0x00,0x00,
    0x00,0x01,0x20,0x68,0x68,0x68,0x08,0xFF,0x66,0x66,0x66,0x01,0x20,0x68,0x68,0x68,
    0x07,0x00,0x00,0x00,0x00,0x01,0xA0,0x66,0x66,0x66,0x18,0xFF,0x66,0x66,0x66,0x01,
    0x20,0x68,0x68,0x68,0x0F,0x00,0x00,0x00,0x00,0x01,0x60,0x65,0x65,0x65,0x07,0xFF,
    0x66,0x66,0x66,0x01,0xDF,0x66,0x66,0x66,0x10,0x00,0x00,0x00,0x00,0x01,0xA0,0x66,
    0x66,0x66,0x20,0xFF,0x66,0x66,0x66,0x01,0x40,0x64,0x64,0x64,0x07,0x00,0x00,0x00,
    0x00,0x01,0x80,0x66,0x66,0x66,0x10,0xFF,0x66,0x66,0x66,0x08,0x00,0x00,0x00,0x00,
    0x01,0xBF,0x67,0x67,0x67,0x07,0xFF,0x66,0x66,0x66,0x01,0x80,0x66,0x66,0x66,0x10,
    0x00,0x00,0x00,0x00,0x08,0xDF,0x66,0x66,0x66,0x01,0xEF,0x65,0x65,0x65,0x07,0xFF,
    0x66,0x66,0x66,0x01,0x80,0x66,0x66,0x66,0x07,0x00,0x00,0x00,0x00,0x01,0x40,0x68,
    0x68,0x68,0x08,0xDF,0x66,0x66,0x66,0x08,0xFF,0x66,0x66,0x66,0x01,0xEF,0x65,0x65,
    0x65,0x07,0xDF,0x66,0x66,0x66,0x01,0x80,0x66,0x66,0x66,0x08,0x20,0x68,0x68,0x68,
    0x07,0x00,0x00,0x00,0x00,0x01,0x20,0x68,0x68,0x68,0x08,0xFF,0x66,0x66,0x66,0x01,
    0x20,0x68,0x68,0x68,0x07,0x00,0x00,0x00,0x00,0x01,0x10,0x70,0x70,0x70,0x07,0x20,
    0x68,0x68,0x68,0x01,0x70,0x66,0x66,0x66,0x10,0xFF,0x66,0x66,0x66,0x08,0xDF,0x66,
    0x66,0x66,0x01,0x50,0x63,0x63,0x63,0x07,0x00,0x00,0x00,0x00,0x01,0x60,0x65,0x65,
    0x65,0x07,0xFF,0x66,0x66,0x66,0x01,0xDF,0x66,0x66,0x66,0x08,0x00,0x00,0x00,0x00,
    0x01,0xBF,0x67,0x67,0x67,0x07,0xDF,0x66,0x66,0x66,0x01,0x60,0x65,0x65,0x65,0x07,
    0x20,0x68,0x68,0x68,0x01,0x70,0x66,0x66,0x66,0x10,0xFF,0x66,0x66,0x66,0x01,0x40,
    0x64,0x64,0x64,0x07,0x20,0x68,0x68,0x68,0x01,0xBF,0x67,0x67,0x67,0x07,0xDF,0x66,
    0x66,0x66,0x01,0xEF,0x65,0x65,0x65,0x10,0xFF,0x66,0x66,0x66,0x08,0xDF,0x66,0x66,
    0x66,0x01,0xEF,0x65,0x65,0x65,0x07,0xFF,0x66,0x66,0x66,0x01,0xEF,0x65,0x65,0x65,
    0x10,0xDF,0x66,0x66,0x66,0x10,0xFF,0x66,0x66,0x66,0x01,0x80,0x66,0x66,0x66,0x07,
    0x00,0x00,0x00,0x00,0x01,0x40,0x68,0x68,0x68,0x18,0xFF,0x66,0x66,0x66,0x01,0x80,
    0x66,0x66,0x66,0x0F,0x00,0x00,0x00,0x00,0x01,0x20,0x68,0x68,0x68,0x08,0xFF,0x66,
    0x66,0x66,0x01,0x20,0x68,0x68,0x68,0x0F,0x00,0x00,0x00,0x00,0x01,0x60,0x65,0x65,
    0x65,0x18,0xFF,0x66,0x66,0x66,0x01,0x60,0x65,0x65,0x65,0x07,0x00,0x00,0x00,0x00,
    0x01,0x60,0x65,0x65,0x65,0x07,0xFF,0x66,0x66,0x66,0x01,0xDF,0x66,0x66,0x66,0x08,
    0x00,0x00,0x00,0x00,0x01,0xE0,0x65,0x65,0x65,0x07,0xFF,0x66,0x66,0x66,0x01,0x60,
    0x65,0x65,0x65,0x07,0x00,0x00,0x00,0x00,0x01,0x60,0x65,0x65,0x65,0x10,0xFF,0x66,
    0x66,0x66,0x01,0x20,0x68,0x68,0x68,0x07,0x00,0x00,0x00,0x00,0x01,0xBF,0x67,0x67,
    0x67,0x49,0xFF,0x66,0x66,0x66,0x01,0x80,0x66,0x66,0x66,0x07,0x00,0x00,0x00,0x00,
    0x01,0x40,0x68,0x68,0x68,0x18,0xFF,0x66,0x66,0x66,0x01,0x80,0x66,0x66,0x66,0x0F,
    0x00,0x00,0x00,0x00,0x01,0x20,0x68,0x68,0x68,0x08,0xFF,0x66,0x66,0x66,0x01,0x20,
    0x68,0x68,0x68,0x0F,0x00,0x00,0x00,0x00,0x01,0x60,0x65,0x65,0x65,0x18,0xFF,0x66,
    0x66,0x66,0x01,0x60,0x65,0x65,0x65,0x07,0x00,0x00,0x00,0x00,0x01,0x60,0x65,0x65,
    0x65,0x07,0xFF,0x66,0x66,0x66,0x01,0xDF,0x66,0x66,0x66,0x08,0x00,0x00,0x00,0x00,
    0x01,0xE0,0x65,0x65,0x65,0x07,0xFF,0x66,0x66,0x66,0x01,0x60,0x65,0x65,0x65,0x07,
    0x00,0x00,0x00,0x00,0x01,0x60,0x65,0x65,0x65,0x10,0xFF,0x66,0x66,0x66,0x01,0x20,
    0x68,0x68,0x68,0x07,0x00,0x00,0x00,0x00,0x01,0xBF,0x67,0x67,0x67,0x49,0xFF,0x66,
    0x66,0x66,0x01,0x80,0x66,0x66,0x66,0x07,0x00,0x00,0x00,0x00,0x01,0x40,0x68,0x68,
    0x68,0x18,0xFF,0x66,0x66,0x66,0x01,0x80,0x66,0x66,0x66,0x0F,0x00,0x00,0x00,0x00,
    0x01,0x20,0x68,0x68,0x68,0x08,0xFF,0x66,0x66,0x66,0x01,0x20,0x68,0x68,0x68,0x0F,
    0x00,0x00,0x00,0x00,0x01,0x60,0x65,0x65,0x65,0x18,0xFF,0x66,0x66,0x66,0x01,0x60,
    0x65,0x65,0x65,0x07,0x00,0x00,0x00,0x00,0x01,0x60,0x65,0x65,0x65,0x07,0xFF,0x66,
    0x66,0x66,0x01,0xDF,0x66,0x66,0x66,0x08,0x00,0x00,0x00,0x00,0x01,0xE0,0x65,0x65,
    0x65,0x07,0xFF,0x66,0x66,0x66,0x01,0x60,0x65,0x65,0x65,0x07,0x00,0x00,0x00,0x00,
    0x01,0x60,0x65,0x65,0x65,0x10,0xFF,0x66,0x66,0x66,0x01,0x20,0x68,0x68,0x68,0x07,
    0x00,0x00,0x00,0x00,0x01,0xBF,0x67,0x67,0x67,0x49,0xFF,0x66,0x66,0x66,0x01,0x80,
    0x66,0x66,0x66,0x07,0x00,0x00,0x00,0x00,0x01,0x40,0x68,0x68,0x68,0x18,0xFF,0x66,
    0x66,0x66,0x01,0x80,0x66,0x66,0x66,0x0F,0x00,0x00,0x00,0x00,0x01,0x20,0x68,0x68,
    0x68,0x08,0xFF,0x66,0x66,0x66,0x01,0x20,0x68,0x68,0x68,0x0F,0x00,0x00,0x00,0x00,
    0x01,0x60,0x65,0x65,0x65,0x18,0xFF,0x66,0x66,0x66,0x01,0x60,0x65,0x65,0x65,0x07,
    0x00,0x00,0x00,0x00,0x01,0x60,0x65,0x65,0x65,0x07,0xFF,0x66,0x66,0x66,0x01,0xDF,
    0x66,0x66,0x66,0x08,0x00,0x00,0x00,0x00,0x01,0xE0,0x65,0x65,0x65,0x07,0xFF,0x66,
    0x66,0x66,0x01,0x60,0x65,0x65,0x65,0x07,0x00,0x00,0x00,0x00,0x01,0x60,0x65,0x65,
    0x65,0x10,0xFF,0x66,0x66,0x66,0x01,0x20,0x68,0x68,0x68,0x07,0x00,0x00,0x00,0x00,
    0x01,0xBF,0x67,0x67,0x67,0x49,0xFF,0x66,0x66,0x66,0x01,0x80,0x66,0x66,0x66,0x07,
    0x00,0x00,0x00,0x00,0x01,0x40,0x68,0x68,0x68,0x18,0xFF,0x66,0x66,0x66,0x01,0x80,
    0x66,0x66,0x66,0x0F,0x00,0x00,0x00,0x00,0x01,0x20,0x68,0x68,0x68,0x08,0xFF,0x66,
    0x66,0x66,0x01,0x20,0x68,0x68,0x68,0x0F,0x00,0x00,0x00,0x00,0x01,0x60,0x65,0x65,
    0x65,0x18,0xFF,0x66,0x66,0x66,0x01,0x60,0x65,0x65,0x65,0x07,0x00,0x00,0x00,0x00,
    0x01,0x60,0x65,0x65,0x65,0x07,0xFF,0x66,0x66,0x66,0x01,0xDF,0x66,0x66,0x66,0x08,
    0x00,0x00,0x00,0x00,0x01,0xE0,0x65,0x65,0x65,0x07,0xFF,0x66,0x66,0x66,0x01,0x60,
    0x65,0x65,0x65,0x07,0x00,0x00,0x00,0x00,0x01,0x60,0x65,0x65,0x65,0x10,0xFF,0x66,
    0x66,0x66,0x01,0x20,0x68,0x68,0x68,0x07,0x00,0x00,0x00,0x00,0x01,0xBF,0x67,0x67,
    0x67,0x49,0xFF,0x66,0x66,0x66,0x01,0x80,0x66,0x66,0x66,0x07,0x00,0x00,0x00,0x00,
    0x01,0x40,0x68,0x68,0x68,0x18,0xFF,0x66,0x66,0x66,0x01,0x80,0x66,0x66,0x66,0x0F,
    0x00,0x00,0x00,0x00,0x01,0x20,0x68,0x68,0x68,0x08,0xFF,0x66,0x66,0x66,0x01,0x20,
    0x68,0x68,0x68,0x0F,0x00,0x00,0x00,0x00,0x01,0x60,0x65,0x65,0x65,0x18,0xFF,0x66,
    0x66,0x66,0x01,0x60,0x65,0x65,0x65,0x07,0x00,0x00,0x00,0x00,0x01,0x60,0x65,0x65,
    0x65,0x07,0xFF,0x66,0x66,0x66,0x01,0xDF,0x66,0x66,0x66,0x08,0x00,0x00,0x00,0x00,
    0x01,0xE0,0x65,0x65,0x65,0x07,0xFF,0x66,0x66,0x66,0x01,0x60,0x65,0x65,0x65,0x07,
    0x00,0x00,0x00,0x00,0x01,0x60,0x65,0x65,0x65,0x10,0xFF,0x66,0x66,0x66,0x01,0x20,
    0x68,0x68,0x68,0x07,0x00,0x00,0x00,0x00,0x01,0xBF,0x67,0x67,0x67,0x49,0xFF,0x66,
    0x66,0x66,0x01,0x80,0x66,0x66,0x66,0x07,0x00,0x00,0x00,0x00,0x01,0x40,0x68,0x68,
    0x68,0x18,0xFF,0x66,0x66,0x66,0x01,0x80,0x66,0x66,0x66,0x0F,0x00,0x00,0x00,0x00,
    0x01,0x20,0x68,0x68,0x68,0x08,0xFF,0x66,0x66,0x66,0x01,0x20,0x68,0x68,0x68,0x0F,
    0x00,0x00,0x00,0x00,0x01,0x60,0x65,0x65,0x65,0x18,0xFF,0x66,0x66,0x66,0x01,0x60,
    0x65,0x65,0x65,0x07,0x00,0x00,0x00,0x00,0x01,0x60,0x65,0x65,0x65,0x07,0xFF,0x66,
    0x66,0x66,0x01,0xDF,0x66,0x66,0x66,0x08,0x00,0x00,0x00,0x00,0x01,0xE0,0x65,0x65,
    0x65,0x07,0xFF,0x66,0x66,0x66,0x01,0x60,0x65,0x65,0x65,0x07,0x00,0x00,0x00,0x00,
    0x01,0x60,0x65,0x65,0x65,0x10,0xFF,0x66,0x66,0x66,0x01,0x20,0x68,0x68,0x68,0x07,
    0x00,0x00,0x00,0x00,0x01,0xBF,0x67,0x67,0x67,0x39,0xFF,0x66,0x66,0x66,0x08,0x60,
    0x65,0x65,0x65,0x01,0xDF,0x66,0x66,0x66,0x07,0xFF,0x66,0x66,0x66,0x01,0xCF,0x66,
    0x66,0x66,0x07,0x9F,0x67,0x67,0x67,0x01,0x80,0x66,0x66,0x66,0x08,0x60,0x65,0x65,
    0x65,0x08,0xFF,0x66,0x66,0x66,0x01,0x80,0x66,0x66,0x66,0x07,0x60,0x65,0x65,0x65,
    0x01,0x80,0x66,0x66,0x66,0x07,0x9F,0x67,0x67,0x67,0x01,0x70,0x64,0x64,0x64,0x07,
    0x00,0x00,0x00,0x00,0x01,0x20,0x68,0x68,0x68,0x08,0xFF,0x66,0x66,0x66,0x01,0x20,
    0x68,0x68,0x68,0x0F,0x00,0x00,0x00,0x00,0x01,0x20,0x68,0x68,0x68,0x18,0x60,0x65,
    0x65,0x65,0x01,0x80,0x66,0x66,0x66,0x07,0x9F,0x67,0x67,0x67,0x01,0xBF,0x65,0x65,
    0x65,0x07,0xFF,0x66,0x66,0x66,0x01,0xDF,0x66,0x66,0x66,0x08,0x00,0x00,0x00,0x00,
    0x01,0x50,0x66,0x66,0x66,0x07,0x60,0x65,0x65,0x65,0x01,0x80,0x66,0x66,0x66,0x07,
    0x9F,0x67,0x67,0x67,0x01,0x80,0x66,0x66,0x66,0x07,0x60,0x65,0x65,0x65,0x01,0x70,
    0x66,0x66,0x66,0x08,0xFF,0x66,0x66,0x66,0x01,0xAF,0x66,0x66,0x66,0x07,0x9F,0x67,
    0x67,0x67,0x08,0x60,0x65,0x65,0x65,0x01,0xAF,0x66,0x66,0x66,0x20,0xFF,0x66,0x66,
    0x66,0x01,0xAF,0x66,0x66,0x66,0x07,0x60,0x65,0x65,0x65,0x01,0x90,0x65,0x65,0x65,
    0x08,0xFF,0x66,0x66,0x66,0x08,0x00,0x00,0x00,0x00,0x01,0xBF,0x67,0x67,0x67,0x0F,
    0xFF,0x66,0x66,0x66,0x01,0xC0,0x65,0x65,0x65,0x08,0x00,0x00,0x00,0x00,0x08,0xFF,
    0x66,0x66,0x66,0x01,0x40,0x64,0x64,0x64,0x07,0x00,0x00,0x00,0x00,0x01,0x80,0x66,
    0x66,0x66,0x07,0xFF,0x66,0x66,0x66,0x01,0xC0,0x65,0x65,0x65,0x07,0x00,0x00,0x00,
    0x00,0x01,0x20,0x68,0x68,0x68,0x08,0xFF,0x66,0x66,0x66,0x01,0x20,0x68,0x68,0x68,
    0x28,0x00,0x00,0x00,0x00,0x01,0xA0,0x66,0x66,0x66,0x0F,0xFF,0x66,0x66,0x66,0x01,
    0xDF,0x66,0x66,0x66,0x10,0x00,0x00,0x00,0x00,0x01,0xA0,0x66,0x66,0x66,0x07,0xFF,
    0x66,0x66,0x66,0x01,0x9F,0x67,0x67,0x67,0x07,0x00,0x00,0x00,0x00,0x01,0x20,0x68,
    0x68,0x68,0x10,0xFF,0x66,0x66,0x66,0x01,0x40,0x64,0x64,0x64,0x07,0x00,0x00,0x00,
    0x00,0x01,0x80,0x66,0x66,0x66,0x20,0xFF,0x66,0x66,0x66,0x01,0x80,0x66,0x66,0x66,
    0x07,0x00,0x00,0x00,0x00,0x01,0x40,0x68,0x68,0x68,0x08,0xFF,0x66,0x66,0x66,0x08,
    0x00,0x00,0x00,0x00,0x01,0xBF,0x67,0x67,0x67,0x0F,0xFF,0x66,0x66,0x66,0x01,0xC0,
    0x65,0x65,0x65,0x08,0x00,0x00,0x00,0x00,0x08,0xFF,0x66,0x66,0x66,0x01,0x40,0x64,
    0x64,0x64,0x07,0x00,0x00,0x00,0x00,0x01,0x80,0x66,0x66,0x66,0x07,0xFF,0x66,0x66,
    0x66,0x01,0xC0,0x65,0x65,0x65,0x07,0x00,0x00,0x00,0x00,0x01,0x20,0x68,0x68,0x68,
    0x08,0xFF,0x66,0x66,0x66,0x01,0x20,0x68,0x68,0x68,0x28,0x00,0x00,0x00,0x00,0x01,
    0xA0,0x66,0x66,0x66,0x0F,0xFF,0x66,0x66,0x66,0x01,0xDF,0x66,0x66,0x66,0x10,0x00,
    0x00,0x00,0x00,0x01,0xA0,0x66,0x66,0x66,0x07,0xFF,0x66,0x66,0x66,0x01,0x9F,0x67,
    0x67,0x67,0x07,0x00,0x00,0x00,0x00,0x01,0x20,0x68,0x68,0x68,0x10,0xFF,0x66,0x66,
    0x66,0x01,0x40,0x64,0x64,0x64,0x07,0x00,0x00,0x00,0x00,0x01,0x80,0x66,0x66,0x66,
    0x20,0xFF,0x66,0x66,0x66,0x01,0x80,0x66,0x66,0x66,0x07,0x00,0x00,0x00,0x00,0x01,
    0x40,0x68,0x68,0x68,0x08,0xFF,0x66,0x66,0x66,0x08,0x00,0x00,0x00,0x00,0x01,0xBF,
    0x67,0x67,0x67,0x0F,0xFF,0x66,0x66,0x66,0x01,0xC0,0x65,0x65,0x65,0x08,0x00,0x00,
    0x00,0x00,0x08,0xFF,0x66,0x66,0x66,0x01,0x40,0x64,0x64,0x64,0x07,0x00,0x00,0x00,
    0x00,0x01,0x80,0x66,0x66,0x66,0x07,0xFF,0x66,0x66,0x66,0x01,0xC0,0x65,0x65,0x65,
    0x07,0x00,0x00,0x00,0x00,0x01,0x20,0x68,0x68,0x68,0x08,0xFF,0x66,0x66,0x66,0x01,
    0x20,0x68,0x68,0x68,0x28,0x00,0x00,0x00,0x00,0x01,0xA0,0x66,0x66,0x66,0x0F,0xFF,
    0x66,0x66,0x66,0x01,0xDF,0x66,0x66,0x66,0x10,0x00,0x00,0x00,0x00,0x01,0xA0,0x66,
    0x66,0x66,0x07,0xFF,0x66,0x66,0x66,0x01,0x9F,0x67,0x67,0x67,0x07,0x00,0x00,0x00,
    0x00,0x01,0x20,0x68,0x68,0x68,0x10,0xFF,0x66,0x66,0x66,0x01,0x40,0x64,0x64,0x64,
    0x07,0x00,0x00,0x00,0x00,0x01,0x80,0x66,0x66,0x66,0x20,0xFF,0x66,0x66,0x66,0x01,
    0x80,0x66,0x66,0x66,0x07,0x00,0x00,0x00,0x00,0x01,0x40,0x68,0x68,0x68,0x08,0xFF,
    0x66,0x66,0x66,0x08,0x00,0x00,0x00,0x00,0x01,0xBF,0x67,0x67,0x67,0x0F,0xFF,0x66,
    0x66,0x66,0x01,0xC0,0x65,0x65,0x65,0x08,0x00,0x00,0x00,0x00,0x08,0xFF,0x66,0x66,
    0x66,0x01,0x40,0x64,0x64,0x64,0x07,0x00,0x00,0x00,0x00,0x01,0x80,0x66,0x66,0x66,
    0x07,0xFF,0x66,0x66,0x66,0x01,0xC0,0x65,0x65,0x65,0x07,0x00,0x00,0x00,0x00,0x01,
    0x20,0x68,0x68,0x68,0x08,0xFF,0x66,0x66,0x66,0x01,0x20,0x68,0x68,0x68,0x28,0x00,
    0x00,0x00,0x00,0x01,0xA0,0x66,0x66,0x66,0x0F,0xFF,0x66,0x66,0x66,0x01,0xDF,0x66,
    0x66,0x66,0x10,0x00,0x00,0x00,0x00,0x01,0xA0,0x66,0x66,0x66,0x07,0xFF,0x66,0x66,
    0x66,0x01,0x9F,0x67,0x67,0x67,0x07,0x00,0x00,0x00,0x00,0x01,0x20,0x68,0x68,0x68,
    0x10,0xFF,0x66,0x66,0x66,0x01,0x40,0x64,0x64,0x64,0x07,0x00,0x00,0x00,0x00,0x01,
    0x80,0x66,0x66,0x66,0x20,0xFF,0x66,0x66,0x66,0x01,0x80,0x66,0x66,0x66,0x07,0x00,
    0x00,0x00,0x00,0x01,0x40,0x68,0x68,0x68,0x08,0xFF,0x66,0x66,0x66,0x08,0x00,0x00,
    0x00,0x00,0x01,0xBF,0x67,0x67,0x67,0x0F,0xFF,0x66,0x66,0x66,0x01,0xC0,0x65,0x65,
    0x65,0x08,0x00,0x00,0x00,0x00,0x08,0xFF,0x66,0x66,0x66,0x01,0x40,0x64,0x64,0x64,
    0x07,0x00,0x00,0x00,0x00,0x01,0x80,0x66,0x66,0x66,0x07,0xFF,0x66,0x66,0x66,0x01,
    0xC0,0x65,0x65,0x65,0x07,0x00,0x00,0x00,0x00,0x01,0x20,0x68,0x68,0x68,0x08,0xFF,
    0x66,0x66,0x66,0x01,0x20,0x68,0x68,0x68,0x28,0x00,0x00,0x00,0x00,0x01,0xA0,0x66,
    0x66,0x66,0x0F,0xFF,0x66,0x66,0x66,0x01,0xDF,0x66,0x66,0x66,0x10,0x00,0x00,0x00,
    0x00,0x01,0xA0,0x66,0x66,0x66,0x07,0xFF,0x66,0x66,0x66,0x01,0x9F,0x67,0x67,0x67,
    0x07,0x00,0x00,0x00,0x00,0x01,0x20,0x68,0x68,0x68,0x10,0xFF,0x66,0x66,0x66,0x01,
    0x40,0x64,0x64,0x64,0x07,0x00,0x00,0x00,0x00,0x01,0x80,0x66,0x66,0x66,0x20,0xFF,
    0x66,0x66,0x66,0x01,0x80,0x66,0x66,0x66,0x07,0x00,0x00,0x00,0x00,0x01,0x40,0x68,
    0x68,0x68,0x08,0xFF,0x66,0x66,0x66,0x08,0x00,0x00,0x00,0x00,0x01,0xBF,0x67,0x67,
    0x67,0x0F,0xFF,0x66,0x66,0x66,0x01,0xC0,0x65,0x65,0x65,0x08,0x00,0x00,0x00,0x00,
    0x08,0xFF,0x66,0x66,0x66,0x01,0x40,0x64,0x64,0x64,0x07,0x00,0x00,0x00,0x00,0x01,
    0x80,0x66,0x66,0x66,0x07,0xFF,0x66,0x66,0x66,0x01,0xC0,0x65,0x65,0x65,0x07,0x00,
    0x00,0x00,0x00,0x01,0x20,0x68,0x68,0x68,0x08,0xFF,0x66,0x66,0x66,0x01,0x20,0x68,
    0x68,0x68,0x28,0x00,0x00,0x00,0x00,0x01,0xA0,0x66,0x66,0x66,0x0F,0xFF,0x66,0x66,
    0x66,0x01,0xDF,0x66,0x66,0x66,0x10,0x00,0x00,0x00,0x00,0x01,0xA0,0x66,0x66,0x66,
    0x07,0xFF,0x66,0x66,0x66,0x01,0x9F,0x67,0x67,0x67,0x07,0x00,0x00,0x00,0x00,0x01,
    0x20,0x68,0x68,0x68,0x10,0xFF,0x66,0x66,0x66,0x01,0x40,0x64,0x64,0x64,0x07,0x00,
    0x00,0x00,0x00,0x01,0x80,0x66,0x66,0x66,0x20,0xFF,0x66,0x66,0x66,0x01,0x80,0x66,
    0x66,0x66,0x07,0x00,0x00,0x00,0x00,0x01,0x40,0x68,0x68,0x68,0x08,0xFF,0x66,0x66,
    0x66,0x08,0x00,0x00,0x00,0x00,0x01,0xBF,0x67,0x67,0x67,0x0F,0xFF,0x66,0x66,0x66,
    0x01,0xC0,0x65,0x65,0x65,0x08,0x00,0x00,0x00,0x00,0x08,0xFF,0x66,0x66,0x66,0x01,
    0x40,0x64,0x64,0x64,0x07,0x00,0x00,0x00,0x00,0x01,0x80,0x66,0x66,0x66,0x07,0xFF,
    0x66,0x66,0x66,0x01,0xC0,0x65,0x65,0x65,0x07,0x00,0x00,0x00,0x00,0x01,0x20,0x68,
    0x68,0x68,0x08,0xFF,0x66,0x66,0x66,0x01,0x20,0x68,0x68,0x68,0x28,0x00,0x00,0x00,
    0x00,0x01,0xA0,0x66,0x66,0x66,0x0F,0xFF,0x66,0x66,0x66,0x01,0xDF,0x66,0x66,0x66,
    0x10,0x00,0x00,0x00,0x00,0x01,0xA0,0x66,0x66,0x66,0x07,0xFF,0x66,0x66,0x66,0x01,
    0x9F,0x67,0x67,0x67,0x07,0x00,0x00,0x00,0x00,0x01,0x20,0x68,0x68,0x68,0x10,0xFF,
    0x66,0x66,0x66,0x01,0x40,0x64,0x64,0x64,0x07,0x00,0x00,0x00,0x00,0x01,0x80,0x66,
    0x66,0x66,0x20,0xFF,0x66,0x66,0x66,0x01,0x80,0x66,0x66,0x66,0x07,0x00,0x00,0x00,
    0x00,0x01,0x40,0x68,0x68,0x68,0x08,0xFF,0x66,0x66,0x66,0x08,0x00,0x00,0x00,0x00,
    0x01,0xBF,0x67,0x67,0x67,0x07,0xFF,0x66,0x66,0x66,0x01,0xCF,0x66,0x66,0x66,0x07,
    0xA0,0x66,0x66,0x66,0x01,0x80,0x66,0x66,0x66,0x08,0x00,0x00,0x00,0x00,0x08,0xFF,
    0x66,0x66,0x66,0x01,0x40,0x64,0x64,0x64,0x07,0x00,0x00,0x00,0x00,0x01,0x50,0x66,
    0x66,0x66,0x07,0xA0,0x66,0x66,0x66,0x01,0x80,0x66,0x66,0x66,0x07,0x00,0x00,0x00,
    0x00,0x01,0x20,0x68,0x68,0x68,0x08,0xFF,0x66,0x66,0x66,0x01,0x70,0x64,0x64,0x64,
    0x0F,0x60,0x65,0x65,0x65,0x01,0x40,0x64,0x64,0x64,0x18,0x00,0x00,0x00,0x00,0x01,
    0xA0,0x66,0x66,0x66,0x07,0xFF,0x66,0x66,0x66,0x01,0xDF,0x66,0x66,0x66,0x08,0xA0,
    0x66,0x66,0x66,0x10,0x60,0x65,0x65,0x65,0x01,0x80,0x66,0x66,0x66,0x07,0xA0,0x66,
    0x66,0x66,0x01,0x80,0x66,0x66,0x66,0x07,0x60,0x65,0x65,0x65,0x01,0x70,0x66,0x66,
    0x66,0x10,0xFF,0x66,0x66,0x66,0x01,0x40,0x64,0x64,0x64,0x07,0x00,0x00,0x00,0x00,
    0x01,0x50,0x66,0x66,0x66,0x07,0xA0,0x66,0x66,0x66,0x01,0xBF,0x65,0x65,0x65,0x10,
    0xFF,0x66,0x66,0x66,0x01,0xB0,0x65,0x65,0x65,0x07,0xA0,0x66,0x66,0x66,0x01,0x80,
    0x66,0x66,0x66,0x07,0x60,0x65,0x65,0x65,0x01,0x7F,0x66,0x66,0x66,0x08,0xFF,0x66,
    0x66,0x66,0x08,0x00,0x00,0x00,0x00,0x01,0xBF,0x67,0x67,0x67,0x07,0xFF,0x66,0x66,
    0x66,0x01,0x80,0x66,0x66,0x66,0x10,0x00,0x00,0x00,0x00,0x08,0xFF,0x66,0x66,0x66,
    0x01,0x40,0x64,0x64,0x64,0x17,0x00,0x00,0x00,0x00,0x01,0x20,0x68,0x68,0x68,0x18,
    0xFF,0x66,0x66,0x66,0x01,0x9F,0x67,0x67,0x67,0x18,0x00,0x00,0x00,0x00,0x01,0xA0,
    0x66,0x66,0x66,0x07,0xFF,0x66,0x66,0x66,0x01,0x9F,0x67,0x67,0x67,0x07,0x00,0x00,
    0x00,0x00,0x01,0x20,0x68,0x68,0x68,0x10,0xFF,0x66,0x66,0x66,0x01,0x60,0x65,0x65,
    0x65,0x07,0x00,0x00,0x00,0x00,0x01,0x60,0x65,0x65,0x65,0x18,0xFF,0x66,0x66,0x66,
    0x01,0x40,0x64,0x64,0x64,0x0F,0x00,0x00,0x00,0x00,0x01,0x40,0x68,0x68,0x68,0x10,
    0xFF,0x66,0x66,0x66,0x01,0x40,0x64,0x64,0x64,0x07,0x00,0x00,0x00,0x00,0x01,0x80,
    0x66,0x66,0x66,0x10,0xFF,0x66,0x66,0x66,0x08,0x00,0x00,0x00,0x00,0x01,0xBF,0x67,
    0x67,0x67,0x07,0xFF,0x66,0x66,0x66,0x01,0x80,0x66,0x66,0x66,0x10,0x00,0x00,0x00,
    0x00,0x08,0xFF,0x66,0x66,0x66,0x01,0x40,0x64,0x64,0x64,0x17,0x00,0x00,0x00,0x00,
    0x01,0x20,0x68,0x68,0x68,0x18,0xFF,0x66,0x66,0x66,0x01,0x9F,0x67,0x67,0x67,0x18,
    0x00,0x00,0x00,0x00,0x01,0xA0,0x66,0x66,0x66,0x07,0xFF,0x66,0x66,0x66,0x01,0x9F,
    0x67,0x67,0x67,0x07,0x00,0x00,0x00,0x00,0x01,0x20,0x68,0x68,0x68,0x10,0xFF,0x66,
    0x66,0x66,0x01,0x60,0x65,0x65,0x65,0x07,0x00,0x00,0x00,0x00,0x01,0x60,0x65,0x65,
    0x65,0x18,0xFF,0x66,0x66,0x66,0x01,0x40,0x64,0x64,0x64,0x0F,0x00,0x00,0x00,0x00,
    0x01,0x40,0x68,0x68,0x68,0x10,0xFF,0x66,0x66,0x66,0x01,0x40,0x64,0x64,0x64,0x07,
    0x00,0x00,0x00,0x00,0x01,0x80,0x66,0x66,0x66,0x10,0xFF,0x66,0x66,0x66,0x08,0x00,
    0x00,0x00,0x00,0x01,0xBF,0x67,0x67,0x67,0x07,0xFF,0x66,0x66,0x66,0x01,0x80,0x66,
    0x66,0x66,0x10,0x00,0x00,0x00,0x00,0x08,0xFF,0x66,0x66,0x66,0x01,0x40,0x64,0x64,
    0x64,0x17,0x00,0x00,0x00,0x00,0x01,0x20,0x68,0x68,0x68,0x18,0xFF,0x66,0x66,0x66,
    0x01,0x9F,0x67,0x67,0x67,0x18,0x00,0x00,0x00,0x00,0x01,0xA0,0x66,0x66,0x66,0x07,
    0xFF,0x66,0x66,0x66,0x01,0x9F,0x67,0x67,0x67,0x07,0x00,0x00,0x00,0x00,0x01,0x20,
    0x68,0x68,0x68,0x10,0xFF,0x66,0x66,0x66,0x01,0x60,0x65,0x65,0x65,0x07,0x00,0x00,
    0x00,0x00,0x01,0x60,0x65,0x65,0x65,0x18,0xFF,0x66,0x66,0x66,0x01,0x40,0x64,0x64,
    0x64,0x0F,0x00,0x00,0x00,0x00,0x01,0x40,0x68,0x68,0x68,0x10,0xFF,0x66,0x66,0x66,
    0x01,0x40,0x64,0x64,0x64,0x07,0x00,0x00,0x00,0x00,0x01,0x80,0x66,0x66,0x66,0x10,
    0xFF,0x66,0x66,0x66,0x08,0x00,0x00,0x00,0x00,0x01,0xBF,0x67,0x67,0x67,0x07,0xFF,
    0x66,0x66,0x66,0x01,0x80,0x66,0x66,0x66,0x10,0x00,0x00,0x00,0x00,0x08,0xFF,0x66,
    0x66,0x66,0x01,0x40,0x64,0x64,0x64,0x17,0x00,0x00,0x00,0x00,0x01,0x20,0x68,0x68,
    0x68,0x18,0xFF,0x66,0x66,0x66,0x01,0x9F,0x67,0x67,0x67,0x18,0x00,0x00,0x00,0x00,
    0x01,0xA0,0x66,0x66,0x66,0x07,0xFF,0x66,0x66,0x66,0x01,0x9F,0x67,0x67,0x67,0x07,
    0x00,0x00,0x00,0x00,0x01,0x20,0x68,0x68,0x68,0x10,0xFF,0x66,0x66,0x66,0x01,0x60,
    0x65,0x65,0x65,0x07,0x00,0x00,0x00,0x00,0x01,0x60,0x65,0x65,0x65,0x18,0xFF,0x66,
    0x66,0x66,0x01,0x40,0x64,0x64,0x64,0x0F,0x00,0x00,0x00,0x00,0x01,0x40,0x68,0x68,
    0x68,0x10,0xFF,0x66,0x66,0x66,0x01,0x40,0x64,0x64,0x64,0x07,0x00,0x00,0x00,0x00,
    0x01,0x80,0x66,0x66,0x66,0x10,0xFF,0x66,0x66,0x66,0x08,0x00,0x00,0x00,0x00,0x01,
    0xBF,0x67,0x67,0x67,0x07,0xFF,0x66,0x66,0x66,0x01,0x80,0x66,0x66,0x66,0x10,0x00,
    0x00,0x00,0x00,0x08,0xFF,0x66,0x66,0x66,0x01,0x40,0x64,0x64,0x64,0x17,0x00,0x00,
    0x00,0x00,0x01,0x20,0x68,0x68,0x68,0x18,0xFF,0x66,0x66,0x66,0x01,0x9F,0x67,0x67,
    0x67,0x18,0x00,0x00,0x00,0x00,0x01,0xA0,0x66,0x66,0x66,0x07,0xFF,0x66,0x66,0x66,
    0x01,0x9F,0x67,0x67,0x67,0x07,0x00,0x00,0x00,0x00,0x01,0x20,0x68,0x68,0x68,0x10,
    0xFF,0x66,0x66,0x66,0x01,0x60,0x65,0x65,0x65,0x07,0x00,0x00,0x00,0x00,0x01,0x60,
    0x65,0x65,0x65,0x18,0xFF,0x66,0x66,0x66,0x01,0x40,0x64,0x64,0x64,0x0F,0x00,0x00,
    0x00,0x00,0x01,0x40,0x68,0x68,0x68,0x10,0xFF,0x66,0x66,0x66,0x01,0x40,0x64,0x64,
    0x64,0x07,0x00,0x00,0x00,0x00,0x01,0x80,0x66,0x66,0x66,0x10,0xFF,0x66,0x66,0x66,
    0x08,0x00,0x00,0x00,0x00,0x01,0xBF,0x67,0x67,0x67,0x07,0xFF,0x66,0x66,0x66,0x01,
    0x80,0x66,0x66,0x66,0x10,0x00,0x00,0x00,0x00,0x08,0xFF,0x66,0x66,0x66,0x01,0x40,
    0x64,0x64,0x64,0x17,0x00,0x00,0x00,0x00,0x01,0x20,0x68,0x68,0x68,0x18,0xFF,0x66,
    0x66,0x66,0x01,0x9F,0x67,0x67,0x67,0x18,0x00,0x00,0x00,0x00,0x01,0xA0,0x66,0x66,
    0x66,0x07,0xFF,0x66,0x66,0x66,0x01,0x9F,0x67,0x67,0x67,0x07,0x00,0x00,0x00,0x00,
    0x01,0x20,0x68,0x68,0x68,0x10,0xFF,0x66,0x66,0x66,0x01,0x60,0x65,0x65,0x65,0x07,
    0x00,0x00,0x00,0x00,0x01,0x60,0x65,0x65,0x65,0x18,0xFF,0x66,0x66,0x66,0x01,0x40,
    0x64,0x64,0x64,0x0F,0x00,0x00,0x00,0x00,0x01,0x40,0x68,0x68,0x68,0x10,0xFF,0x66,
    0x66,0x66,0x01,0x40,0x64,0x64,0x64,0x07,0x00,0x00,0x00,0x00,0x01,0x80,0x66,0x66,
    0x66,0x10,0xFF,0x66,0x66,0x66,0x08,0x00,0x00,0x00,0x00,0x01,0xBF,0x67,0x67,0x67,
    0x07,0xFF,0x66,0x66,0x66,0x01,0x80,0x66,0x66,0x66,0x10,0x00,0x00,0x00,0x00,0x08,
    0xFF,0x66,0x66,0x66,0x01,0x40,0x64,0x64,0x64,0x17,0x00,0x00,0x00,0x00,0x01,0x20,
    0x68,0x68,0x68,0x18,0xFF,0x66,0x66,0x66,0x01,0x9F,0x67,0x67,0x67,0x18,0x00,0x00,
    0x00,0x00,0x01,0xA0,0x66,0x66,0x66,0x07,0xFF,0x66,0x66,0x66,0x01,0x9F,0x67,0x67,
    0x67,0x07,0x00,0x00,0x00,0x00,0x01,0x20,0x68,0x68,0x68,0x10,0xFF,0x66,0x66,0x66,
    0x01,0x60,0x65,0x65,0x65,0x07,0x00,0x00,0x00,0x00,0x01,0x60,0x65,0x65,0x65,0x18,
    0xFF,0x66,0x66,0x66,0x01,0x40,0x64,0x64,0x64,0x0F,0x00,0x00,0x00,0x00,0x01,0x40,
    0x68,0x68,0x68,0x10,0xFF,0x66,0x66,0x66,0x01,0x40,0x64,0x64,0x64,0x07,0x00,0x00,
    0x00,0x00,0x01,0x80,0x66,0x66,0x66,0x10,0xFF,0x66,0x66,0x66,0x08,0x20,0x68,0x68,
    0x68,0x01,0xA0,0x66,0x66,0x66,0x07,0xE0,0x65,0x65,0x65,0x01,0x80,0x66,0x66,0x66,
    0x07,0x20,0x68,0x68,0x68,0x01,0x10,0x60,0x60,0x60,0x08,0x00,0x00,0x00,0x00,0x08,
    0xFF,0x66,0x66,0x66,0x01,0x40,0x64,0x64,0x64,0x07,0x00,0x00,0x00,0x00,0x01,0x10,
    0x60,0x60,0x60,0x0F,0x20,0x68,0x68,0x68,0x01,0x40,0x68,0x68,0x68,0x08,0xFF,0x66,
    0x66,0x66,0x08,0xE0,0x65,0x65,0x65,0x01,0xEF,0x65,0x65,0x65,0x07,0xFF,0x66,0x66,
    0x66,0x01,0xAF,0x66,0x66,0x66,0x08,0x20,0x68,0x68,0x68,0x08,0x00,0x00,0x00,0x00,
    0x08,0x20,0x68,0x68,0x68,0x01,0xB0,0x65,0x65,0x65,0x07,0xFF,0x66,0x66,0x66,0x01,
    0x9F,0x67,0x67,0x67,0x07,0x00,0x00,0x00,0x00,0x01,0x20,0x68,0x68,0x68,0x08,0xE0,
    0x65,0x65,0x65,0x08,0xFF,0x66,0x66,0x66,0x01,0x60,0x65,0x65,0x65,0x07,0x00,0x00,
    0x00,0x00,0x01,0x50,0x66,0x66,0x66,0x18,0xE0,0x65,0x65,0x65,0x01,0x40,0x64,0x64,
    0x64,0x07,0x00,0x00,0x00,0x00,0x01,0x10,0x60,0x60,0x60,0x07,0x20,0x68,0x68,0x68,
    0x01,0x40,0x68,0x68,0x68,0x08,0xE0,0x65,0x65,0x65,0x08,0xFF,0x66,0x66,0x66,0x01,
    0x40,0x64,0x64,0x64,0x07,0x00,0x00,0x00,0x00,0x01,0x70,0x64,0x64,0x64,0x07,0xE0,
    0x65,0x65,0x65,0x01,0xEF,0x65,0x65,0x65,0x10,0xFF,0x66,0x66,0x66,0x01,0x40,0x64,
    0x64,0x64,0x07,0x00,0x00,0x00,0x00,0x01,0x80,0x66,0x66,0x66,0x07,0xFF,0x66,0x66,
    0x66,0x01,0xC0,0x65,0x65,0x65,0x08,0x00,0x00,0x00,0x00,0x08,0xFF,0x66,0x66,0x66,
    0x01,0x40,0x64,0x64,0x64,0x07,0x00,0x00,0x00,0x00,0x01,0x80,0x66,0x66,0x66,0x18,
    0xFF,0x66,0x66,0x66,0x01,0x20,0x68,0x68,0x68,0x07,0x00,0x00,0x00,0x00,0x01,0xA0,
    0x66,0x66,0x66,0x0F,0xFF,0x66,0x66,0x66,0x01,0xDF,0x66,0x66,0x66,0x08,0x00,0x00,
    0x00,0x00,0x01,0xE0,0x65,0x65,0x65,0x0F,0xFF,0x66,0x66,0x66,0x01,0x9F,0x67,0x67,
    0x67,0x10,0x00,0x00,0x00,0x00,0x01,0xE0,0x65,0x65,0x65,0x07,0xFF,0x66,0x66,0x66,
    0x01,0x60,0x65,0x65,0x65,0x28,0x00,0x00,0x00,0x00,0x01,0x80,0x66,0x66,0x66,0x07,
    0xFF,0x66,0x66,0x66,0x01,0xC0,0x65,0x65,0x65,0x08,0x00,0x00,0x00,0x00,0x08,0xFF,
    0x66,0x66,0x66,0x01,0x40,0x64,0x64,0x64,0x0F,0x00,0x00,0x00,0x00,0x01,0x40,0x68,
    0x68,0x68,0x10,0xFF,0x66,0x66,0x66,0x01,0x40,0x64,0x64,0x64,0x07,0x00,0x00,0x00,
    0x00,0x01,0x80,0x66,0x66,0x66,0x07,0xFF,0x66,0x66,0x66,0x01,0xC0,0x65,0x65,0x65,
    0x08,0x00,0x00,0x00,0x00,0x08,0xFF,0x66,0x66,0x66,0x01,0x40,0x64,0x64,0x64,0x07,
    0x00,0x00,0x00,0x00,0x01,0x80,0x66,0x66,0x66,0x18,0xFF,0x66,0x66,0x66,0x01,0x20,
    0x68,0x68,0x68,0x07,0x00,0x00,0x00,0x00,0x01,0xA0,0x66,0x66,0x66,0x0F,0xFF,0x66,
    0x66,0x66,0x01,0xDF,0x66,0x66,0x66,0x08,0x00,0x00,0x00,0x00,0x01,0xE0,0x65,0x65,
    0x65,0x0F,0xFF,0x66,0x66,0x66,0x01,0x9F,0x67,0x67,0x67,0x10,0x00,0x00,0x00,0x00,
    0x01,0xE0,0x65,0x65,0x65,0x07,0xFF,0x66,0x66,0x66,0x01,0x60,0x65,0x65,0x65,0x28,
    0x00,0x00,0x00,0x00,0x01,0x80,0x66,0x66,0x66,0x07,0xFF,0x66,0x66,0x66,0x01,0xC0,
    0x65,0x65,0x65,0x08,0x00,0x00,0x00,0x00,0x08,0xFF,0x66,0x66,0x66,0x01,0x40,0x64,
    0x64,0x64,0x0F,0x00,0x00,0x00,0x00,0x01,0x40,0x68,0x68,0x68,0x10,0xFF,0x66,0x66,
    0x66,0x01,0x40,0x64,0x64,0x64,0x07,0x00,0x00,0x00,0x00,0x01,0x80,0x66,0x66,0x66,
    0x07,0xFF,0x66,0x66,0x66,0x01,0xC0,0x65,0x65,0x65,0x08,0x00,0x00,0x00,0x00,0x08,
    0xFF,0x66,0x66,0x66,0x01,0x40,0x64,0x64,0x64,0x07,0x00,0x00,0x00,0x00,0x01,0x80,
    0x66,0x66,0x66,0x18,0xFF,0x66,0x66,0x66,0x01,0x20,0x68,0x68,0x68,0x07,0x00,0x00,
    0x00,0x00,0x01,0xA0,0x66,0x66,0x66,0x0F,0xFF,0x66,0x66,0x66,0x01,0xDF,0x66,0x66,
    0x66,0x08,0x00,0x00,0x00,0x00,0x01,0xE0,0x65,0x65,0x65,0x0F,0xFF,0x66,0x66,0x66,
    0x01,0x9F,0x67,0x67,0x67,0x10,0x00,0x00,0x00,0x00,0x01,0xE0,0x65,0x65,0x65,0x07,
    0xFF,0x66,0x66,0x66,0x01,0x60,0x65,0x65,0x65,0x28,0x00,0x00,0x00,0x00,0x01,0x80,
    0x66,0x66,0x66,0x07,0xFF,0x66,0x66,0x66,0x01,0xC0,0x65,0x65,0x65,0x08,0x00,0x00,
    0x00,0x00,0x08,0xFF,0x66,0x66,0x66,0x01,0x40,0x64,0x64,0x64,0x0F,0x00,0x00,0x00,
    0x00,0x01,0x40,0x68,0x68,0x68,0x10,0xFF,0x66,0x66,0x66,0x01,0x40,0x64,0x64,0x64,
    0x07,0x00,0x00,0x00,0x00,0x01,0x80,0x66,0x66,0x66,0x07,0xFF,0x66,0x66,0x66,0x01,
    0xC0,0x65,0x65,0x65,0x08,0x00,0x00,0x00,0x00,0x08,0xFF,0x66,0x66,0x66,0x01,0x40,
    0x64,0x64,0x64,0x07,0x00,0x00,0x00,0x00,0x01,0x80,0x66,0x66,0x66,0x18,0xFF,0x66,
    0x66,0x66,0x01,0x20,0x68,0x68,0x68,0x07,0x00,0x00,0x00,0x00,0x01,0xA0,0x66,0x66,
    0x66,0x0F,0xFF,0x66,0x66,0x66,0x01,0xDF,0x66,0x66,0x66,0x08,0x00,0x00,0x00,0x00,
    0x01,0xE0,0x65,0x65,0x65,0x0F,0xFF,0x66,0x66,0x66,0x01,0x9F,0x67,0x67,0x67,0x10,
    0x00,0x00,0x00,0x00,0x01,0xE0,0x65,0x65,0x65,0x07,0xFF,0x66,0x66,0x66,0x01,0x60,
    0x65,0x65,0x65,0x28,0x00,0x00,0x00,0x00,0x01,0x80,0x66,0x66,0x66,0x07,0xFF,0x66,
    0x66,0x66,0x01,0xC0,0x65,0x65,0x65,0x08,0x00,0x00,0x00,0x00,0x08,0xFF,0x66,0x66,
    0x66,0x01,0x40,0x64,0x64,0x64,0x0F,0x00,0x00,0x00,0x00,0x01,0x40,0x68,0x68,0x68,
    0x10,0xFF,0x66,0x66,0x66,0x01,0x40,0x64,0x64,0x64,0x07,0x00,0x00,0x00,0x00,0x01,
    0x80,0x66,0x66,0x66,0x07,0xFF,0x66,0x66,0x66,0x01,0xC0,0x65,0x65,0x65,0x08,0x00,
    0x00,0x00,0x00,0x08,0xFF,0x66,0x66,0x66,0x01,0x40,0x64,0x64,0x64,0x07,0x00,0x00,
    0x00,0x00,0x01,0x80,0x66,0x66,0x66,0x18,0xFF,0x66,0x66,0x66,0x01,0x20,0x68,0x68,
    0x68,0x07,0x00,0x00,0x00,0x00,0x01,0xA0,0x66,0x66,0x66,0x0F,0xFF,0x66,0x66,0x66,
    0x01,0xDF,0x66,0x66,0x66,0x08,0x00,0x00,0x00,0x00,0x01,0xE0,0x65,0x65,0x65,0x0F,
    0xFF,0x66,0x66,0x66,0x01,0x9F,0x67,0x67,0x67,0x10,0x00,0x00,0x00,0x00,0x01,0xE0,
    0x65,0x65,0x65,0x07,0xFF,0x66,0x66,0x66,0x01,0x60,0x65,0x65,0x65,0x28,0x00,0x00,
    0x00,0x00,0x01,0x80,0x66,0x66,0x66,0x07,0xFF,0x66,0x66,0x66,0x01,0xC0,0x65,0x65,
    0x65,0x08,0x00,0x00,0x00,0x00,0x08,0xFF,0x66,0x66,0x66,0x01,0x40,0x64,0x64,0x64,
    0x0F,0x00,0x00,0x00,0x00,0x01,0x40,0x68,0x68,0x68,0x10,0xFF,0x66,0x66,0x66,0x01,
    0x40,0x64,0x64,0x64,0x07,0x00,0x00,0x00,0x00,0x01,0x80,0x66,0x66,0x66,0x07,0xFF,
    0x66,0x66,0x66,0x01,0xC0,0x65,0x65,0x65,0x08,0x00,0x00,0x00,0x00,0x08,0xFF,0x66,
    0x66,0x66,0x01,0x40,0x64,0x64,0x64,0x07,0x00,0x00,0x00,0x00,0x01,0x80,0x66,0x66,
    0x66,0x18,0xFF,0x66,0x66,0x66,0x01,0x20,0x68,0x68,0x68,0x07,0x00,0x00,0x00,0x00,
    0x01,0xA0,0x66,0x66,0x66,0x0F,0xFF,0x66,0x66,0x66,0x01,0xDF,0x66,0x66,0x66,0x08,
    0x00,0x00,0x00,0x00,0x01,0xE0,0x65,0x65,0x65,0x0F,0xFF,0x66,0x66,0x66,0x01,0x9F,
    0x67,0x67,0x67,0x10,0x00,0x00,0x00,0x00,0x01,0xE0,0x65,0x65,0x65,0x07,0xFF,0x66,
    0x66,0x66,0x01,0x60,0x65,0x65,0x65,0x28,0x00,0x00,0x00,0x00,0x01,0x80,0x66,0x66,
    0x66,0x07,0xFF,0x66,0x66,0x66,0x01,0xC0,0x65,0x65,0x65,0x08,0x00,0x00,0x00,0x00,
    0x08,0xFF,0x66,0x66,0x66,0x01,0x40,0x64,0x64,0x64,0x0F,0x00,0x00,0x00,0x00,0x01,
    0x40,0x68,0x68,0x68,0x10,0xFF,0x66,0x66,0x66,0x01,0x40,0x64,0x64,0x64,0x07,0x00,
    0x00,0x00,0x00,0x01,0x80,0x66,0x66,0x66,0x07,0xFF,0x66,0x66,0x66,0x01,0xC0,0x65,
    0x65,0x65,0x08,0x00,0x00,0x00,0x00,0x08,0xFF,0x66,0x66,0x66,0x01,0x40,0x64,0x64,
    0x64,0x07,0x00,0x00,0x00,0x00,0x01,0x80,0x66,0x66,0x66,0x18,0xFF,0x66,0x66,0x66,
    0x01,0x20,0x68,0x68,0x68,0x07,0x00,0x00,0x00,0x00,0x01,0xA0,0x66,0x66,0x66,0x0F,
    0xFF,0x66,0x66,0x66,0x01,0xDF,0x66,0x66,0x66,0x08,0x00,0x00,0x00,0x00,0x01,0xE0,
    0x65,0x65,0x65,0x0F,0xFF,0x66,0x66,0x66,0x01,0x9F,0x67,0x67,0x67,0x10,0x00,0x00,
    0x00,0x00,0x01,0xE0,0x65,0x65,0x65,0x07,0xFF,0x66,0x66,0x66,0x01,0x60,0x65,0x65,
    0x65,0x28,0x00,0x00,0x00,0x00,0x01,0x80,0x66,0x66,0x66,0x07,0xFF,0x66,0x66,0x66,
    0x01,0xC0,0x65,0x65,0x65,0x08,0x00,0x00,0x00,0x00,0x08,0xFF,0x66,0x66,0x66,0x01,
    0x40,0x64,0x64,0x64,0x0F,0x00,0x00,0x00,0x00,0x01,0x40,0x68,0x68,0x68,0x10,0xFF,
    0x66,0x66,0x66,0x01,0x40,0x64,0x64,0x64,0x07,0x00,0x00,0x00,0x00,0x01,0x80,0x66,
    0x66,0x66,0x07,0xFF,0x66,0x66,0x66,0x01,0xC0,0x65,0x65,0x65,0x08,0x00,0x00,0x00,
    0x00,0x08,0xFF,0x66,0x66,0x66,0x01,0x40,0x64,0x64,0x64,0x07,0x00,0x00,0x00,0x00,
    0x01,0x80,0x66,0x66,0x66,0x18,0xFF,0x66,0x66,0x66,0x01,0x20,0x68,0x68,0x68,0x07,
    0x00,0x00,0x00,0x00,0x01,0xA0,0x66,0x66,0x66,0x0F,0xFF,0x66,0x66,0x66,0x01,0xDF,
    0x66,0x66,0x66,0x08,0x00,0x00,0x00,0x00,0x01,0xE0,0x65,0x65,0x65,0x0F,0xFF,0x66,
    0x66,0x66,0x01,0x9F,0x67,0x67,0x67,0x10,0x00,0x00,0x00,0x00,0x01,0xE0,0x65,0x65,
    0x65,0x07,0xFF,0x66,0x66,0x66,0x01,0x60,0x65,0x65,0x65,0x28,0x00,0x00,0x00,0x00,
    0x01,0x80,0x66,0x66,0x66,0x07,0xFF,0x66,0x66,0x66,0x01,0xC0,0x65,0x65,0x65,0x08,
    0x00,0x00,0x00,0x00,0x08,0xFF,0x66,0x66,0x66,0x01,0x40,0x64,0x64,0x64,0x0F,0x00,
    0x00,0x00,0x00,0x01,0x40,0x68,0x68,0x68,0x08,0xFF,0x66,0x66,0x66,0x08,0x20,0x68,
    0x68,0x68,0x01,0x10,0x70,0x70,0x70,0x07,0x00,0x00,0x00,0x00,0x01,0x80,0x66,0x66,
    0x66,0x08,0xFF,0x66,0x66,0x66,0x08,0xDF,0x66,0x66,0x66,0x08,0xFF,0x66,0x66,0x66,
    0x01,0xEF,0x65,0x65,0x65,0x07,0xDF,0x66,0x66,0x66,0x01,0x80,0x66,0x66,0x66,0x07,
    0x20,0x68,0x68,0x68,0x01,0x60,0x65,0x65,0x65,0x07,0xFF,0x66,0x66,0x66,0x01,0xDF,
    0x66,0x66,0x66,0x08,0x20,0x68,0x68,0x68,0x08,0x00,0x00,0x00,0x00,0x01,0x10,0x70,
    0x70,0x70,0x0F,0x20,0x68,0x68,0x68,0x01,0x40,0x68,0x68,0x68,0x08,0xDF,0x66,0x66,
    0x66,0x10,0xFF,0x66,0x66,0x66,0x01,0x9F,0x67,0x67,0x67,0x07,0x00,0x00,0x00,0x00,
    0x01,0x20,0x68,0x68,0x68,0x08,0xDF,0x66,0x66,0x66,0x08,0xFF,0x66,0x66,0x66,0x01,
    0xEF,0x65,0x65,0x65,0x07,0xDF,0x66,0x66,0x66,0x01,0x90,0x65,0x65,0x65,0x18,0x00,
    0x00,0x00,0x00,0x01,0xB0,0x65,0x65,0x65,0x07,0xDF,0x66,0x66,0x66,0x01,0x80,0x66,
    0x66,0x66,0x07,0x20,0x68,0x68,0x68,0x01,0x60,0x65,0x65,0x65,0x08,0xDF,0x66,0x66,
    0x66,0x08,0x20,0x68,0x68,0x68,0x01,0xBF,0x67,0x67,0x67,0x07,0xDF,0x66,0x66,0x66,
    0x01,0x70,0x64,0x64,0x64,0x07,0x00,0x00,0x00,0x00,0x01,0x40,0x68,0x68,0x68,0x08,
    0xFF,0x66,0x66,0x66,0x10,0x00,0x00,0x00,0x00,0x01,0x80,0x66,0x66,0x66,0x20,0xFF,
    0x66,0x66,0x66,0x01,0x80,0x66,0x66,0x66,0x07,0x00,0x00,0x00,0x00,0x01,0x40,0x68,
    0x68,0x68,0x07,0xFF,0x66,0x66,0x66,0x01,0xDF,0x66,0x66,0x66,0x20,0x00,0x00,0x00,
    0x00,0x01,0x20,0x68,0x68,0x68,0x18,0xFF,0x66,0x66,0x66,0x01,0x9F,0x67,0x67,0x67,
    0x07,0x00,0x00,0x00,0x00,0x01,0x20,0x68,0x68,0x68,0x18,0xFF,0x66,0x66,0x66,0x01,
    0x9F,0x67,0x67,0x67,0x18,0x00,0x00,0x00,0x00,0x01,0xBF,0x67,0x67,0x67,0x07,0xFF,
    0x66,0x66,0x66,0x01,0x80,0x66,0x66,0x66,0x07,0x00,0x00,0x00,0x00,0x01,0x40,0x68,
    0x68,0x68,0x08,0xFF,0x66,0x66,0x66,0x08,0x00,0x00,0x00,0x00,0x01,0xBF,0x67,0x67,
    0x67,0x07,0xFF,0x66,0x66,0x66,0x01,0x80,0x66,0x66,0x66,0x07,0x00,0x00,0x00,0x00,
    0x01,0x40,0x68,0x68,0x68,0x08,0xFF,0x66,0x66,0x66,0x10,0x00,0x00,0x00,0x00,0x01,
    0x80,0x66,0x66,0x66,0x20,0xFF,0x66,0x66,0x66,0x01,0x80,0x66,0x66,0x66,0x07,0x00,
    0x00,0x00,0x00,0x01,0x40,0x68,0x68,0x68,0x07,0xFF,0x66,0x66,0x66,0x01,0xDF,0x66,
    0x66,0x66,0x20,0x00,0x00,0x00,0x00,0x01,0x20,0x68,0x68,0x68,0x18,0xFF,0x66,0x66,
    0x66,0x01,0x9F,0x67,0x67,0x67,0x07,0x00,0x00,0x00,0x00,0x01,0x20,0x68,0x68,0x68,
    0x18,0xFF,0x66,0x66,0x66,0x01,0x9F,0x67,0x67,0x67,0x18,0x00,0x00,0x00,0x00,0x01,
    0xBF,0x67,0x67,0x67,0x07,0xFF,0x66,0x66,0x66,0x01,0x80,0x66,0x66,0x66,0x07,0x00,
    0x00,0x00,0x00,0x01,0x40,0x68,0x68,0x68,0x08,0xFF,0x66,0x66,0x66,0x08,0x00,0x00,
    0x00,0x00,0x01,0xBF,0x67,0x67,0x67,0x07,0xFF,0x66,0x66,0x66,0x01,0x80,0x66,0x66,
    0x66,0x07,0x00,0x00,0x00,0x00,0x01,0x40,0x68,0x68,0x68,0x08,0xFF,0x66,0x66,0x66,
    0x10,0x00,0x00,0x00,0x00,0x01,0x80,0x66,0x66,0x66,0x20,0xFF,0x66,0x66,0x66,0x01,
    0x80,0x66,0x66,0x66,0x07,0x00,0x00,0x00,0x00,0x01,0x40,0x68,0x68,0x68,0x07,0xFF,
    0x66,0x66,0x66,0x01,0xDF,0x66,0x66,0x66,0x20,0x00,0x00,0x00,0x00,0x01,0x20,0x68,
    0x68,0x68,0x18,0xFF,0x66,0x66,0x66,0x01,0x9F,0x67,0x67,0x67,0x07,0x00,0x00,0x00,
    0x00,0x01,0x20,0x68,0x68,0x68,0x18,0xFF,0x66,0x66,0x66,0x01,0x9F,0x67,0x67,0x67,
    0x18,0x00,0x00,0x00,0x00,0x01,0xBF,0x67,0x67,0x67,0x07,0xFF,0x66,0x66,0x66,0x01,
    0x80,0x66,0x66,0x66,0x07,0x00,0x00,0x00,0x00,0x01,0x40,0x68,0x68,0x68,0x08,0xFF,
    0x66,0x66,0x66,0x08,0x00,0x00,0x00,0x00,0x01,0xBF,0x67,0x67,0x67,0x07,0xFF,0x66,
    0x66,0x66,0x01,0x80,0x66,0x66,0x66,0x07,0x00,0x00,0x00,0x00,0x01,0x40,0x68,0x68,
    0x68,0x08,0xFF,0x66,0x66,0x66,0x10,0x00,0x00,0x00,0x00,0x01,0x80,0x66,0x66,0x66,
    0x20,0xFF,0x66,0x66,0x66,0x01,0x80,0x66,0x66,0x66,0x07,0x00,0x00,0x00,0x00,0x01,
    0x40,0x68,0x68,0x68,0x07,0xFF,0x66,0x66,0x66,0x01,0xDF,0x66,0x66,0x66,0x20,0x00,
    0x00,0x00,0x00,0x01,0x20,0x68,0x68,0x68,0x18,0xFF,0x66,0x66,0x66,0x01,0x9F,0x67,
    0x67,0x67,0x07,0x00,0x00,0x00,0x00,0x01,0x20,0x68,0x68,0x68,0x18,0xFF,0x66,0x66,
    0x66,0x01,0x9F,0x67,0x67,0x67,0x18,0x00,0x00,0x00,0x00,0x01,0xBF,0x67,0x67,0x67,
    0x07,0xFF,0x66,0x66,0x66,0x01,0x80,0x66,0x66,0x66,0x07,0x00,0x00,0x00,0x00,0x01,
    0x40,0x68,0x68,0x68,0x08,0xFF,0x66,0x66,0x66,0x08,0x00,0x00,0x00,0x00,0x01,0xBF,
    0x67,0x67,0x67,0x07,0xFF,0x66,0x66,0x66,0x01,0x80,0x66,0x66,0x66,0x07,0x00,0x00,
    0x00,0x00,0x01,0x40,0x68,0x68,0x68,0x08,0xFF,0x66,0x66,0x66,0x10,0x00,0x00,0x00,
    0x00,0x01,0x80,0x66,0x66,0x66,0x20,0xFF,0x66,0x66,0x66,0x01,0x80,0x66,0x66,0x66,
    0x07,0x00,0x00,0x00,0x00,0x01,0x40,0x68,0x68,0x68,0x07,0xFF,0x66,0x66,0x66,0x01,
    0xDF,0x66,0x66,0x66,0x20,0x00,0x00,0x00,0x00,0x01,0x20,0x68,0x68,0x68,0x18,0xFF,
    0x66,0x66,0x66,0x01,0x9F,0x67,0x67,0x67,0x07,0x00,0x00,0x00,0x00,0x01,0x20,0x68,
    0x68,0x68,0x18,0xFF,0x66,0x66,0x66,0x01,0x9F,0x67,0x67,0x67,0x18,0x00,0x00,0x00,
    0x00,0x01,0xBF,0x67,0x67,0x67,0x07,0xFF,0x66,0x66,0x66,0x01,0x80,0x66,0x66,0x66,
    0x07,0x00,0x00,0x00,0x00,0x01,0x40,0x68,0x68,0x68,0x08,0xFF,0x66,0x66,0x66,0x08,
    0x00,0x00,0x00,0x00,0x01,0xBF,0x67,0x67,0x67,0x07,0xFF,0x66,0x66,0x66,0x01,0x80,
    0x66,0x66,0x66,0x07,0x00,0x00,0x00,0x00,0x01,0x40,0x68,0x68,0x68,0x08,0xFF,0x66,
    0x66,0x66,0x10,0x00,0x00,0x00,0x00,0x01,0x80,0x66,0x66,0x66,0x20,0xFF,0x66,0x66,
    0x66,0x01,0x80,0x66,0x66,0x66,0x07,0x00,0x00,0x00,0x00,0x01,0x40,0x68,0x68,0x68,
    0x07,0xFF,0x66,0x66,0x66,0x01,0xDF,0x66,0x66,0x66,0x20,0x00,0x00,0x00,0x00,0x01,
    0x20,0x68,0x68,0x68,0x18,0xFF,0x66,0x66,0x66,0x01,0x9F,0x67,0x67,0x67,0x07,0x00,
    0x00,0x00,0x00,0x01,0x20,0x68,0x68,0x68,0x18,0xFF,0x66,0x66,0x66,0x01,0x9F,0x67,
    0x67,0x67,0x18,0x00,0x00,0x00,0x00,0x01,0xBF,0x67,0x67,0x67,0x07,0xFF,0x66,0x66,
    0x66,0x01,0x80,0x66,0x66,0x66,0x07,0x00,0x00,0x00,0x00,0x01,0x40,0x68,0x68,0x68,
    0x08,0xFF,0x66,0x66,0x66,0x08,0x00,0x00,0x00,0x00,0x01,0xBF,0x67,0x67,0x67,0x07,
    0xFF,0x66,0x66,0x66,0x01,0x80,0x66,0x66,0x66,0x07,0x00,0x00,0x00,0x00,0x01,0x40,
    0x68,0x68,0x68,0x08,0xFF,0x66,0x66,0x66,0x10,0x00,0x00,0x00,0x00,0x01,0x80,0x66,
    0x66,0x66,0x20,0xFF,0x66,0x66,0x66,0x01,0x80,0x66,0x66,0x66,0x07,0x00,0x00,0x00,
    0x00,0x01,0x40,0x68,0x68,0x68,0x07,0xFF,0x66,0x66,0x66,0x01,0xDF,0x66,0x66,0x66,
    0x20,0x00,0x00,0x00,0x00,0x01,0x20,0x68,0x68,0x68,0x18,0xFF,0x66,0x66,0x66,0x01,
    0x9F,0x67,0x67,0x67,0x07,0x00,0x00,0x00,0x00,0x01,0x20,0x68,0x68,0x68,0x18,0xFF,
    0x66,0x66,0x66,0x01,0x9F,0x67,0x67,0x67,0x18,0x00,0x00,0x00,0x00,0x01,0xBF,0x67,
    0x67,0x67,0x07,0xFF,0x66,0x66,0x66,0x01,0x80,0x66,0x66,0x66,0x07,0x00,0x00,0x00,
    0x00,0x01,0x40,0x68,0x68,0x68,0x08,0xFF,0x66,0x66,0x66,0x08,0x00,0x00,0x00,0x00,
    0x01,0xBF,0x67,0x67,0x67,0x07,0xFF,0x66,0x66,0x66,0x01,0x80,0x66,0x66,0x66,0x07,
    0x00,0x00,0x00,0x00,0x01,0x40,0x68,0x68,0x68,0x08,0xFF,0x66,0x66,0x66,0x08,0x9F,
    0x67,0x67,0x67,0x01,0x20,0x68,0x68,0x68,0x07,0x00,0x00,0x00,0x00,0x01,0x30,0x65,
    0x65,0x65,0x07,0x60,0x65,0x65,0x65,0x01,0x90,0x65,0x65,0x65,0x10,0xFF,0x66,0x66,
    0x66,0x01,0x80,0x66,0x66,0x66,0x07,0x60,0x65,0x65,0x65,0x01,0x80,0x66,0x66,0x66,
    0x07,0x9F,0x67,0x67,0x67,0x01,0x80,0x66,0x66,0x66,0x07,0x60,0x65,0x65,0x65,0x01,
    0x50,0x66,0x66,0x66,0x08,0x00,0x00,0x00,0x00,0x01,0x90,0x65,0x65,0x65,0x07,0x9F,
    0x67,0x67,0x67,0x01,0x40,0x64,0x64,0x64,0x0F,0x00,0x00,0x00,0x00,0x01,0x10,0x60,
    0x60,0x60,0x08,0x60,0x65,0x65,0x65,0x01,0xEF,0x65,0x65,0x65,0x0F,0xFF,0x66,0x66,
    0x66,0x01,0xDF,0x66,0x66,0x66,0x08,0x9F,0x67,0x67,0x67,0x10,0x60,0x65,0x65,0x65,
    0x01,0xBF,0x67,0x67,0x67,0x07,0xFF,0x66,0x66,0x66,0x01,0x9F,0x67,0x67,0x67,0x07,
    0x00,0x00,0x00,0x00,0x01,0x10,0x60,0x60,0x60,0x10,0x9F,0x67,0x67,0x67,0x01,0xDF,
    0x66,0x66,0x66,0x07,0xFF,0x66,0x66,0x66,0x01,0x80,0x66,0x66,0x66,0x07,0x00,0x00,
    0x00,0x00,0x01,0x40,0x68,0x68,0x68,0x08,0xFF,0x66,0x66,0x66,0x08,0x00,0x00,0x00,
    0x00,0x01,0x40,0x68,0x68,0x68,0x07,0x60,0x65,0x65,0x65,0x01,0x30,0x65,0x65,0x65,
    0x07,0x00,0x00,0x00,0x00,0x01,0x40,0x68,0x68,0x68,0x10,0xFF,0x66,0x66,0x66,0x01,
    0x40,0x64,0x64,0x64,0x0F,0x00,0x00,0x00,0x00,0x01,0x40,0x68,0x68,0x68,0x10,0xFF,
    0x66,0x66,0x66,0x01,0x40,0x64,0x64,0x64,0x07,0x00,0x00,0x00,0x00,0x01,0x80,0x66,
    0x66,0x66,0x07,0xFF,0x66,0x66,0x66,0x01,0xC0,0x65,0x65,0x65,0x10,0x00,0x00,0x00,
    0x00,0x01,0xE0,0x65,0x65,0x65,0x07,0xFF,0x66,0x66,0x66,0x01,0x60,0x65,0x65,0x65,
    0x18,0x00,0x00,0x00,0x00,0x01,0xE0,0x65,0x65,0x65,0x17,0xFF,0x66,0x66,0x66,0x01,
    0xDF,0x66,0x66,0x66,0x10,0x00,0x00,0x00,0x00,0x01,0xA0,0x66,0x66,0x66,0x07,0xFF,
    0x66,0x66,0x66,0x01,0x9F,0x67,0x67,0x67,0x07,0x00,0x00,0x00,0x00,0x01,0x20,0x68,
    0x68,0x68,0x18,0xFF,0x66,0x66,0x66,0x01,0x80,0x66,0x66,0x66,0x07,0x00,0x00,0x00,
    0x00,0x01,0x40,0x68,0x68,0x68,0x08,0xFF,0x66,0x66,0x66,0x18,0x00,0x00,0x00,0x00,
    0x01,0x40,0x68,0x68,0x68,0x10,0xFF,0x66,0x66,0x66,0x01,0x40,0x64,0x64,0x64,0x0F,
    0x00,0x00,0x00,0x00,0x01,0x40,0x68,0x68,0x68,0x10,0xFF,0x66,0x66,0x66,0x01,0x40,
    0x64,0x64,0x64,0x07,0x00,0x00,0x00,0x00,0x01,0x80,0x66,0x66,0x66,0x07,0xFF,0x66,
    0x66,0x66,0x01,0xC0,0x65,0x65,0x65,0x10,0x00,0x00,0x00,0x00,0x01,0xE0,0x65,0x65,
    0x65,0x07,0xFF,0x66,0x66,0x66,0x01,0x60,0x65,0x65,0x65,0x18,0x00,0x00,0x00,0x00,
    0x01,0xE0,0x65,0x65,0x65,0x17,0xFF,0x66,0x66,0x66,0x01,0xDF,0x66,0x66,0x66,0x10,
    0x00,0x00,0x00,0x00,0x01,0xA0,0x66,0x66,0x66,0x07,0xFF,0x66,0x66,0x66,0x01,0x9F,
    0x67,0x67,0x67,0x07,0x00,0x00,0x00,0x00,0x01,0x20,0x68,0x68,0x68,0x18,0xFF,0x66,
    0x66,0x66,0x01,0x80,0x66,0x66,0x66,0x07,0x00,0x00,0x00,0x00,0x01,0x40,0x68,0x68,
    0x68,0x08,0xFF,0x66,0x66,0x66,0x18,0x00,0x00,0x00,0x00,0x01,0x40,0x68,0x68,0x68,
    0x10,0xFF,0x66,0x66,0x66,0x01,0x40,0x64,0x64,0x64,0x0F,0x00,0x00,0x00,0x00,0x01,
    0x40,0x68,0x68,0x68,0x10,0xFF,0x66,0x66,0x66,0x01,0x40,0x64,0x64,0x64,0x07,0x00,
    0x00,0x00,0x00,0x01,0x80,0x66,0x66,0x66,0x07,0xFF,0x66,0x66,0x66,0x01,0xC0,0x65,
    0x65,0x65,0x10,0x00,0x00,0x00,0x00,0x01,0xE0,0x65,0x65,0x65,0x07,0xFF,0x66,0x66,
    0x66,0x01,0x60,0x65,0x65,0x65,0x18,0x00,0x00,0x00,0x00,0x01,0xE0,0x65,0x65,0x65,
    0x17,0xFF,0x66,0x66,0x66,0x01,0xDF,0x66,0x66,0x66,0x10,0x00,0x00,0x00,0x00,0x01,
    0xA0,0x66,0x66,0x66,0x07,0xFF,0x66,0x66,0x66,0x01,0x9F,0x67,0x67,0x67,0x07,0x00,
    0x00,0x00,0x00,0x01,0x20,0x68,0x68,0x68,0x18,0xFF,0x66,0x66,0x66,0x01,0x80,0x66,
    0x66,0x66,0x07,0x00,0x00,0x00,0x00,0x01,0x40,0x68,0x68,0x68,0x08,0xFF,0x66,0x66,
    0x66,0x18,0x00,0x00,0x00,0x00,0x01,0x40,0x68,0x68,0x68,0x10,0xFF,0x66,0x66,0x66,
    0x01,0x40,0x64,0x64,0x64,0x0F,0x00,0x00,0x00,0x00,0x01,0x40,0x68,0x68,0x68,0x10,
    0xFF,0x66,0x66,0x66,0x01,0x40,0x64,0x64,0x64,0x07,0x00,0x00,0x00,0x00,0x01,0x80,
    0x66,0x66,0x66,0x07,0xFF,0x66,0x66,0x66,0x01,0xC0,0x65,0x65,0x65,0x10,0x00,0x00,
    0x00,0x00,0x01,0xE0,0x65,0x65,0x65,0x07,0xFF,0x66,0x66,0x66,0x01,0x60,0x65,0x65,
    0x65,0x18,0x00,0x00,0x00,0x00,0x01,0xE0,0x65,0x65,0x65,0x17,0xFF,0x66,0x66,0x66,
    0x01,0xDF,0x66,0x66,0x66,0x10,0x00,0x00,0x00,0x00,0x01,0xA0,0x66,0x66,0x66,0x07,
    0xFF,0x66,0x66,0x66,0x01,0x9F,0x67,0x67,0x67,0x07,0x00,0x00,0x00,0x00,0x01,0x20,
    0x68,0x68,0x68,0x18,0xFF,0x66,0x66,0x66,0x01,0x80,0x66,0x66,0x66,0x07,0x00,0x00,
    0x00,0x00,0x01,0x40,0x68,0x68,0x68,0x08,0xFF,0x66,0x66,0x66,0x18,0x00,0x00,0x00,
    0x00,0x01,0x40,0x68,0x68,0x68,0x10,0xFF,0x66,0x66,0x66,0x01,0x40,0x64,0x64,0x64,
    0x0F,0x00,0x00,0x00,0x00,0x01,0x40,0x68,0x68,0x68,0x10,0xFF,0x66,0x66,0x66,0x01,
    0x40,0x64,0x64,0x64,0x07,0x00,0x00,0x00,0x00,0x01,0x80,0x66,0x66,0x66,0x07,0xFF,
    0x66,0x66,0x66,0x01,0xC0,0x65,0x65,0x65,0x10,0x00,0x00,0x00,0x00,0x01,0xE0,0x65,
    0x65,0x65,0x07,0xFF,0x66,0x66,0x66,0x01,0x60,0x65,0x65,0x65,0x18,0x00,0x00,0x00,
    0x00,0x01,0xE0,0x65,0x65,0x65,0x17,0xFF,0x66,0x66,0x66,0x01,0xDF,0x66,0x66,0x66,
    0x10,0x00,0x00,0x00,0x00,0x01,0xA0,0x66,0x66,0x66,0x07,0xFF,0x66,0x66,0x66,0x01,
    0x9F,0x67,0x67,0x67,0x07,0x00,0x00,0x00,0x00,0x01,0x20,0x68,0x68,0x68,0x18,0xFF,
    0x66,0x66,0x66,0x01,0x80,0x66,0x66,0x66,0x07,0x00,0x00,0x00,0x00,0x01,0x40,0x68,
    0x68,0x68,0x08,0xFF,0x66,0x66,0x66,0x18,0x00,0x00,0x00,0x00,0x01,0x40,0x68,0x68,
    0x68,0x10,0xFF,0x66,0x66,0x66,0x01,0x40,0x64,0x64,0x64,0x0F,0x00,0x00,0x00,0x00,
    0x01,0x40,0x68,0x68,0x68,0x10,0xFF,0x66,0x66,0x66,0x01,0x40,0x64,0x64,0x64,0x07,
    0x00,0x00,0x00,0x00,0x01,0x80,0x66,0x66,0x66,0x07,0xFF,0x66,0x66,0x66,0x01,0xC0,
    0x65,0x65,0x65,0x10,0x00,0x00,0x00,0x00,0x01,0xE0,0x65,0x65,0x65,0x07,0xFF,0x66,
    0x66,0x66,0x01,0x60,0x65,0x65,0x65,0x18,0x00,0x00,0x00,0x00,0x01,0xE0,0x65,0x65,
    0x65,0x17,0xFF,0x66,0x66,0x66,0x01,0xDF,0x66,0x66,0x66,0x10,0x00,0x00,0x00,0x00,
    0x01,0xA0,0x66,0x66,0x66,0x07,0xFF,0x66,0x66,0x66,0x01,0x9F,0x67,0x67,0x67,0x07,
    0x00,0x00,0x00,0x00,0x01,0x20,0x68,0x68,0x68,0x18,0xFF,0x66,0x66,0x66,0x01,0x80,
    0x66,0x66,0x66,0x07,0x00,0x00,0x00,0x00,0x01,0x40,0x68,0x68,0x68,0x08,0xFF,0x66,
    0x66,0x66,0x18,0x00,0x00,0x00,0x00,0x01,0x40,0x68,0x68,0x68,0x10,0xFF,0x66,0x66,
    0x66,0x01,0x40,0x64,0x64,0x64,0x0F,0x00,0x00,0x00,0x00,0x01,0x40,0x68,0x68,0x68,
    0x10,0xFF,0x66,0x66,0x66,0x01,0x40,0x64,0x64,0x64,0x07,0x00,0x00,0x00,0x00,0x01,
    0x80,0x66,0x66,0x66,0x07,0xFF,0x66,0x66,0x66,0x01,0xC0,0x65,0x65,0x65,0x10,0x00,
    0x00,0x00,0x00,0x01,0xE0,0x65,0x65,0x65,0x07,0xFF,0x66,0x66,0x66,0x01,0x60,0x65,
    0x65,0x65,0x18,0x00,0x00,0x00,0x00,0x01,0xE0,0x65,0x65,0x65,0x17,0xFF,0x66,0x66,
    0x66,0x01,0xDF,0x66,0x66,0x66,0x10,0x00,0x00,0x00,0x00,0x01,0xA0,0x66,0x66,0x66,
    0x07,0xFF,0x66,0x66,0x66,0x01,0x9F,0x67,0x67,0x67,0x07,0x00,0x00,0x00,0x00,0x01,
    0x20,0x68,0x68,0x68,0x18,0xFF,0x66,0x66,0x66,0x01,0x80,0x66,0x66,0x66,0x07,0x00,
    0x00,0x00,0x00,0x01,0x40,0x68,0x68,0x68,0x08,0xFF,0x66,0x66,0x66,0x18,0x00,0x00,
    0x00,0x00,0x01,0x40,0x68,0x68,0x68,0x10,0xFF,0x66,0x66,0x66,0x01,0x90,0x65,0x65,
    0x65,0x07,0x60,0x65,0x65,0x65,0x01,0x30,0x60,0x60,0x60,0x07,0x00,0x00,0x00,0x00,
    0x01,0x40,0x68,0x68,0x68,0x08,0xFF,0x66,0x66,0x66,0x08,0xA0,0x66,0x66,0x66,0x01,
    0x80,0x66,0x66,0x66,0x07,0x60,0x65,0x65,0x65,0x01,0x80,0x66,0x66,0x66,0x07,0xA0,
    0x66,0x66,0x66,0x01,0x80,0x66,0x66,0x66,0x07,0x00,0x00,0x00,0x00,0x01,0x10,0x60,
    0x60,0x60,0x08,0x60,0x65,0x65,0x65,0x08,0xA0,0x66,0x66,0x66,0x01,0x80,0x66,0x66,
    0x66,0x18,0x60,0x65,0x65,0x65,0x18,0xA0,0x66,0x66,0x66,0x01,0x90,0x65,0x65,0x65,
    0x10,0x00,0x00,0x00,0x00,0x01,0x60,0x65,0x65,0x65,0x07,0xA0,0x66,0x66,0x66,0x01,
    0x80,0x66,0x66,0x66,0x07,0x60,0x65,0x65,0x65,0x01,0x70,0x66,0x66,0x66,0x08,0xFF,
    0x66,0x66,0x66,0x01,0xB0,0x65,0x65,0x65,0x0F,0xA0,0x66,0x66,0x66,0x01,0x80,0x66,
    0x66,0x66,0x08,0x60,0x65,0x65,0x65,0x08,0xA0,0x66,0x66,0x66,0x08,0x60,0x65,0x65,
    0x65,0x01,0x10,0x60,0x60,0x60,0x0F,0x00,0x00,0x00,0x00,0x01,0x20,0x60,0x60,0x60,
    0x08,0xA0,0x66,0x66,0x66,0x10,0xFF,0x66,0x66,0x66,0x01,0x80,0x66,0x66,0x66,0x07,
    0x00,0x00,0x00,0x00,0x01,0x40,0x68,0x68,0x68,0x08,0xFF,0x66,0x66,0x66,0x08,0x00,
    0x00,0x00,0x00,0x01,0xBF,0x67,0x67,0x67,0x07,0xFF,0x66,0x66,0x66,0x01,0x80,0x66,
    0x66,0x66,0x0F,0x00,0x00,0x00,0x00,0x01,0x20,0x68,0x68,0x68,0x08,0xFF,0x66,0x66,
    0x66,0x01,0x20,0x68,0x68,0x68,0x07,0x00,0x00,0x00,0x00,0x01,0xA0,0x66,0x66,0x66,
    0x18,0xFF,0x66,0x66,0x66,0x01,0x20,0x68,0x68,0x68,0x30,0x00,0x00,0x00,0x00,0x01,
    0x60,0x65,0x65,0x65,0x10,0xFF,0x66,0x66,0x66,0x01,0x20,0x68,0x68,0x68,0x0F,0x00,
    0x00,0x00,0x00,0x01,0x80,0x66,0x66,0x66,0x07,0xFF,0x66,0x66,0x66,0x01,0xC0,0x65,
    0x65,0x65,0x08,0x00,0x00,0x00,0x00,0x08,0xFF,0x66,0x66,0x66,0x01,0x40,0x64,0x64,
    0x64,0x18,0x00,0x00,0x00,0x00,0x10,0xFF,0x66,0x66,0x66,0x01,0x80,0x66,0x66,0x66,
    0x07,0x00,0x00,0x00,0x00,0x01,0x40,0x68,0x68,0x68,0x08,0xFF,0x66,0x66,0x66,0x08,
    0x00,0x00,0x00,0x00,0x01,0xBF,0x67,0x67,0x67,0x07,0xFF,0x66,0x66,0x66,0x01,0x80,
    0x66,0x66,0x66,0x0F,0x00,0x00,0x00,0x00,0x01,0x20,0x68,0x68,0x68,0x08,0xFF,0x66,
    0x66,0x66,0x01,0x20,0x68,0x68,0x68,0x07,0x00,0x00,0x00,0x00,0x01,0xA0,0x66,0x66,
    0x66,0x18,0xFF,0x66,0x66,0x66,0x01,0x20,0x68,0x68,0x68,0x30,0x00,0x00,0x00,0x00,
    0x01,0x60,0x65,0x65,0x65,0x10,0xFF,0x66,0x66,0x66,0x01,0x20,0x68,0x68,0x68,0x0F,
    0x00,0x00,0x00,0x00,0x01,0x80,0x66,0x66,0x66,0x07,0xFF,0x66,0x66,0x66,0x01,0xC0,
    0x65,0x65,0x65,0x08,0x00,0x00,0x00,0x00,0x08,0xFF,0x66,0x66,0x66,0x01,0x40,0x64,
    0x64,0x64,0x18,0x00,0x00,0x00,0x00,0x10,0xFF,0x66,0x66,0x66,0x01,0x80,0x66,0x66,
    0x66,0x07,0x00,0x00,0x00,0x00,0x01,0x40,0x68,0x68,0x68,0x08,0xFF,0x66,0x66,0x66,
    0x08,0x00,0x00,0x00,0x00,0x01,0xBF,0x67,0x67,0x67,0x07,0xFF,0x66,0x66,0x66,0x01,
    0x80,0x66,0x66,0x66,0x0F,0x00,0x00,0x00,0x00,0x01,0x20,0x68,0x68,0x68,0x08,0xFF,
    0x66,0x66,0x66,0x01,0x20,0x68,0x68,0x68,0x07,0x00,0x00,0x00,0x00,0x01,0xA0,0x66,
    0x66,0x66,0x18,0xFF,0x66,0x66,0x66,0x01,0x20,0x68,0x68,0x68,0x30,0x00,0x00,0x00,
    0x00,0x01,0x60,0x65,0x65,0x65,0x10,0xFF,0x66,0x66,0x66,0x01,0x20,0x68,0x68,0x68,
    0x0F,0x00,0x00,0x00,0x00,0x01,0x80,0x66,0x66,0x66,0x07,0xFF,0x66,0x66,0x66,0x01,
    0xC0,0x65,0x65,0x65,0x08,0x00,0x00,0x00,0x00,0x08,0xFF,0x66,0x66,0x66,0x01,0x40,
    0x64,0x64,0x64,0x18,0x00,0x00,0x00,0x00,0x10,0xFF,0x66,0x66,0x66,0x01,0x80,0x66,
    0x66,0x66,0x07,0x00,0x00,0x00,0x00,0x01,0x40,0x68,0x68,0x68,0x08,0xFF,0x66,0x66,
    0x66,0x08,0x00,0x00,0x00,0x00,0x01,0xBF,0x67,0x67,0x67,0x07,0xFF,0x66,0x66,0x66,
    0x01,0x80,0x66,0x66,0x66,0x0F,0x00,0x00,0x00,0x00,0x01,0x20,0x68,0x68,0x68,0x08,
    0xFF,0x66,0x66,0x66,0x01,0x20,0x68,0x68,0x68,0x07,0x00,0x00,0x00,0x00,0x01,0xA0,
    0x66,0x66,0x66,0x18,0xFF,0x66,0x66,0x66,0x01,0x20,0x68,0x68,0x68,0x30,0x00,0x00,
    0x00,0x00,0x01,0x60,0x65,0x65,0x65,0x10,0xFF,0x66,0x66,0x66,0x01,0x20,0x68,0x68,
    0x68,0x0F,0x00,0x00,0x00,0x00,0x01,0x80,0x66,0x66,0x66,0x07,0xFF,0x66,0x66,0x66,
    0x01,0xC0,0x65,0x65,0x65,0x08,0x00,0x00,0x00,0x00,0x08,0xFF,0x66,0x66,0x66,0x01,
    0x40,0x64,0x64,0x64,0x18,0x00,0x00,0x00,0x00,0x10,0xFF,0x66,0x66,0x66,0x01,0x80,
    0x66,0x66,0x66,0x07,0x00,0x00,0x00,0x00,0x01,0x40,0x68,0x68,0x68,0x08,0xFF,0x66,
    0x66,0x66,0x08,0x00,0x00,0x00,0x00,0x01,0xBF,0x67,0x67,0x67,0x07,0xFF,0x66,0x66,
    0x66,0x01,0x80,0x66,0x66,0x66,0x0F,0x00,0x00,0x00,0x00,0x01,0x20,0x68,0x68,0x68,
    0x08,0xFF,0x66,0x66,0x66,0x01,0x20,0x68,0x68,0x68,0x07,0x00,0x00,0x00,0x00,0x01,
    0xA0,0x66,0x66,0x66,0x18,0xFF,0x66,0x66,0x66,0x01,0x20,0x68,0x68,0x68,0x30,0x00,
    0x00,0x00,0x00,0x01,0x60,0x65,0x65,0x65,0x10,0xFF,0x66,0x66,0x66,0x01,0x20,0x68,
    0x68,0x68,0x0F,0x00,0x00,0x00,0x00,0x01,0x80,0x66,0x66,0x66,0x07,0xFF,0x66,0x66,
    0x66,0x01,0xC0,0x65,0x65,0x65,0x08,0x00,0x00,0x00,0x00,0x08,0xFF,0x66,0x66,0x66,
    0x01,0x40,0x64,0x64,0x64,0x18,0x00,0x00,0x00,0x00,0x10,0xFF,0x66,0x66,0x66,0x01,
    0x80,0x66,0x66,0x66,0x07,0x00,0x00,0x00,0x00,0x01,0x40,0x68,0x68,0x68,0x08,0xFF,
    0x66,0x66,0x66,0x08,0x00,0x00,0x00,0x00,0x01,0xBF,0x67,0x67,0x67,0x07,0xFF,0x66,
    0x66,0x66,0x01,0x80,0x66,0x66,0x66,0x0F,0x00,0x00,0x00,0x00,0x01,0x20,0x68,0x68,
    0x68,0x08,0xFF,0x66,0x66,0x66,0x01,0x20,0x68,0x68,0x68,0x07,0x00,0x00,0x00,0x00,
    0x01,0xA0,0x66,0x66,0x66,0x18,0xFF,0x66,0x66,0x66,0x01,0x20,0x68,0x68,0x68,0x30,
    0x00,0x00,0x00,0x00,0x01,0x60,0x65,0x65,0x65,0x10,0xFF,0x66,0x66,0x66,0x01,0x20,
    0x68,0x68,0x68,0x0F,0x00,0x00,0x00,0x00,0x01,0x80,0x66,0x66,0x66,0x07,0xFF,0x66,
    0x66,0x66,0x01,0xC0,0x65,0x65,0x65,0x08,0x00,0x00,0x00,0x00,0x08,0xFF,0x66,0x66,
    0x66,0x01,0x40,0x64,0x64,0x64,0x18,0x00,0x00,0x00,0x00,0x10,0xFF,0x66,0x66,0x66,
    0x01,0x80,0x66,0x66,0x66,0x07,0x00,0x00,0x00,0x00,0x01,0x40,0x68,0x68,0x68,0x08,
    0xFF,0x66,0x66,0x66,0x08,0x00,0x00,0x00,0x00,0x01,0xBF,0x67,0x67,0x67,0x07,0xFF,
    0x66,0x66,0x66,0x01,0x80,0x66,0x66,0x66,0x0F,0x00,0x00,0x00,0x00,0x01,0x20,0x68,
    0x68,0x68,0x08,0xFF,0x66,0x66,0x66,0x01,0x20,0x68,0x68,0x68,0x07,0x00,0x00,0x00,
    0x00,0x01,0xA0,0x66,0x66,0x66,0x18,0xFF,0x66,0x66,0x66,0x01,0x20,0x68,0x68,0x68,
    0x30,0x00,0x00,0x00,0x00,0x01,0x60,0x65,0x65,0x65,0x10,0xFF,0x66,0x66,0x66,0x01,
    0x20,0x68,0x68,0x68,0x0F,0x00,0x00,0x00,0x00,0x01,0x80,0x66,0x66,0x66,0x07,0xFF,
    0x66,0x66,0x66,0x01,0xC0,0x65,0x65,0x65,0x08,0x00,0x00,0x00,0x00,0x08,0xFF,0x66,
    0x66,0x66,0x01,0x40,0x64,0x64,0x64,0x18,0x00,0x00,0x00,0x00,0x10,0xE0,0x65,0x65,
    0x65,0x01,0x70,0x64,0x64,0x64,0x07,0x00,0x00,0x00,0x00,0x01,0x30,0x65,0x65,0x65,
    0x08,0xE0,0x65,0x65,0x65,0x08,0x00,0x00,0x00,0x00,0x01,0xA0,0x66,0x66,0x66,0x07,
    0xE0,0x65,0x65,0x65,0x01,0x80,0x66,0x66,0x66,0x07,0x20,0x68,0x68,0x68,0x01,0x10,
    0x60,0x60,0x60,0x07,0x00,0x00,0x00,0x00,0x01,0x20,0x68,0x68,0x68,0x08,0xE0,0x65,
    0x65,0x65,0x01,0x20,0x68,0x68,0x68,0x07,0x00,0x00,0x00,0x00,0x01,0xA0,0x66,0x66,
    0x66,0x07,0xFF,0x66,0x66,0x66,0x01,0xEF,0x65,0x65,0x65,0x08,0xE0,0x65,0x65,0x65,
    0x08,0xFF,0x66,0x66,0x66,0x01,0x20,0x68,0x68,0x68,0x0F,0x00,0x00,0x00,0x00,0x01,
    0x10,0x60,0x60,0x60,0x10,0x20,0x68,0x68,0x68,0x10,0x00,0x00,0x00,0x00,0x01,0x60,
    0x65,0x65,0x65,0x10,0xFF,0x66,0x66,0x66,0x01,0x40,0x64,0x64,0x64,0x07,0x20,0x68,
    0x68,0x68,0x08,0x00,0x00,0x00,0x00,0x01,0x70,0x64,0x64,0x64,0x07,0xE0,0x65,0x65,
    0x65,0x01,0xB0,0x65,0x65,0x65,0x08,0x00,0x00,0x00,0x00,0x08,0xE0,0x65,0x65,0x65,
    0x01,0x40,0x64,0x64,0x64,0x07,0x00,0x00,0x00,0x00,0x01,0x10,0x60,0x60,0x60,0x10,
    0x20,0x68,0x68,0x68,0x31,0x00,0x00,0x00,0x00,0x01,0x80,0x66,0x66,0x66,0x07,0xFF,
    0x66,0x66,0x66,0x01,0xC0,0x65,0x65,0x65,0x18,0x00,0x00,0x00,0x00,0x01,0xA0,0x66,
    0x66,0x66,0x07,0xFF,0x66,0x66,0x66,0x01,0x9F,0x67,0x67,0x67,0x07,0x00,0x00,0x00,
    0x00,0x01,0x20,0x68,0x68,0x68,0x08,0xFF,0x66,0x66,0x66,0x01,0x20,0x68,0x68,0x68,
    0x0F,0x00,0x00,0x00,0x00,0x01,0x60,0x65,0x65,0x65,0x10,0xFF,0x66,0x66,0x66,0x01,
    0x20,0x68,0x68,0x68,0x0F,0x00,0x00,0x00,0x00,0x01,0x60,0x65,0x65,0x65,0x18,0xFF,
    0x66,0x66,0x66,0x01,0x40,0x64,0x64,0x64,0x28,0x00,0x00,0x00,0x00,0x01,0x80,0x66,
    0x66,0x66,0x10,0xFF,0x66,0x66,0x66,0x31,0x00,0x00,0x00,0x00,0x01,0x80,0x66,0x66,
    0x66,0x07,0xFF,0x66,0x66,0x66,0x01,0xC0,0x65,0x65,0x65,0x18,0x00,0x00,0x00,0x00,
    0x01,0xA0,0x66,0x66,0x66,0x07,0xFF,0x66,0x66,0x66,0x01,0x9F,0x67,0x67,0x67,0x07,
    0x00,0x00,0x00,0x00,0x01,0x20,0x68,0x68,0x68,0x08,0xFF,0x66,0x66,0x66,0x01,0x20,
    0x68,0x68,0x68,0x0F,0x00,0x00,0x00,0x00,0x01,0x60,0x65,0x65,0x65,0x10,0xFF,0x66,
    0x66,0x66,0x01,0x20,0x68,0x68,0x68,0x0F,0x00,0x00,0x00,0x00,0x01,0x60,0x65,0x65,
    0x65,0x18,0xFF,0x66,0x66,0x66,0x01,0x40,0x64,0x64,0x64,0x28,0x00,0x00,0x00,0x00,
    0x01,0x80,0x66,0x66,0x66,0x10,0xFF,0x66,0x66,0x66,0x31,0x00,0x00,0x00,0x00,0x01,
    0x80,0x66,0x66,0x66,0x07,0xFF,0x66,0x66,0x66,0x01,0xC0,0x65,0x65,0x65,0x18,0x00,
    0x00,0x00,0x00,0x01,0xA0,0x66,0x66,0x66,0x07,0xFF,0x66,0x66,0x66,0x01,0x9F,0x67,
    0x67,0x67,0x07,0x00,0x00,0x00,0x00,0x01,0x20,0x68,0x68,0x68,0x08,0xFF,0x66,0x66,
    0x66,0x01,0x20,0x68,0x68,0x68,0x0F,0x00,0x00,0x00,0x00,0x01,0x60,0x65,0x65,0x65,
    0x10,0xFF,0x66,0x66,0x66,0x01,0x20,0x68,0x68,0x68,0x0F,0x00,0x00,0x00,0x00,0x01,
    0x60,0x65,0x65,0x65,0x18,0xFF,0x66,0x66,0x66,0x01,0x40,0x64,0x64,0x64,0x28,0x00,
    0x00,0x00,0x00,0x01,0x80,0x66,0x66,0x66,0x10,0xFF,0x66,0x66,0x66,0x31,0x00,0x00,
    0x00,0x00,0x01,0x80,0x66,0x66,0x66,0x07,0xFF,0x66,0x66,0x66,0x01,0xC0,0x65,0x65,
    0x65,0x18,0x00,0x00,0x00,0x00,0x01,0xA0,0x66,0x66,0x66,0x07,0xFF,0x66,0x66,0x66,
    0x01,0x9F,0x67,0x67,0x67,0x07,0x00,0x00,0x00,0x00,0x01,0x20,0x68,0x68,0x68,0x08,
    0xFF,0x66,0x66,0x66,0x01,0x20,0x68,0x68,0x68,0x0F,0x00,0x00,0x00,0x00,0x01,0x60,
    0x65,0x65,0x65,0x10,0xFF,0x66,0x66,0x66,0x01,0x20,0x68,0x68,0x68,0x0F,0x00,0x00,
    0x00,0x00,0x01,0x60,0x65,0x65,0x65,0x18,0xFF,0x66,0x66,0x66,0x01,0x40,0x64,0x64,
    0x64,0x28,0x00,0x00,0x00,0x00,0x01,0x80,0x66,0x66,0x66,0x10,0xFF,0x66,0x66,0x66,
    0x31,0x00,0x00,0x00,0x00,0x01,0x80,0x66,0x66,0x66,0x07,0xFF,0x66,0x66,0x66,0x01,
    0xC0,0x65,0x65,0x65,0x18,0x00,0x00,0x00,0x00,0x01,0xA0,0x66,0x66,0x66,0x07,0xFF,
    0x66,0x66,0x66,0x01,0x9F,0x67,0x67,0x67,0x07,0x00,0x00,0x00,0x00,0x01,0x20,0x68,
    0x68,0x68,0x08,0xFF,0x66,0x66,0x66,0x01,0x20,0x68,0x68,0x68,0x0F,0x00,0x00,0x00,
    0x00,0x01,0x60,0x65,0x65,0x65,0x10,0xFF,0x66,0x66,0x66,0x01,0x20,0x68,0x68,0x68,
    0x0F,0x00,0x00,0x00,0x00,0x01,0x60,0x65,0x65,0x65,0x18,0xFF,0x66,0x66,0x66,0x01,
    0x40,0x64,0x64,0x64,0x28,0x00,0x00,0x00,0x00,0x01,0x80,0x66,0x66,0x66,0x10,0xFF,
    0x66,0x66,0x66,0x31,0x00,0x00,0x00,0x00,0x01,0x80,0x66,0x66,0x66,0x07,0xFF,0x66,
    0x66,0x66,0x01,0xC0,0x65,0x65,0x65,0x18,0x00,0x00,0x00,0x00,0x01,0xA0,0x66,0x66,
    0x66,0x07,0xFF,0x66,0x66,0x66,0x01,0x9F,0x67,0x67,0x67,0x07,0x00,0x00,0x00,0x00,
    0x01,0x20,0x68,0x68,0x68,0x08,0xFF,0x66,0x66,0x66,0x01,0x20,0x68,0x68,0x68,0x0F,
    0x00,0x00,0x00,0x00,0x01,0x60,0x65,0x65,0x65,0x10,0xFF,0x66,0x66,0x66,0x01,0x20,
    0x68,0x68,0x68,0x0F,0x00,0x00,0x00,0x00,0x01,0x60,0x65,0x65,0x65,0x18,0xFF,0x66,
    0x66,0x66,0x01,0x40,0x64,0x64,0x64,0x28,0x00,0x00,0x00,0x00,0x01,0x80,0x66,0x66,
    0x66,0x10,0xFF,0x66,0x66,0x66,0x31,0x00,0x00,0x00,0x00,0x01,0x80,0x66,0x66,0x66,
    0x07,0xFF,0x66,0x66,0x66,0x01,0xC0,0x65,0x65,0x65,0x18,0x00,0x00,0x00,0x00,0x01,
    0xA0,0x66,0x66,0x66,0x07,0xFF,0x66,0x66,0x66,0x01,0x9F,0x67,0x67,0x67,0x07,0x00,
    0x00,0x00,0x00,0x01,0x20,0x68,0x68,0x68,0x08,0xFF,0x66,0x66,0x66,0x01,0x20,0x68,
    0x68,0x68,0x0F,0x00,0x00,0x00,0x00,0x01,0x60,0x65,0x65,0x65,0x10,0xFF,0x66,0x66,
    0x66,0x01,0x20,0x68,0x68,0x68,0x0F,0x00,0x00,0x00,0x00,0x01,0x60,0x65,0x65,0x65,
    0x18,0xFF,0x66,0x66,0x66,0x01,0x40,0x64,0x64,0x64,0x28,0x00,0x00,0x00,0x00,0x01,
    0x80,0x66,0x66,0x66,0x10,0xFF,0x66,0x66,0x66,0x31,0x00,0x00,0x00,0x00,0x01,0x80,
    0x66,0x66,0x66,0x07,0xFF,0x66,0x66,0x66,0x01,0xC0,0x65,0x65,0x65,0x18,0x00,0x00,
    0x00,0x00,0x01,0xA0,0x66,0x66,0x66,0x07,0xFF,0x66,0x66,0x66,0x01,0x9F,0x67,0x67,
    0x67,0x07,0x00,0x00,0x00,0x00,0x01,0x20,0x68,0x68,0x68,0x08,0xFF,0x66,0x66,0x66,
    0x01,0x20,0x68,0x68,0x68,0x0F,0x00,0x00,0x00,0x00,0x01,0x60,0x65,0x65,0x65,0x10,
    0xFF,0x66,0x66,0x66,0x01,0x20,0x68,0x68,0x68,0x0F,0x00,0x00,0x00,0x00,0x01,0x60,
    0x65,0x65,0x65,0x18,0xFF,0x66,0x66,0x66,0x01,0x40,0x64,0x64,0x64,0x28,0x00,0x00,
    0x00,0x00,0x01,0x80,0x66,0x66,0x66,0x10,0xFF,0x66,0x66,0x66,0x10,0xDF,0x66,0x66,
    0x66,0x01,0x70,0x64,0x64,0x64,0x20,0x00,0x00,0x00,0x00,0x01,0x10,0x70,0x70,0x70,
    0x07,0x20,0x68,0x68,0x68,0x01,0x60,0x65,0x65,0x65,0x18,0xDF,0x66,0x66,0x66,0x01,
    0xEF,0x65,0x65,0x65,0x07,0xFF,0x66,0x66,0x66,0x01,0xEF,0x65,0x65,0x65,0x08,0xDF,
    0x66,0x66,0x66,0x08,0xFF,0x66,0x66,0x66,0x10,0xDF,0x66,0x66,0x66,0x01,0x9F,0x67,
    0x67,0x67,0x10,0x20,0x68,0x68,0x68,0x01,0xBF,0x67,0x67,0x67,0x0F,0xDF,0x66,0x66,
    0x66,0x01,0x9F,0x67,0x67,0x67,0x07,0x20,0x68,0x68,0x68,0x01,0x40,0x68,0x68,0x68,
    0x08,0xFF,0x66,0x66,0x66,0x01,0x40,0x64,0x64,0x64,0x07,0x20,0x68,0x68,0x68,0x01,
    0xBF,0x67,0x67,0x67,0x07,0xDF,0x66,0x66,0x66,0x01,0x70,0x64,0x64,0x64,0x07,0x00,
    0x00,0x00,0x00,0x01,0x40,0x68,0x68,0x68,0x10,0xDF,0x66,0x66,0x66,0x01,0x30,0x65,
    0x65,0x65,0x07,0x00,0x00,0x00,0x00,0x01,0x10,0x70,0x70,0x70,0x07,0x20,0x68,0x68,
    0x68,0x01,0x60,0x65,0x65,0x65,0x18,0xFF,0x66,0x66,0x66,0x01,0x80,0x66,0x66,0x66,
    0x28,0x00,0x00,0x00,0x00,0x01,0x40,0x68,0x68,0x68,0x41,0xFF,0x66,0x66,0x66,0x01,
    0x9F,0x67,0x67,0x67,0x10,0x00,0x00,0x00,0x00,0x01,0xE0,0x65,0x65,0x65,0x0F,0xFF,
    0x66,0x66,0x66,0x01,0x9F,0x67,0x67,0x67,0x07,0x00,0x00,0x00,0x00,0x01,0x20,0x68,
    0x68,0x68,0x08,0xFF,0x66,0x66,0x66,0x01,0x20,0x68,0x68,0x68,0x07,0x00,0x00,0x00,
    0x00,0x01,0xBF,0x67,0x67,0x67,0x07,0xFF,0x66,0x66,0x66,0x01,0x80,0x66,0x66,0x66,
    0x07,0x00,0x00,0x00,0x00,0x01,0x40,0x68,0x68,0x68,0x10,0xFF,0x66,0x66,0x66,0x01,
    0x40,0x64,0x64,0x64,0x0F,0x00,0x00,0x00,0x00,0x01,0x40,0x68,0x68,0x68,0x18,0xFF,
    0x66,0x66,0x66,0x01,0x80,0x66,0x66,0x66,0x28,0x00,0x00,0x00,0x00,0x01,0x40,0x68,
    0x68,0x68,0x41,0xFF,0x66,0x66,0x66,0x01,0x9F,0x67,0x67,0x67,0x10,0x00,0x00,0x00,
    0x00,0x01,0xE0,0x65,0x65,0x65,0x0F,0xFF,0x66,0x66,0x66,0x01,0x9F,0x67,0x67,0x67,
    0x07,0x00,0x00,0x00,0x00,0x01,0x20,0x68,0x68,0x68,0x08,0xFF,0x66,0x66,0x66,0x01,
    0x20,0x68,0x68,0x68,0x07,0x00,0x00,0x00,0x00,0x01,0xBF,0x67,0x67,0x67,0x07,0xFF,
    0x66,0x66,0x66,0x01,0x80,0x66,0x66,0x66,0x07,0x00,0x00,0x00,0x00,0x01,0x40,0x68,
    0x68,0x68,0x10,0xFF,0x66,0x66,0x66,0x01,0x40,0x64,0x64,0x64,0x0F,0x00,0x00,0x00,
    0x00,0x01,0x40,0x68,0x68,0x68,0x18,0xFF,0x66,0x66,0x66,0x01,0x80,0x66,0x66,0x66,
    0x28,0x00,0x00,0x00,0x00,0x01,0x40,0x68,0x68,0x68,0x41,0xFF,0x66,0x66,0x66,0x01,
    0x9F,0x67,0x67,0x67,0x10,0x00,0x00,0x00,0x00,0x01,0xE0,0x65,0x65,0x65,0x0F,0xFF,
    0x66,0x66,0x66,0x01,0x9F,0x67,0x67,0x67,0x07,0x00,0x00,0x00,0x00,0x01,0x20,0x68,
    0x68,0x68,0x08,0xFF,0x66,0x66,0x66,0x01,0x20,0x68,0x68,0x68,0x07,0x00,0x00,0x00,
    0x00,0x01,0xBF,0x67,0x67,0x67,0x07,0xFF,0x66,0x66,0x66,0x01,0x80,0x66,0x66,0x66,
    0x07,0x00,0x00,0x00,0x00,0x01,0x40,0x68,0x68,0x68,0x10,0xFF,0x66,0x66,0x66,0x01,
    0x40,0x64,0x64,0x64,0x0F,0x00,0x00,0x00,0x00,0x01,0x40,0x68,0x68,0x68,0x18,0xFF,
    0x66,0x66,0x66,0x01,0x80,0x66,0x66,0x66,0x28,0x00,0x00,0x00,0x00,0x01,0x40,0x68,
    0x68,0x68,0x41,0xFF,0x66,0x66,0x66,0x01,0x9F,0x67,0x67,0x67,0x10,0x00,0x00,0x00,
    0x00,0x01,0xE0,0x65,0x65,0x65,0x0F,0xFF,0x66,0x66,0x66,0x01,0x9F,0x67,0x67,0x67,
    0x07,0x00,0x00,0x00,0x00,0x01,0x20,0x68,0x68,0x68,0x08,0xFF,0x66,0x66,0x66,0x01,
    0x20,0x68,0x68,0x68,0x07,0x00,0x00,0x00,0x00,0x01,0xBF,0x67,0x67,0x67,0x07,0xFF,
    0x66,0x66,0x66,0x01,0x80,0x66,0x66,0x66,0x07,0x00,0x00,0x00,0x00,0x01,0x40,0x68,
    0x68,0x68,0x10,0xFF,0x66,0x66,0x66,0x01,0x40,0x64,0x64,0x64,0x0F,0x00,0x00,0x00,
    0x00,0x01,0x40,0x68,0x68,0x68,0x18,0xFF,0x66,0x66,0x66,0x01,0x80,0x66,0x66,0x66,
    0x28,0x00,0x00,0x00,0x00,0x01,0x40,0x68,0x68,0x68,0x41,0xFF,0x66,0x66,0x66,0x01,
    0x9F,0x67,0x67,0x67,0x10,0x00,0x00,0x00,0x00,0x01,0xE0,0x65,0x65,0x65,0x0F,0xFF,
    0x66,0x66,0x66,0x01,0x9F,0x67,0x67,0x67,0x07,0x00,0x00,0x00,0x00,0x01,0x20,0x68,
    0x68,0x68,0x08,0xFF,0x66,0x66,0x66,0x01,0x20,0x68,0x68,0x68,0x07,0x00,0x00,0x00,
    0x00,0x01,0xBF,0x67,0x67,0x67,0x07,0xFF,0x66,0x66,0x66,0x01,0x80,0x66,0x66,0x66,
    0x07,0x00,0x00,0x00,0x00,0x01,0x40,0x68,0x68,0x68,0x10,0xFF,0x66,0x66,0x66,0x01,
    0x40,0x64,0x64,0x64,0x0F,0x00,0x00,0x00,0x00,0x01,0x40,0x68,0x68,0x68,0x18,0xFF,
    0x66,0x66,0x66,0x01,0x80,0x66,0x66,0x66,0x28,0x00,0x00,0x00,0x00,0x01,0x40,0x68,
    0x68,0x68,0x41,0xFF,0x66,0x66,0x66,0x01,0x9F,0x67,0x67,0x67,0x10,0x00,0x00,0x00,
    0x00,0x01,0xE0,0x65,0x65,0x65,0x0F,0xFF,0x66,0x66,0x66,0x01,0x9F,0x67,0x67,0x67,
    0x07,0x00,0x00,0x00,0x00,0x01,0x20,0x68,0x68,0x68,0x08,0xFF,0x66,0x66,0x66,0x01,
    0x20,0x68,0x68,0x68,0x07,0x00,0x00,0x00,0x00,0x01,0xBF,0x67,0x67,0x67,0x07,0xFF,
    0x66,0x66,0x66,0x01,0x80,0x66,0x66,0x66,0x07,0x00,0x00,0x00,0x00,0x01,0x40,0x68,
    0x68,0x68,0x10,0xFF,0x66,0x66,0x66,0x01,0x40,0x64,0x64,0x64,0x0F,0x00,0x00,0x00,
    0x00,0x01,0x40,0x68,0x68,0x68,0x18,0xFF,0x66,0x66,0x66,0x01,0x80,0x66,0x66,0x66,
    0x28,0x00,0x00,0x00,0x00,0x01,0x40,0x68,0x68,0x68,0x41,0xFF,0x66,0x66,0x66,0x01,
    0x9F,0x67,0x67,0x67,0x10,0x00,0x00,0x00,0x00,0x01,0xE0,0x65,0x65,0x65,0x0F,0xFF,
    0x66,0x66,0x66,0x01,0x9F,0x67,0x67,0x67,0x07,0x00,0x00,0x00,0x00,0x01,0x20,0x68,
    0x68,0x68,0x08,0xFF,0x66,0x66,0x66,0x01,0x20,0x68,0x68,0x68,0x07,0x00,0x00,0x00,
    0x00,0x01,0xBF,0x67,0x67,0x67,0x07,0xFF,0x66,0x66,0x66,0x01,0x80,0x66,0x66,0x66,
    0x07,0x00,0x00,0x00,0x00,0x01,0x40,0x68,0x68,0x68,0x10,0xFF,0x66,0x66,0x66,0x01,
    0x40,0x64,0x64,0x64,0x0F,0x00,0x00,0x00,0x00,0x01,0x40,0x68,0x68,0x68,0x08,0xFF,
    0x66,0x66,0x66,0x10,0x60,0x65,0x65,0x65,0x01,0x30,0x65,0x65,0x65,0x07,0x00,0x00,
    0x00,0x00,0x01,0x30,0x65,0x65,0x65,0x10,0x9F,0x67,0x67,0x67,0x01,0x20,0x68,0x68,
    0x68,0x07,0x00,0x00,0x00,0x00,0x01,0x50,0x66,0x66,0x66,0x07,0x9F,0x67,0x67,0x67,
    0x01,0xAF,0x66,0x66,0x66,0x07,0xFF,0x66,0x66,0x66,0x01,0xEF,0x65,0x65,0x65,0x08,
    0x60,0x65,0x65,0x65,0x01,0xEF,0x65,0x65,0x65,0x07,0xFF,0x66,0x66,0x66,0x01,0x9F,
    0x67,0x67,0x67,0x0F,0x60,0x65,0x65,0x65,0x01,0x70,0x66,0x66,0x66,0x18,0xFF,0x66,
    0x66,0x66,0x01,0xDF,0x66,0x66,0x66,0x07,0x9F,0x67,0x67,0x67,0x01,0x8F,0x66,0x66,
    0x66,0x08,0x00,0x00,0x00,0x00,0x01,0xE0,0x65,0x65,0x65,0x0F,0xFF,0x66,0x66,0x66,
    0x01,0x9F,0x67,0x67,0x67,0x07,0x00,0x00,0x00,0x00,0x01,0x20,0x68,0x68,0x68,0x08,
    0xFF,0x66,0x66,0x66,0x01,0x20,0x68,0x68,0x68,0x07,0x00,0x00,0x00,0x00,0x01,0x40,
    0x68,0x68,0x68,0x07,0x60,0x65,0x65,0x65,0x01,0x80,0x66,0x66,0x66,0x07,0x9F,0x67,
    0x67,0x67,0x01,0x80,0x66,0x66,0x66,0x10,0x60,0x65,0x65,0x65,0x01,0x20,0x68,0x68,
    0x68,0x0F,0x00,0x00,0x00,0x00,0x01,0x40,0x68,0x68,0x68,0x08,0xFF,0x66,0x66,0x66,
    0x18,0x00,0x00,0x00,0x00,0x01,0x40,0x68,0x68,0x68,0x10,0xFF,0x66,0x66,0x66,0x01,
    0x40,0x64,0x64,0x64,0x07,0x00,0x00,0x00,0x00,0x01,0x80,0x66,0x66,0x66,0x0F,0xFF,
    0x66,0x66,0x66,0x01,0xDF,0x66,0x66,0x66,0x08,0x00,0x00,0x00,0x00,0x01,0xE0,0x65,
    0x65,0x65,0x07,0xFF,0x66,0x66,0x66,0x01,0x60,0x65,0x65,0x65,0x0F,0x00,0x00,0x00,
    0x00,0x01,0x20,0x68,0x68,0x68,0x20,0xFF,0x66,0x66,0x66,0x01,0xDF,0x66,0x66,0x66,
    0x08,0x00,0x00,0x00,0x00,0x01,0xE0,0x65,0x65,0x65,0x0F,0xFF,0x66,0x66,0x66,0x01,
    0x9F,0x67,0x67,0x67,0x07,0x00,0x00,0x00,0x00,0x01,0x20,0x68,0x68,0x68,0x08,0xFF,
    0x66,0x66,0x66,0x01,0x20,0x68,0x68,0x68,0x0F,0x00,0x00,0x00,0x00,0x01,0x80,0x66,
    0x66,0x66,0x07,0xFF,0x66,0x66,0x66,0x01,0xC0,0x65,0x65,0x65,0x20,0x00,0x00,0x00,
    0x00,0x01,0x40,0x68,0x68,0x68,0x08,0xFF,0x66,0x66,0x66,0x18,0x00,0x00,0x00,0x00,
    0x01,0x40,0x68,0x68,0x68,0x10,0xFF,0x66,0x66,0x66,0x01,0x40,0x64,0x64,0x64,0x07,
    0x00,0x00,0x00,0x00,0x01,0x80,0x66,0x66,0x66,0x0F,0xFF,0x66,0x66,0x66,0x01,0xDF,
    0x66,0x66,0x66,0x08,0x00,0x00,0x00,0x00,0x01,0xE0,0x65,0x65,0x65,0x07,0xFF,0x66,
    0x66,0x66,0x01,0x60,0x65,0x65,0x65,0x0F,0x00,0x00,0x00,0x00,0x01,0x20,0x68,0x68,
    0x68,0x20,0xFF,0x66,0x66,0x66,0x01,0xDF,0x66,0x66,0x66,0x08,0x00,0x00,0x00,0x00,
    0x01,0xE0,0x65,0x65,0x65,0x0F,0xFF,0x66,0x66,0x66,0x01,0x9F,0x67,0x67,0x67,0x07,
    0x00,0x00,0x00,0x00,0x01,0x20,0x68,0x68,0x68,0x08,0xFF,0x66,0x66,0x66,0x01,0x20,
    0x68,0x68,0x68,0x0F,0x00,0x00,0x00,0x00,0x01,0x80,0x66,0x66,0x66,0x07,0xFF,0x66,
    0x66,0x66,0x01,0xC0,0x65,0x65,0x65,0x20,0x00,0x00,0x00,0x00,0x01,0x40,0x68,0x68,
    0x68,0x08,0xFF,0x66,0x66,0x66,0x18,0x00,0x00,0x00,0x00,0x01,0x40,0x68,0x68,0x68,
    0x10,0xFF,0x66,0x66,0x66,0x01,0x40,0x64,0x64,0x64,0x07,0x00,0x00,0x00,0x00,0x01,
    0x80,0x66,0x66,0x66,0x0F,0xFF,0x66,0x66,0x66,0x01,0xDF,0x66,0x66,0x66,0x08,0x00,
    0x00,0x00,0x00,0x01,0xE0,0x65,0x65,0x65,0x07,0xFF,0x66,0x66,0x66,0x01,0x60,0x65,
    0x65,0x65,0x0F,0x00,0x00,0x00,0x00,0x01,0x20,0x68,0x68,0x68,0x20,0xFF,0x66,0x66,
    0x66,0x01,0xDF,0x66,0x66,0x66,0x08,0x00,0x00,0x00,0x00,0x01,0xE0,0x65,0x65,0x65,
    0x0F,0xFF,0x66,0x66,0x66,0x01,0x9F,0x67,0x67,0x67,0x07,0x00,0x00,0x00,0x00,0x01,
    0x20,0x68,0x68,0x68,0x08,0xFF,0x66,0x66,0x66,0x01,0x20,0x68,0x68,0x68,0x0F,0x00,
    0x00,0x00,0x00,0x01,0x80,0x66,0x66,0x66,0x07,0xFF,0x66,0x66,0x66,0x01,0xC0,0x65,
    0x65,0x65,0x20,0x00,0x00,0x00,0x00,0x01,0x40,0x68,0x68,0x68,0x08,0xFF,0x66,0x66,
    0x66,0x18,0x00,0x00,0x00,0x00,0x01,0x40,0x68,0x68,0x68,0x10,0xFF,0x66,0x66,0x66,
    0x01,0x40,0x64,0x64,0x64,0x07,0x00,0x00,0x00,0x00,0x01,0x80,0x66,0x66,0x66,0x0F,
    0xFF,0x66,0x66,0x66,0x01,0xDF,0x66,0x66,0x66,0x08,0x00,0x00,0x00,0x00,0x01,0xE0,
    0x65,0x65,0x65,0x07,0xFF,0x66,0x66,0x66,0x01,0x60,0x65,0x65,0x65,0x0F,0x00,0x00,
    0x00,0x00,0x01,0x20,0x68,0x68,0x68,0x20,0xFF,0x66,0x66,0x66,0x01,0xDF,0x66,0x66,
    0x66,0x08,0x00,0x00,0x00,0x00,0x01,0xE0,0x65,0x65,0x65,0x0F,0xFF,0x66,0x66,0x66,
    0x01,0x9F,0x67,0x67,0x67,0x07,0x00,0x00,0x00,0x00,0x01,0x20,0x68,0x68,0x68,0x08,
    0xFF,0x66,0x66,0x66,0x01,0x20,0x68,0x68,0x68,0x0F,0x00,0x00,0x00,0x00,0x01,0x80,
    0x66,0x66,0x66,0x07,0xFF,0x66,0x66,0x66,0x01,0xC0,0x65,0x65,0x65,0x20,0x00,0x00,
    0x00,0x00,0x01,0x40,0x68,0x68,0x68,0x08,0xFF,0x66,0x66,0x66,0x18,0x00,0x00,0x00,
    0x00,0x01,0x40,0x68,0x68,0x68,0x10,0xFF,0x66,0x66,0x66,0x01,0x40,0x64,0x64,0x64,
    0x07,0x00,0x00,0x00,0x00,0x01,0x80,0x66,0x66,0x66,0x0F,0xFF,0x66,0x66,0x66,0x01,
    0xDF,0x66,0x66,0x66,0x08,0x00,0x00,0x00,0x00,0x01,0xE0,0x65,0x65,0x65,0x07,0xFF,
    0x66,0x66,0x66,0x01,0x60,0x65,0x65,0x65,0x0F,0x00,0x00,0x00,0x00,0x01,0x20,0x68,
    0x68,0x68,0x20,0xFF,0x66,0x66,0x66,0x01,0xDF,0x66,0x66,0x66,0x08,0x00,0x00,0x00,
    0x00,0x01,0xE0,0x65,0x65,0x65,0x0F,0xFF,0x66,0x66,0x66,0x01,0x9F,0x67,0x67,0x67,
    0x07,0x00,0x00,0x00,0x00,0x01,0x20,0x68,0x68,0x68,0x08,0xFF,0x66,0x66,0x66,0x01,
    0x20,0x68,0x68,0x68,0x0F,0x00,0x00,0x00,0x00,0x01,0x80,0x66,0x66,0x66,0x07,0xFF,
    0x66,0x66,0x66,0x01,0xC0,0x65,0x65,0x65,0x20,0x00,0x00,0x00,0x00,0x01,0x40,0x68,
    0x68,0x68,0x08,0xFF,0x66,0x66,0x66,0x18,0x00,0x00,0x00,0x00,0x01,0x40,0x68,0x68,
    0x68,0x10,0xFF,0x66,0x66,0x66,0x01,0x40,0x64,0x64,0x64,0x07,0x00,0x00,0x00,0x00,
    0x01,0x80,0x66,0x66,0x66,0x0F,0xFF,0x66,0x66,0x66,0x01,0xDF,0x66,0x66,0x66,0x08,
    0x00,0x00,0x00,0x00,0x01,0xE0,0x65,0x65,0x65,0x07,0xFF,0x66,0x66,0x66,0x01,0x60,
    0x65,0x65,0x65,0x0F,0x00,0x00,0x00,0x00,0x01,0x20,0x68,0x68,0x68,0x20,0xFF,0x66,
    0x66,0x66,0x01,0xDF,0x66,0x66,0x66,0x08,0x00,0x00,0x00,0x00,0x01,0xE0,0x65,0x65,
    0x65,0x0F,0xFF,0x66,0x66,0x66,0x01,0x9F,0x67,0x67,0x67,0x07,0x00,0x00,0x00,0x00,
    0x01,0x20,0x68,0x68,0x68,0x08,0xFF,0x66,0x66,0x66,0x01,0x20,0x68,0x68,0x68,0x0F,
    0x00,0x00,0x00,0x00,0x01,0x80,0x66,0x66,0x66,0x07,0xFF,0x66,0x66,0x66,0x01,0xC0,
    0x65,0x65,0x65,0x20,0x00,0x00,0x00,0x00,0x01,0x40,0x68,0x68,0x68,0x08,0xFF,0x66,
    0x66,0x66,0x18,0x00,0x00,0x00,0x00,0x01,0x40,0x68,0x68,0x68,0x10,0xFF,0x66,0x66,
    0x66,0x01,0x40,0x64,0x64,0x64,0x07,0x00,0x00,0x00,0x00,0x01,0x80,0x66,0x66,0x66,
    0x0F,0xFF,0x66,0x66,0x66,0x01,0xDF,0x66,0x66,0x66,0x08,0x00,0x00,0x00,0x00,0x01,
    0xE0,0x65,0x65,0x65,0x07,0xFF,0x66,0x66,0x66,0x01,0x60,0x65,0x65,0x65,0x0F,0x00,
    0x00,0x00,0x00,0x01,0x20,0x68,0x68,0x68,0x20,0xFF,0x66,0x66,0x66,0x01,0xDF,0x66,
    0x66,0x66,0x08,0x00,0x00,0x00,0x00,0x01,0xE0,0x65,0x65,0x65,0x0F,0xFF,0x66,0x66,
    0x66,0x01,0x9F,0x67,0x67,0x67,0x07,0x00,0x00,0x00,0x00,0x01,0x20,0x68,0x68,0x68,
    0x08,0xFF,0x66,0x66,0x66,0x01,0x20,0x68,0x68,0x68,0x0F,0x00,0x00,0x00,0x00,0x01,
    0x80,0x66,0x66,0x66,0x07,0xFF,0x66,0x66,0x66,0x01,0xC0,0x65,0x65,0x65,0x20,0x00,
    0x00,0x00,0x00,0x01,0x40,0x68,0x68,0x68,0x08,0xFF,0x66,0x66,0x66,0x18,0x00,0x00,
    0x00,0x00,0x01,0x40,0x68,0x68,0x68,0x08,0xFF,0x66,0x66,0x66,0x08,0xA0,0x66,0x66,
    0x66,0x01,0x80,0x66,0x66,0x66,0x07,0x60,0x65,0x65,0x65,0x01,0x80,0x66,0x66,0x66,
    0x0F,0xA0,0x66,0x66,0x66,0x01,0x90,0x65,0x65,0x65,0x08,0x00,0x00,0x00,0x00,0x01,
    0x90,0x67,0x67,0x67,0x07,0xA0,0x66,0x66,0x66,0x01,0x40,0x64,0x64,0x64,0x0F,0x00,
    0x00,0x00,0x00,0x01,0x10,0x60,0x60,0x60,0x10,0xA0,0x66,0x66,0x66,0x01,0xDF,0x66,
    0x66,0x66,0x0F,0xFF,0x66,0x66,0x66,0x01,0xEF,0x65,0x65,0x65,0x08,0x60,0x65,0x65,
    0x65,0x01,0xEF,0x65,0x65,0x65,0x0F,0xFF,0x66,0x66,0x66,0x01,0x9F,0x67,0x67,0x67,
    0x07,0x00,0x00,0x00,0x00,0x01,0x20,0x68,0x68,0x68,0x08,0xFF,0x66,0x66,0x66,0x01,
    0x20,0x68,0x68,0x68,0x0F,0x00,0x00,0x00,0x00,0x01,0x80,0x66,0x66,0x66,0x07,0xFF,
    0x66,0x66,0x66,0x01,0xC0,0x65,0x65,0x65,0x08,0x00,0x00,0x00,0x00,0x08,0x60,0x65,
    0x65,0x65,0x01,0x10,0x60,0x60,0x60,0x07,0x00,0x00,0x00,0x00,0x01,0x30,0x60,0x60,
    0x60,0x08,0x60,0x65,0x65,0x65,0x08,0xA0,0x66,0x66,0x66,0x18,0x00,0x00,0x00,0x00,
    0x01,0x40,0x68,0x68,0x68,0x08,0xFF,0x66,0x66,0x66,0x08,0x00,0x00,0x00,0x00,0x01,
    0xBF,0x67,0x67,0x67,0x07,0xFF,0x66,0x66,0x66,0x01,0x80,0x66,0x66,0x66,0x41,0x00,
    0x00,0x00,0x00,0x01,0xA0,0x66,0x66,0x66,0x28,0xFF,0x66,0x66,0x66,0x01,0x9F,0x67,
    0x67,0x67,0x07,0x00,0x00,0x00,0x00,0x01,0x20,0x68,0x68,0x68,0x08,0xFF,0x66,0x66,
    0x66,0x01,0x20,0x68,0x68,0x68,0x0F,0x00,0x00,0x00,0x00,0x01,0x80,0x66,0x66,0x66,
    0x07,0xFF,0x66,0x66,0x66,0x01,0xC0,0x65,0x65,0x65,0x08,0x00,0x00,0x00,0x00,0x08,
    0xFF,0x66,0x66,0x66,0x01,0x40,0x64,0x64,0x64,0x07,0x00,0x00,0x00,0x00,0x01,0x80,
    0x66,0x66,0x66,0x07,0xFF,0x66,0x66,0x66,0x01,0xC0,0x65,0x65,0x65,0x20,0x00,0x00,
    0x00,0x00,0x01,0x40,0x68,0x68,0x68,0x08,0xFF,0x66,0x66,0x66,0x08,0x00,0x00,0x00,
    0x00,0x01,0xBF,0x67,0x67,0x67,0x07,0xFF,0x66,0x66,0x66,0x01,0x80,0x66,0x66,0x66,
    0x41,0x00,0x00,0x00,0x00,0x01,0xA0,0x66,0x66,0x66,0x28,0xFF,0x66,0x66,0x66,0x01,
    0x9F,0x67,0x67,0x67,0x07,0x00,0x00,0x00,0x00,0x01,0x20,0x68,0x68,0x68,0x08,0xFF,
    0x66,0x66,0x66,0x01,0x20,0x68,0x68,0x68,0x0F,0x00,0x00,0x00,0x00,0x01,0x80,0x66,
    0x66,0x66,0x07,0xFF,0x66,0x66,0x66,0x01,0xC0,0x65,0x65,0x65,0x08,0x00,0x00,0x00,
    0x00,0x08,0xFF,0x66,0x66,0x66,0x01,0x40,0x64,0x64,0x64,0x07,0x00,0x00,0x00,0x00,
    0x01,0x80,0x66,0x66,0x66,0x07,0xFF,0x66,0x66,0x66,0x01,0xC0,0x65,0x65,0x65,0x20,
    0x00,0x00,0x00,0x00,0x01,0x40,0x68,0x68,0x68,0x08,0xFF,0x66,0x66,0x66,0x08,0x00,
    0x00,0x00,0x00,0x01,0xBF,0x67,0x67,0x67,0x07,0xFF,0x66,0x66,0x66,0x01,0x80,0x66,
    0x66,0x66,0x41,0x00,0x00,0x00,0x00,0x01,0xA0,0x66,0x66,0x66,0x28,0xFF,0x66,0x66,
    0x66,0x01,0x9F,0x67,0x67,0x67,0x07,0x00,0x00,0x00,0x00,0x01,0x20,0x68,0x68,0x68,
    0x08,0xFF,0x66,0x66,0x66,0x01,0x20,0x68,0x68,0x68,0x0F,0x00,0x00,0x00,0x00,0x01,
    0x80,0x66,0x66,0x66,0x07,0xFF,0x66,0x66,0x66,0x01,0xC0,0x65,0x65,0x65,0x08,0x00,
    0x00,0x00,0x00,0x08,0xFF,0x66,0x66,0x66,0x01,0x40,0x64,0x64,0x64,0x07,0x00,0x00,
    0x00,0x00,0x01,0x80,0x66,0x66,0x66,0x07,0xFF,0x66,0x66,0x66,0x01,0xC0,0x65,0x65,
    0x65,0x20,0x00,0x00,0x00,0x00,0x01,0x40,0x68,0x68,0x68,0x08,0xFF,0x66,0x66,0x66,
    0x08,0x00,0x00,0x00,0x00,0x01,0xBF,0x67,0x67,0x67,0x07,0xFF,0x66,0x66,0x66,0x01,
    0x80,0x66,0x66,0x66,0x41,0x00,0x00,0x00,0x00,0x01,0xA0,0x66,0x66,0x66,0x28,0xFF,
    0x66,0x66,0x66,0x01,0x9F,0x67,0x67,0x67,0x07,0x00,0x00,0x00,0x00,0x01,0x20,0x68,
    0x68,0x68,0x08,0xFF,0x66,0x66,0x66,0x01,0x20,0x68,0x68,0x68,0x0F,0x00,0x00,0x00,
    0x00,0x01,0x80,0x66,0x66,0x66,0x07,0xFF,0x66,0x66,0x66,0x01,0xC0,0x65,0x65,0x65,
    0x08,0x00,0x00,0x00,0x00,0x08,0xFF,0x66,0x66,0x66,0x01,0x40,0x64,0x64,0x64,0x07,
    0x00,0x00,0x00,0x00,0x01,0x80,0x66,0x66,0x66,0x07,0xFF,0x66,0x66,0x66,0x01,0xC0,
    0x65,0x65,0x65,0x20,0x00,0x00,0x00,0x00,0x01,0x40,0x68,0x68,0x68,0x08,0xFF,0x66,
    0x66,0x66,0x08,0x00,0x00,0x00,0x00,0x01,0xBF,0x67,0x67,0x67,0x07,0xFF,0x66,0x66,
    0x66,0x01,0x80,0x66,0x66,0x66,0x41,0x00,0x00,0x00,0x00,0x01,0xA0,0x66,0x66,0x66,
    0x28,0xFF,0x66,0x66,0x66,0x01,0x9F,0x67,0x67,0x67,0x07,0x00,0x00,0x00,0x00,0x01,
    0x20,0x68,0x68,0x68,0x08,0xFF,0x66,0x66,0x66,0x01,0x20,0x68,0x68,0x68,0x0F,0x00,
    0x00,0x00,0x00,0x01,0x80,0x66,0x66,0x66,0x07,0xFF,0x66,0x66,0x66,0x01,0xC0,0x65,
    0x65,0x65,0x08,0x00,0x00,0x00,0x00,0x08,0xFF,0x66,0x66,0x66,0x01,0x40,0x64,0x64,
    0x64,0x07,0x00,0x00,0x00,0x00,0x01,0x80,0x66,0x66,0x66,0x07,0xFF,0x66,0x66,0x66,
    0x01,0xC0,0x65,0x65,0x65,0x20,0x00,0x00,0x00,0x00,0x01,0x40,0x68,0x68,0x68,0x08,
    0xFF,0x66,0x66,0x66,0x08,0x00,0x00,0x00,0x00,0x01,0xBF,0x67,0x67,0x67,0x07,0xFF,
    0x66,0x66,0x66,0x01,0x80,0x66,0x66,0x66,0x41,0x00,0x00,0x00,0x00,0x01,0xA0,0x66,
    0x66,0x66,0x28,0xFF,0x66,0x66,0x66,0x01,0x9F,0x67,0x67,0x67,0x07,0x00,0x00,0x00,
    0x00,0x01,0x20,0x68,0x68,0x68,0x08,0xFF,0x66,0x66,0x66,0x01,0x20,0x68,0x68,0x68,
    0x0F,0x00,0x00,0x00,0x00,0x01,0x80,0x66,0x66,0x66,0x07,0xFF,0x66,0x66,0x66,0x01,
    0xC0,0x65,0x65,0x65,0x08,0x00,0x00,0x00,0x00,0x08,0xFF,0x66,0x66,0x66,0x01,0x40,
    0x64,0x64,0x64,0x07,0x00,0x00,0x00,0x00,0x01,0x80,0x66,0x66,0x66,0x07,0xFF,0x66,
    0x66,0x66,0x01,0xC0,0x65,0x65,0x65,0x20,0x00,0x00,0x00,0x00,0x01,0x40,0x68,0x68,
    0x68,0x08,0xFF,0x66,0x66,0x66,0x08,0x00,0x00,0x00,0x00,0x01,0xBF,0x67,0x67,0x67,
    0x07,0xFF,0x66,0x66,0x66,0x01,0x80,0x66,0x66,0x66,0x41,0x00,0x00,0x00,0x00,0x01,
    0xA0,0x66,0x66,0x66,0x28,0xFF,0x66,0x66,0x66,0x01,0x9F,0x67,0x67,0x67,0x07,0x00,
    0x00,0x00,0x00,0x01,0x20,0x68,0x68,0x68,0x08,0xFF,0x66,0x66,0x66,0x01,0x20,0x68,
    0x68,0x68,0x0F,0x00,0x00,0x00,0x00,0x01,0x80,0x66,0x66,0x66,0x07,0xFF,0x66,0x66,
    0x66,0x01,0xC0,0x65,0x65,0x65,0x08,0x00,0x00,0x00,0x00,0x08,0xFF,0x66,0x66,0x66,
    0x01,0x40,0x64,0x64,0x64,0x07,0x00,0x00,0x00,0x00,0x01,0x80,0x66,0x66,0x66,0x07,
    0xFF,0x66,0x66,0x66,0x01,0xC0,0x65,0x65,0x65,0x08,0x00,0x00,0x00,0x00,0x10,0x20,
    0x68,0x68,0x68,0x01,0x10,0x60,0x60,0x60,0x07,0x00,0x00,0x00,0x00,0x01,0x40,0x68,
    0x68,0x68,0x08,0xFF,0x66,0x66,0x66,0x08,0x00,0x00,0x00,0x00,0x01,0xBF,0x67,0x67,
    0x67,0x07,0xFF,0x66,0x66,0x66,0x01,0x90,0x65,0x65,0x65,0x07,0x20,0x68,0x68,0x68,
    0x01,0x10,0x60,0x60,0x60,0x20,0x00,0x00,0x00,0x00,0x01,0x10,0x60,0x60,0x60,0x18,
    0x20,0x68,0x68,0x68,0x01,0xA0,0x66,0x66,0x66,0x10,0xE0,0x65,0x65,0x65,0x10,0xFF,
    0x66,0x66,0x66,0x01,0xEF,0x65,0x65,0x65,0x07,0xE0,0x65,0x65,0x65,0x01,0x90,0x65,
    0x65,0x65,0x07,0x00,0x00,0x00,0x00,0x01,0x20,0x68,0x68,0x68,0x08,0xFF,0x66,0x66,
    0x66,0x01,0x40,0x64,0x64,0x64,0x0F,0x20,0x68,0x68,0x68,0x01,0x90,0x65,0x65,0x65,
    0x07,0xFF,0x66,0x66,0x66,0x01,0xCF,0x65,0x65,0x65,0x08,0x20,0x68,0x68,0x68,0x08,
    0xFF,0x66,0x66,0x66,0x01,0x40,0x64,0x64,0x64,0x07,0x00,0x00,0x00,0x00,0x01,0x70,
    0x64,0x64,0x64,0x07,0xE0,0x65,0x65,0x65,0x01,0xC0,0x65,0x65,0x65,0x08,0x20,0x68,
    0x68,0x68,0x10,0xFF,0x66,0x66,0x66,0x01,0x80,0x66,0x66,0x66,0x07,0x00,0x00,0x00,
    0x00,0x01,0x40,0x68,0x68,0x68,0x08,0xFF,0x66,0x66,0x66,0x08,0x00,0x00,0x00,0x00,
    0x01,0xBF,0x67,0x67,0x67,0x0F,0xFF,0x66,0x66,0x66,0x01,0xC0,0x65,0x65,0x65,0x20,
    0x00,0x00,0x00,0x00,0x01,0x60,0x65,0x65,0x65,0x18,0xFF,0x66,0x66,0x66,0x01,0x60,
    0x65,0x65,0x65,0x0F,0x00,0x00,0x00,0x00,0x01,0x20,0x68,0x68,0x68,0x10,0xFF,0x66,
    0x66,0x66,0x01,0x60,0x65,0x65,0x65,0x0F,0x00,0x00,0x00,0x00,0x01,0x20,0x68,0x68,
    0x68,0x31,0xFF,0x66,0x66,0x66,0x01,0x40,0x64,0x64,0x64,0x0F,0x00,0x00,0x00,0x00,
    0x01,0x40,0x68,0x68,0x68,0x18,0xFF,0x66,0x66,0x66,0x01,0x80,0x66,0x66,0x66,0x07,
    0x00,0x00,0x00,0x00,0x01,0x40,0x68,0x68,0x68,0x08,0xFF,0x66,0x66,0x66,0x08,0x00,
    0x00,0x00,0x00,0x01,0xBF,0x67,0x67,0x67,0x0F,0xFF,0x66,0x66,0x66,0x01,0xC0,0x65,
    0x65,0x65,0x20,0x00,0x00,0x00,0x00,0x01,0x60,0x65,0x65,0x65,0x18,0xFF,0x66,0x66,
    0x66,0x01,0x60,0x65,0x65,0x65,0x0F,0x00,0x00,0x00,0x00,0x01,0x20,0x68,0x68,0x68,
    0x10,0xFF,0x66,0x66,0x66,0x01,0x60,0x65,0x65,0x65,0x0F,0x00,0x00,0x00,0x00,0x01,
    0x20,0x68,0x68,0x68,0x31,0xFF,0x66,0x66,0x66,0x01,0x40,0x64,0x64,0x64,0x0F,0x00,
    0x00,0x00,0x00,0x01,0x40,0x68,0x68,0x68,0x18,0xFF,0x66,0x66,0x66,0x01,0x80,0x66,
    0x66,0x66,0x07,0x00,0x00,0x00,0x00,0x01,0x40,0x68,0x68,0x68,0x08,0xFF,0x66,0x66,
    0x66,0x08,0x00,0x00,0x00,0x00,0x01,0xBF,0x67,0x67,0x67,0x0F,0xFF,0x66,0x66,0x66,
    0x01,0xC0,0x65,0x65,0x65,0x20,0x00,0x00,0x00,0x00,0x01,0x60,0x65,0x65,0x65,0x18,
    0xFF,0x66,0x66,0x66,0x01,0x60,0x65,0x65,0x65,0x0F,0x00,0x00,0x00,0x00,0x01,0x20,
    0x68,0x68,0x68,0x10,0xFF,0x66,0x66,0x66,0x01,0x60,0x65,0x65,0x65,0x0F,0x00,0x00,
    0x00,0x00,0x01,0x20,0x68,0x68,0x68,0x31,0xFF,0x66,0x66,0x66,0x01,0x40,0x64,0x64,
    0x64,0x0F,0x00,0x00,0x00,0x00,0x01,0x40,0x68,0x68,0x68,0x18,0xFF,0x66,0x66,0x66,
    0x01,0x80,0x66,0x66,0x66,0x07,0x00,0x00,0x00,0x00,0x01,0x40,0x68,0x68,0x68,0x08,
    0xFF,0x66,0x66,0x66,0x08,0x00,0x00,0x00,0x00,0x01,0xBF,0x67,0x67,0x67,0x0F,0xFF,
    0x66,0x66,0x66,0x01,0xC0,0x65,0x65,0x65,0x20,0x00,0x00,0x00,0x00,0x01,0x60,0x65,
    0x65,0x65,0x18,0xFF,0x66,0x66,0x66,0x01,0x60,0x65,0x65,0x65,0x0F,0x00,0x00,0x00,
    0x00,0x01,0x20,0x68,0x68,0x68,0x10,0xFF,0x66,0x66,0x66,0x01,0x60,0x65,0x65,0x65,
    0x0F,0x00,0x00,0x00,0x00,0x01,0x20,0x68,0x68,0x68,0x31,0xFF,0x66,0x66,0x66,0x01,
    0x40,0x64,0x64,0x64,0x0F,0x00,0x00,0x00,0x00,0x01,0x40,0x68,0x68,0x68,0x18,0xFF,
    0x66,0x66,0x66,0x01,0x80,0x66,0x66,0x66,0x07,0x00,0x00,0x00,0x00,0x01,0x40,0x68,
    0x68,0x68,0x08,0xFF,0x66,0x66,0x66,0x08,0x00,0x00,0x00,0x00,0x01,0xBF,0x67,0x67,
    0x67,0x0F,0xFF,0x66,0x66,0x66,0x01,0xC0,0x65,0x65,0x65,0x20,0x00,0x00,0x00,0x00,
    0x01,0x60,0x65,0x65,0x65,0x18,0xFF,0x66,0x66,0x66,0x01,0x60,0x65,0x65,0x65,0x0F,
    0x00,0x00,0x00,0x00,0x01,0x20,0x68,0x68,0x68,0x10,0xFF,0x66,0x66,0x66,0x01,0x60,
    0x65,0x65,0x65,0x0F,0x00,0x00,0x00,0x00,0x01,0x20,0x68,0x68,0x68,0x31,0xFF,0x66,
    0x66,0x66,0x01,0x40,0x64,0x64,0x64,0x0F,0x00,0x00,0x00,0x00,0x01,0x40,0x68,0x68,
    0x68,0x18,0xFF,0x66,0x66,0x66,0x01,0x80,0x66,0x66,0x66,0x07,0x00,0x00,0x00,0x00,
    0x01,0x40,0x68,0x68,0x68,0x08,0xFF,0x66,0x66,0x66,0x08,0x00,0x00,0x00,0x00,0x01,
    0xBF,0x67,0x67,0x67,0x0F,0xFF,0x66,0x66,0x66,0x01,0xC0,0x65,0x65,0x65,0x20,0x00,
    0x00,0x00,0x00,0x01,0x60,0x65,0x65,0x65,0x18,0xFF,0x66,0x66,0x66,0x01,0x60,0x65,
    0x65,0x65,0x0F,0x00,0x00,0x00,0x00,0x01,0x20,0x68,0x68,0x68,0x10,0xFF,0x66,0x66,
    0x66,0x01,0x60,0x65,0x65,0x65,0x0F,0x00,0x00,0x00,0x00,0x01,0x20,0x68,0x68,0x68,
    0x31,0xFF,0x66,0x66,0x66,0x01,0x40,0x64,0x64,0x64,0x0F,0x00,0x00,0x00,0x00,0x01,
    0x40,0x68,0x68,0x68,0x18,0xFF,0x66,0x66,0x66,0x01,0x80,0x66,0x66,0x66,0x07,0x00,
    0x00,0x00,0x00,0x01,0x40,0x68,0x68,0x68,0x08,0xFF,0x66,0x66,0x66,0x08,0x00,0x00,
    0x00,0x00,0x01,0xBF,0x67,0x67,0x67,0x0F,0xFF,0x66,0x66,0x66,0x01,0xC0,0x65,0x65,
    0x65,0x20,0x00,0x00,0x00,0x00,0x01,0x60,0x65,0x65,0x65,0x18,0xFF,0x66,0x66,0x66,
    0x01,0x60,0x65,0x65,0x65,0x0F,0x00,0x00,0x00,0x00,0x01,0x20,0x68,0x68,0x68,0x10,
    0xFF,0x66,0x66,0x66,0x01,0x60,0x65,0x65,0x65,0x0F,0x00,0x00,0x00,0x00,0x01,0x20,
    0x68,0x68,0x68,0x31,0xFF,0x66,0x66,0x66,0x01,0x40,0x64,0x64,0x64,0x0F,0x00,0x00,
    0x00,0x00,0x01,0x40,0x68,0x68,0x68,0x18,0xFF,0x66,0x66,0x66,0x01,0x80,0x66,0x66,
    0x66,0x07,0x00,0x00,0x00,0x00,0x01,0x40,0x68,0x68,0x68,0x08,0xFF,0x66,0x66,0x66,
    0x08,0x00,0x00,0x00,0x00,0x01,0xBF,0x67,0x67,0x67,0x0F,0xFF,0x66,0x66,0x66,0x01,
    0xC0,0x65,0x65,0x65,0x20,0x00,0x00,0x00,0x00,0x01,0x60,0x65,0x65,0x65,0x18,0xFF,
    0x66,0x66,0x66,0x01,0x60,0x65,0x65,0x65,0x0F,0x00,0x00,0x00,0x00,0x01,0x20,0x68,
    0x68,0x68,0x10,0xFF,0x66,0x66,0x66,0x01,0x60,0x65,0x65,0x65,0x0F,0x00,0x00,0x00,
    0x00,0x01,0x20,0x68,0x68,0x68,0x31,0xFF,0x66,0x66,0x66,0x01,0x40,0x64,0x64,0x64,
    0x0F,0x00,0x00,0x00,0x00,0x01,0x40,0x68,0x68,0x68,0x08,0xFF,0x66,0x66,0x66,0x10,
    0x20,0x68,0x68,0x68,0x01,0x10,0x70,0x70,0x70,0x08,0x00,0x00,0x00,0x00,0x08,0x20,
    0x68,0x68,0x68,0x08,0x00,0x00,0x00,0x00,0x01,0x10,0x70,0x70,0x70,0x10,0x20,0x68,
    0x68,0x68,0x07,0x00,0x00,0x00,0x00,0x01,0x20,0x68,0x68,0x68,0x08,0xDF,0x66,0x66,
    0x66,0x01,0x20,0x68,0x68,0x68,0x0F,0x00,0x00,0x00,0x00,0x01,0x10,0x70,0x70,0x70,
    0x07,0x20,0x68,0x68,0x68,0x01,0x40,0x68,0x68,0x68,0x08,0xFF,0x66,0x66,0x66,0x01,
    0x40,0x64,0x64,0x64,0x07,0x20,0x68,0x68,0x68,0x01,0xA0,0x66,0x66,0x66,0x10,0xDF,
    0x66,0x66,0x66,0x08,0xFF,0x66,0x66,0x66,0x01,0x40,0x64,0x64,0x64,0x07,0x20,0x68,
    0x68,0x68,0x01,0xA0,0x66,0x66,0x66,0x07,0xDF,0x66,0x66,0x66,0x01,0x90,0x65,0x65,
    0x65,0x07,0x00,0x00,0x00,0x00,0x01,0x20,0x68,0x68,0x68,0x08,0xFF,0x66,0x66,0x66,
    0x01,0x40,0x64,0x64,0x64,0x17,0x20,0x68,0x68,0x68,0x01,0x60,0x65,0x65,0x65,0x08,
    0xFF,0x66,0x66,0x66,0x08,0x20,0x68,0x68,0x68,0x01,0xBF,0x67,0x67,0x67,0x07,0xDF,
    0x66,0x66,0x66,0x01,0x70,0x64,0x64,0x64,0x07,0x00,0x00,0x00,0x00,0x01,0x40,0x68,
    0x68,0x68,0x08,0xFF,0x66,0x66,0x66,0x41,0x00,0x00,0x00,0x00,0x01,0x20,0x68,0x68,
    0x68,0x08,0xFF,0x66,0x66,0x66,0x01,0x20,0x68,0x68,0x68,0x17,0x00,0x00,0x00,0x00,
    0x01,0x20,0x68,0x68,0x68,0x08,0xFF,0x66,0x66,0x66,0x01,0x20,0x68,0x68,0x68,0x07,
    0x00,0x00,0x00,0x00,0x01,0xA0,0x66,0x66,0x66,0x18,0xFF,0x66,0x66,0x66,0x01,0x20,
    0x68,0x68,0x68,0x07,0x00,0x00,0x00,0x00,0x01,0xA0,0x66,0x66,0x66,0x07,0xFF,0x66,
    0x66,0x66,0x01,0x9F,0x67,0x67,0x67,0x07,0x00,0x00,0x00,0x00,0x01,0x20,0x68,0x68,
    0x68,0x08,0xFF,0x66,0x66,0x66,0x01,0x20,0x68,0x68,0x68,0x17,0x00,0x00,0x00,0x00,
    0x01,0x40,0x68,0x68,0x68,0x08,0xFF,0x66,0x66,0x66,0x08,0x00,0x00,0x00,0x00,0x01,
    0xBF,0x67,0x67,0x67,0x07,0xFF,0x66,0x66,0x66,0x01,0x80,0x66,0x66,0x66,0x07,0x00,
    0x00,0x00,0x00,0x01,0x40,0x68,0x68,0x68,0x08,0xFF,0x66,0x66,0x66,0x41,0x00,0x00,
    0x00,0x00,0x01,0x20,0x68,0x68,0x68,0x08,0xFF,0x66,0x66,0x66,0x01,0x20,0x68,0x68,
    0x68,0x17,0x00,0x00,0x00,0x00,0x01,0x20,0x68,0x68,0x68,0x08,0xFF,0x66,0x66,0x66,
    0x01,0x20,0x68,0x68,0x68,0x07,0x00,0x00,0x00,0x00,0x01,0xA0,0x66,0x66,0x66,0x18,
    0xFF,0x66,0x66,0x66,0x01,0x20,0x68,0x68,0x68,0x07,0x00,0x00,0x00,0x00,0x01,0xA0,
    0x66,0x66,0x66,0x07,0xFF,0x66,0x66,0x66,0x01,0x9F,0x67,0x67,0x67,0x07,0x00,0x00,
    0x00,0x00,0x01,0x20,0x68,0x68,0x68,0x08,0xFF,0x66,0x66,0x66,0x01,0x20,0x68,0x68,
    0x68,0x17,0x00,0x00,0x00,0x00,0x01,0x40,0x68,0x68,0x68,0x08,0xFF,0x66,0x66,0x66,
    0x08,0x00,0x00,0x00,0x00,0x01,0xBF,0x67,0x67,0x67,0x07,0xFF,0x66,0x66,0x66,0x01,
    0x80,0x66,0x66,0x66,0x07,0x00,0x00,0x00,0x00,0x01,0x40,0x68,0x68,0x68,0x08,0xFF,
    0x66,0x66,0x66,0x41,0x00,0x00,0x00,0x00,0x01,0x20,0x68,0x68,0x68,0x08,0xFF,0x66,
    0x66,0x66,0x01,0x20,0x68,0x68,0x68,0x17,0x00,0x00,0x00,0x00,0x01,0x20,0x68,0x68,
    0x68,0x08,0xFF,0x66,0x66,0x66,0x01,0x20,0x68,0x68,0x68,0x07,0x00,0x00,0x00,0x00,
    0x01,0xA0,0x66,0x66,0x66,0x18,0xFF,0x66,0x66,0x66,0x01,0x20,0x68,0x68,0x68,0x07,
    0x00,0x00,0x00,0x00,0x01,0xA0,0x66,0x66,0x66,0x07,0xFF,0x66,0x66,0x66,0x01,0x9F,
    0x67,0x67,0x67,0x07,0x00,0x00,0x00,0x00,0x01,0x20,0x68,0x68,0x68,0x08,0xFF,0x66,
    0x66,0x66,0x01,0x20,0x68,0x68,0x68,0x17,0x00,0x00,0x00,0x00,0x01,0x40,0x68,0x68,
    0x68,0x08,0xFF,0x66,0x66,0x66,0x08,0x00,0x00,0x00,0x00,0x01,0xBF,0x67,0x67,0x67,
    0x07,0xFF,0x66,0x66,0x66,0x01,0x80,0x66,0x66,0x66,0x07,0x00,0x00,0x00,0x00,0x01,
    0x40,0x68,0x68,0x68,0x08,0xFF,0x66,0x66,0x66,0x41,0x00,0x00,0x00,0x00,0x01,0x20,
    0x68,0x68,0x68,0x08,0xFF,0x66,0x66,0x66,0x01,0x20,0x68,0x68,0x68,0x17,0x00,0x00,
    0x00,0x00,0x01,0x20,0x68,0x68,0x68,0x08,0xFF,0x66,0x66,0x66,0x01,0x20,0x68,0x68,
    0x68,0x07,0x00,0x00,0x00,0x00,0x01,0xA0,0x66,0x66,0x66,0x18,0xFF,0x66,0x66,0x66,
    0x01,0x20,0x68,0x68,0x68,0x07,0x00,0x00,0x00,0x00,0x01,0xA0,0x66,0x66,0x66,0x07,
    0xFF,0x66,0x66,0x66,0x01,0x9F,0x67,0x67,0x67,0x07,0x00,0x00,0x00,0x00,0x01,0x20,
    0x68,0x68,0x68,0x08,0xFF,0x66,0x66,0x66,0x01,0x20,0x68,0x68,0x68,0x17,0x00,0x00,
    0x00,0x00,0x01,0x40,0x68,0x68,0x68,0x08,0xFF,0x66,0x66,0x66,0x08,0x00,0x00,0x00,
    0x00,0x01,0xBF,0x67,0x67,0x67,0x07,0xFF,0x66,0x66,0x66,0x01,0x80,0x66,0x66,0x66,
    0x07,0x00,0x00,0x00,0x00,0x01,0x40,0x68,0x68,0x68,0x08,0xFF,0x66,0x66,0x66,0x41,
    0x00,0x00,0x00,0x00,0x01,0x20,0x68,0x68,0x68,0x08,0xFF,0x66,0x66,0x66,0x01,0x20,
    0x68,0x68,0x68,0x17,0x00,0x00,0x00,0x00,0x01,0x20,0x68,0x68,0x68,0x08,0xFF,0x66,
    0x66,0x66,0x01,0x20,0x68,0x68,0x68,0x07,0x00,0x00,0x00,0x00,0x01,0xA0,0x66,0x66,
    0x66,0x18,0xFF,0x66,0x66,0x66,0x01,0x20,0x68,0x68,0x68,0x07,0x00,0x00,0x00,0x00,
    0x01,0xA0,0x66,0x66,0x66,0x07,0xFF,0x66,0x66,0x66,0x01,0x9F,0x67,0x67,0x67,0x07,
    0x00,0x00,0x00,0x00,0x01,0x20,0x68,0x68,0x68,0x08,0xFF,0x66,0x66,0x66,0x01,0x20,
    0x68,0x68,0x68,0x17,0x00,0x00,0x00,0x00,0x01,0x40,0x68,0x68,0x68,0x08,0xFF,0x66,
    0x66,0x66,0x08,0x00,0x00,0x00,0x00,0x01,0xBF,0x67,0x67,0x67,0x07,0xFF,0x66,0x66,
    0x66,0x01,0x80,0x66,0x66,0x66,0x07,0x00,0x00,0x00,0x00,0x01,0x40,0x68,0x68,0x68,
    0x08,0xFF,0x66,0x66,0x66,0x41,0x00,0x00,0x00,0x00,0x01,0x20,0x68,0x68,0x68,0x08,
    0xFF,0x66,0x66,0x66,0x01,0x20,0x68,0x68,0x68,0x17,0x00,0x00,0x00,0x00,0x01,0x20,
    0x68,0x68,0x68,0x08,0xFF,0x66,0x66,0x66,0x01,0x20,0x68,0x68,0x68,0x07,0x00,0x00,
    0x00,0x00,0x01,0xA0,0x66,0x66,0x66,0x18,0xFF,0x66,0x66,0x66,0x01,0x20,0x68,0x68,
    0x68,0x07,0x00,0x00,0x00,0x00,0x01,0xA0,0x66,0x66,0x66,0x07,0xFF,0x66,0x66,0x66,
    0x01,0x9F,0x67,0x67,0x67,0x07,0x00,0x00,0x00,0x00,0x01,0x20,0x68,0x68,0x68,0x08,
    0xFF,0x66,0x66,0x66,0x01,0x20,0x68,0x68,0x68,0x17,0x00,0x00,0x00,0x00,0x01,0x40,
    0x68,0x68,0x68,0x08,0xFF,0x66,0x66,0x66,0x08,0x00,0x00,0x00,0x00,0x01,0xBF,0x67,
    0x67,0x67,0x07,0xFF,0x66,0x66,0x66,0x01,0x80,0x66,0x66,0x66,0x07,0x00,0x00,0x00,
    0x00,0x01,0x40,0x68,0x68,0x68,0x08,0xFF,0x66,0x66,0x66,0x41,0x00,0x00,0x00,0x00,
    0x01,0x20,0x68,0x68,0x68,0x08,0xFF,0x66,0x66,0x66,0x01,0x20,0x68,0x68,0x68,0x17,
    0x00,0x00,0x00,0x00,0x01,0x20,0x68,0x68,0x68,0x08,0xFF,0x66,0x66,0x66,0x01,0x20,
    0x68,0x68,0x68,0x07,0x00,0x00,0x00,0x00,0x01,0xA0,0x66,0x66,0x66,0x18,0xFF,0x66,
    0x66,0x66,0x01,0x20,0x68,0x68,0x68,0x07,0x00,0x00,0x00,0x00,0x01,0xA0,0x66,0x66,
    0x66,0x07,0xFF,0x66,0x66,0x66,0x01,0x9F,0x67,0x67,0x67,0x07,0x00,0x00,0x00,0x00,
    0x01,0x20,0x68,0x68,0x68,0x08,0xFF,0x66,0x66,0x66,0x01,0x20,0x68,0x68,0x68,0x17,
    0x00,0x00,0x00,0x00,0x01,0x40,0x68,0x68,0x68,0x08,0xFF,0x66,0x66,0x66,0x08,0x00,
    0x00,0x00,0x00,0x01,0xBF,0x67,0x67,0x67,0x07,0xFF,0x66,0x66,0x66,0x01,0x80,0x66,
    0x66,0x66,0x07,0x00,0x00,0x00,0x00,0x01,0x40,0x68,0x68,0x68,0x08,0xFF,0x66,0x66,
    0x66,0x39,0xBF,0x65,0x65,0x65,0x01,0x8F,0x66,0x66,0x66,0x07,0x00,0x00,0x00,0x00,
    0x01,0x10,0x60,0x60,0x60,0x08,0x40,0x68,0x68,0x68,0x08,0x00,0x00,0x00,0x00,0x01,
    0x70,0x64,0x64,0x64,0x10,0xBF,0x65,0x65,0x65,0x08,0x40,0x68,0x68,0x68,0x01,0x9F,
    0x67,0x67,0x67,0x07,0xBF,0x65,0x65,0x65,0x01,0xEF,0x65,0x65,0x65,0x0F,0xFF,0x66,
    0x66,0x66,0x01,0xEF,0x65,0x65,0x65,0x08,0x40,0x68,0x68,0x68,0x01,0x9F,0x67,0x67,
    0x67,0x07,0xBF,0x65,0x65,0x65,0x01,0x80,0x66,0x66,0x66,0x07,0x40,0x68,0x68,0x68,
    0x01,0x60,0x65,0x65,0x65,0x07,0xBF,0x65,0x65,0x65,0x01,0xCF,0x66,0x66,0x66,0x08,
    0xFF,0x66,0x66,0x66,0x01,0x20,0x68,0x68,0x68,0x07,0x00,0x00,0x00,0x00,0x01,0x90,
    0x65,0x65,0x65,0x07,0xBF,0x65,0x65,0x65,0x01,0x60,0x65,0x65,0x65,0x07,0x00,0x00,
    0x00,0x00,0x01,0x40,0x68,0x68,0x68,0x08,0xFF,0x66,0x66,0x66,0x08,0x00,0x00,0x00,
    0x00,0x01,0x30,0x6A,0x6A,0x6A,0x07,0x40,0x68,0x68,0x68,0x01,0x20,0x68,0x68,0x68,
    0x07,0x00,0x00,0x00,0x00,0x01,0x40,0x68,0x68,0x68,0x41,0xFF,0x66,0x66,0x66,0x01,
    0xC0,0x65,0x65,0x65,0x18,0x00,0x00,0x00,0x00,0x01,0xA0,0x66,0x66,0x66,0x0F,0xFF,
    0x66,0x66,0x66,0x01,0xDF,0x66,0x66,0x66,0x08,0x00,0x00,0x00,0x00,0x01,0xE0,0x65,
    0x65,0x65,0x17,0xFF,0x66,0x66,0x66,0x01,0xDF,0x66,0x66,0x66,0x08,0x00,0x00,0x00,
    0x00,0x01,0xE0,0x65,0x65,0x65,0x07,0xFF,0x66,0x66,0x66,0x01,0x60,0x65,0x65,0x65,
    0x07,0x00,0x00,0x00,0x00,0x01,0x60,0x65,0x65,0x65,0x10,0xFF,0x66,0x66,0x66,0x01,
    0x20,0x68,0x68,0x68,0x07,0x00,0x00,0x00,0x00,0x01,0xBF,0x67,0x67,0x67,0x07,0xFF,
    0x66,0x66,0x66,0x01,0x80,0x66,0x66,0x66,0x07,0x00,0x00,0x00,0x00,0x01,0x40,0x68,
    0x68,0x68,0x08,0xFF,0x66,0x66,0x66,0x18,0x00,0x00,0x00,0x00,0x01,0x40,0x68,0x68,
    0x68,0x41,0xFF,0x66,0x66,0x66,0x01,0xC0,0x65,0x65,0x65,0x18,0x00,0x00,0x00,0x00,
    0x01,0xA0,0x66,0x66,0x66,0x0F,0xFF,0x66,0x66,0x66,0x01,0xDF,0x66,0x66,0x66,0x08,
    0x00,0x00,0x00,0x00,0x01,0xE0,0x65,0x65,0x65,0x17,0xFF,0x66,0x66,0x66,0x01,0xDF,
    0x66,0x66,0x66,0x08,0x00,0x00,0x00,0x00,0x01,0xE0,0x65,0x65,0x65,0x07,0xFF,0x66,
    0x66,0x66,0x01,0x60,0x65,0x65,0x65,0x07,0x00,0x00,0x00,0x00,0x01,0x60,0x65,0x65,
    0x65,0x10,0xFF,0x66,0x66,0x66,0x01,0x20,0x68,0x68,0x68,0x07,0x00,0x00,0x00,0x00,
    0x01,0xBF,0x67,0x67,0x67,0x07,0xFF,0x66,0x66,0x66,0x01,0x80,0x66,0x66,0x66,0x07,
    0x00,0x00,0x00,0x00,0x01,0x40,0x68,0x68,0x68,0x08,0xFF,0x66,0x66,0x66,0x18,0x00,
    0x00,0x00,0x00,0x01,0x40,0x68,0x68,0x68,0x41,0xFF,0x66,0x66,0x66,0x01,0xC0,0x65,
    0x65,0x65,0x18,0x00,0x00,0x00,0x00,0x01,0xA0,0x66,0x66,0x66,0x0F,0xFF,0x66,0x66,
    0x66,0x01,0xDF,0x66,0x66,0x66,0x08,0x00,0x00,0x00,0x00,0x01,0xE0,0x65,0x65,0x65,
    0x17,0xFF,0x66,0x66,0x66,0x01,0xDF,0x66,0x66,0x66,0x08,0x00,0x00,0x00,0x00,0x01,
    0xE0,0x65,0x65,0x65,0x07,0xFF,0x66,0x66,0x66,0x01,0x60,0x65,0x65,0x65,0x07,0x00,
    0x00,0x00,0x00,0x01,0x60,0x65,0x65,0x65,0x10,0xFF,0x66,0x66,0x66,0x01,0x20,0x68,
    0x68,0x68,0x07,0x00,0x00,0x00,0x00,0x01,0xBF,0x67,0x67,0x67,0x07,0xFF,0x66,0x66,
    0x66,0x01,0x80,0x66,0x66,0x66,0x07,0x00,0x00,0x00,0x00,0x01,0x40,0x68,0x68,0x68,
    0x08,0xFF,0x66,0x66,0x66,0x18,0x00,0x00,0x00,0x00,0x01,0x40,0x68,0x68,0x68,0x41,
    0xFF,0x66,0x66,0x66,0x01,0xC0,0x65,0x65,0x65,0x18,0x00,0x00,0x00,0x00,0x01,0xA0,
    0x66,0x66,0x66,0x0F,0xFF,0x66,0x66,0x66,0x01,0xDF,0x66,0x66,0x66,0x08,0x00,0x00,
    0x00,0x00,0x01,0xE0,0x65,0x65,0x65,0x17,0xFF,0x66,0x66,0x66,0x01,0xDF,0x66,0x66,
    0x66,0x08,0x00,0x00,0x00,0x00,0x01,0xE0,0x65,0x65,0x65,0x07,0xFF,0x66,0x66,0x66,
    0x01,0x60,0x65,0x65,0x65,0x07,0x00,0x00,0x00,0x00,0x01,0x60,0x65,0x65,0x65,0x10,
    0xFF,0x66,0x66,0x66,0x01,0x20,0x68,0x68,0x68,0x07,0x00,0x00,0x00,0x00,0x01,0xBF,
    0x67,0x67,0x67,0x07,0xFF,0x66,0x66,0x66,0x01,0x80,0x66,0x66,0x66,0x07,0x00,0x00,
    0x00,0x00,0x01,0x40,0x68,0x68,0x68,0x08,0xFF,0x66,0x66,0x66,0x18,0x00,0x00,0x00,
    0x00,0x01,0x40,0x68,0x68,0x68,0x41,0xFF,0x66,0x66,0x66,0x01,0xC0,0x65,0x65,0x65,
    0x18,0x00,0x00,0x00,0x00,0x01,0xA0,0x66,0x66,0x66,0x0F,0xFF,0x66,0x66,0x66,0x01,
    0xDF,0x66,0x66,0x66,0x08,0x00,0x00,0x00,0x00,0x01,0xE0,0x65,0x65,0x65,0x17,0xFF,
    0x66,0x66,0x66,0x01,0xDF,0x66,0x66,0x66,0x08,0x00,0x00,0x00,0x00,0x01,0xE0,0x65,
    0x65,0x65,0x07,0xFF,0x66,0x66,0x66,0x01,0x60,0x65,0x65,0x65,0x07,0x00,0x00,0x00,
    0x00,0x01,0x60,0x65,0x65,0x65,0x10,0xFF,0x66,0x66,0x66,0x01,0x20,0x68,0x68,0x68,
    0x07,0x00,0x00,0x00,0x00,0x01,0xBF,0x67,0x67,0x67,0x07,0xFF,0x66,0x66,0x66,0x01,
    0x80,0x66,0x66,0x66,0x07,0x00,0x00,0x00,0x00,0x01,0x40,0x68,0x68,0x68,0x08,0xFF,
    0x66,0x66,0x66,0x18,0x00,0x00,0x00,0x00,0x01,0x40,0x68,0x68,0x68,0x41,0xFF,0x66,
    0x66,0x66,0x01,0xC0,0x65,0x65,0x65,0x18,0x00,0x00,0x00,0x00,0x01,0xA0,0x66,0x66,
    0x66,0x0F,0xFF,0x66,0x66,0x66,0x01,0xDF,0x66,0x66,0x66,0x08,0x00,0x00,0x00,0x00,
    0x01,0xE0,0x65,0x65,0x65,0x17,0xFF,0x66,0x66,0x66,0x01,0xDF,0x66,0x66,0x66,0x08,
    0x00,0x00,0x00,0x00,0x01,0xE0,0x65,0x65,0x65,0x07,0xFF,0x66,0x66,0x66,0x01,0x60,
    0x65,0x65,0x65,0x07,0x00,0x00,0x00,0x00,0x01,0x60,0x65,0x65,0x65,0x10,0xFF,0x66,
    0x66,0x66,0x01,0x20,0x68,0x68,0x68,0x07,0x00,0x00,0x00,0x00,0x01,0xBF,0x67,0x67,
    0x67,0x07,0xFF,0x66,0x66,0x66,0x01,0x80,0x66,0x66,0x66,0x07,0x00,0x00,0x00,0x00,
    0x01,0x40,0x68,0x68,0x68,0x08,0xFF,0x66,0x66,0x66,0x18,0x00,0x00,0x00,0x00,0x01,
    0x40,0x68,0x68,0x68,0x41,0xFF,0x66,0x66,0x66,0x01,0xC0,0x65,0x65,0x65,0x18,0x00,
    0x00,0x00,0x00,0x01,0xA0,0x66,0x66,0x66,0x0F,0xFF,0x66,0x66,0x66,0x01,0xDF,0x66,
    0x66,0x66,0x08,0x00,0x00,0x00,0x00,0x01,0xE0,0x65,0x65,0x65,0x17,0xFF,0x66,0x66,
    0x66,0x01,0xDF,0x66,0x66,0x66,0x08,0x00,0x00,0x00,0x00,0x01,0xE0,0x65,0x65,0x65,
    0x07,0xFF,0x66,0x66,0x66,0x01,0x60,0x65,0x65,0x65,0x07,0x00,0x00,0x00,0x00,0x01,
    0x60,0x65,0x65,0x65,0x10,0xFF,0x66,0x66,0x66,0x01,0x20,0x68,0x68,0x68,0x07,0x00,
    0x00,0x00,0x00,0x01,0xBF,0x67,0x67,0x67,0x07,0xFF,0x66,0x66,0x66,0x01,0x80,0x66,
    0x66,0x66,0x07,0x00,0x00,0x00,0x00,0x01,0x40,0x68,0x68,0x68,0x08,0xFF,0x66,0x66,
    0x66,0x18,0x00,0x00,0x00,0x00,0x01,0x40,0x68,0x68,0x68,0x10,0xFF,0x66,0x66,0x66,
    0x01,0x9F,0x67,0x67,0x67,0x28,0x80,0x66,0x66,0x66,0x01,0xBF,0x65,0x65,0x65,0x07,
    0xFF,0x66,0x66,0x66,0x01,0xC0,0x65,0x65,0x65,0x10,0x00,0x00,0x00,0x00,0x01,0x70,
    0x64,0x64,0x64,0x07,0x80,0x66,0x66,0x66,0x01,0xCF,0x66,0x66,0x66,0x0F,0xFF,0x66,
    0x66,0x66,0x01,0xEF,0x65,0x65,0x65,0x29,0x80,0x66,0x66,0x66,0x01,0xEF,0x65,0x65,
    0x65,0x07,0xFF,0x66,0x66,0x66,0x01,0xAF,0x66,0x66,0x66,0x07,0x80,0x66,0x66,0x66,
    0x01,0xAF,0x66,0x66,0x66,0x10,0xFF,0x66,0x66,0x66,0x01,0x20,0x68,0x68,0x68,0x07,
    0x00,0x00,0x00,0x00,0x01,0x60,0x65,0x65,0x65,0x07,0x80,0x66,0x66,0x66,0x01,0x40,
    0x64,0x64,0x64,0x07,0x00,0x00,0x00,0x00,0x01,0x40,0x68,0x68,0x68,0x08,0xFF,0x66,
    0x66,0x66,0x08,0x80,0x66,0x66,0x66,0x01,0x20,0x68,0x68,0x68,0x07,0x00,0x00,0x00,
    0x00,0x01,0x40,0x64,0x64,0x64,0x10,0x80,0x66,0x66,0x66,0x08,0xFF,0x66,0x66,0x66,
    0x01,0x40,0x64,0x64,0x64,0x28,0x00,0x00,0x00,0x00,0x01,0x80,0x66,0x66,0x66,0x07,
    0xFF,0x66,0x66,0x66,0x01,0xC0,0x65,0x65,0x65,0x10,0x00,0x00,0x00,0x00,0x01,0xE0,
    0x65,0x65,0x65,0x20,0xFF,0x66,0x66,0x66,0x01,0x20,0x68,0x68,0x68,0x17,0x00,0x00,
    0x00,0x00,0x01,0x20,0x68,0x68,0x68,0x29,0xFF,0x66,0x66,0x66,0x01,0x20,0x68,0x68,
    0x68,0x17,0x00,0x00,0x00,0x00,0x01,0x40,0x68,0x68,0x68,0x10,0xFF,0x66,0x66,0x66,
    0x01,0x40,0x64,0x64,0x64,0x07,0x00,0x00,0x00,0x00,0x01,0x80,0x66,0x66,0x66,0x07,
    0xFF,0x66,0x66,0x66,0x01,0xC0,0x65,0x65,0x65,0x08,0x00,0x00,0x00,0x00,0x08,0xFF,
    0x66,0x66,0x66,0x01,0x40,0x64,0x64,0x64,0x28,0x00,0x00,0x00,0x00,0x01,0x80,0x66,
    0x66,0x66,0x07,0xFF,0x66,0x66,0x66,0x01,0xC0,0x65,0x65,0x65,0x10,0x00,0x00,0x00,
    0x00,0x01,0xE0,0x65,0x65,0x65,0x20,0xFF,0x66,0x66,0x66,0x01,0x20,0x68,0x68,0x68,
    0x17,0x00,0x00,0x00,0x00,0x01,0x20,0x68,0x68,0x68,0x29,0xFF,0x66,0x66,0x66,0x01,
    0x20,0x68,0x68,0x68,0x17,0x00,0x00,0x00,0x00,0x01,0x40,0x68,0x68,0x68,0x10,0xFF,
    0x66,0x66,0x66,0x01,0x40,0x64,0x64,0x64,0x07,0x00,0x00,0x00,0x00,0x01,0x80,0x66,
    0x66,0x66,0x07,0xFF,0x66,0x66,0x66,0x01,0xC0,0x65,0x65,0x65,0x08,0x00,0x00,0x00,
    0x00,0x08,0xFF,0x66,0x66,0x66,0x01,0x40,0x64,0x64,0x64,0x28,0x00,0x00,0x00,0x00,
    0x01,0x80,0x66,0x66,0x66,0x07,0xFF,0x66,0x66,0x66,0x01,0xC0,0x65,0x65,0x65,0x10,
    0x00,0x00,0x00,0x00,0x01,0xE0,0x65,0x65,0x65,0x20,0xFF,0x66,0x66,0x66,0x01,0x20,
    0x68,0x68,0x68,0x17,0x00,0x00,0x00,0x00,0x01,0x20,0x68,0x68,0x68,0x29,0xFF,0x66,
    0x66,0x66,0x01,0x20,0x68,0x68,0x68,0x17,0x00,0x00,0x00,0x00,0x01,0x40,0x68,0x68,
    0x68,0x10,0xFF,0x66,0x66,0x66,0x01,0x40,0x64,0x64,0x64,0x07,0x00,0x00,0x00,0x00,
    0x01,0x80,0x66,0x66,0x66,0x07,0xFF,0x66,0x66,0x66,0x01,0xC0,0x65,0x65,0x65,0x08,
    0x00,0x00,0x00,0x00,0x08,0xFF,0x66,0x66,0x66,0x01,0x40,0x64,0x64,0x64,0x28,0x00,
    0x00,0x00,0x00,0x01,0x80,0x66,0x66,0x66,0x07,0xFF,0x66,0x66,0x66,0x01,0xC0,0x65,
    0x65,0x65,0x10,0x00,0x00,0x00,0x00,0x01,0xE0,0x65,0x65,0x65,0x20,0xFF,0x66,0x66,
    0x66,0x01,0x20,0x68,0x68,0x68,0x17,0x00,0x00,0x00,0x00,0x01,0x20,0x68,0x68,0x68,
    0x29,0xFF,0x66,0x66,0x66,0x01,0x20,0x68,0x68,0x68,0x17,0x00,0x00,0x00,0x00,0x01,
    0x40,0x68,0x68,0x68,0x10,0xFF,0x66,0x66,0x66,0x01,0x40,0x64,0x64,0x64,0x07,0x00,
    0x00,0x00,0x00,0x01,0x80,0x66,0x66,0x66,0x07,0xFF,0x66,0x66,0x66,0x01,0xC0,0x65,
    0x65,0x65,0x08,0x00,0x00,0x00,0x00,0x08,0xFF,0x66,0x66,0x66,0x01,0x40,0x64,0x64,
    0x64,0x28,0x00,0x00,0x00,0x00,0x01,0x80,0x66,0x66,0x66,0x07,0xFF,0x66,0x66,0x66,
    0x01,0xC0,0x65,0x65,0x65,0x10,0x00,0x00,0x00,0x00,0x01,0xE0,0x65,0x65,0x65,0x20,
    0xFF,0x66,0x66,0x66,0x01,0x20,0x68,0x68,0x68,0x17,0x00,0x00,0x00,0x00,0x01,0x20,
    0x68,0x68,0x68,0x29,0xFF,0x66,0x66,0x66,0x01,0x20,0x68,0x68,0x68,0x17,0x00,0x00,
    0x00,0x00,0x01,0x40,0x68,0x68,0x68,0x10,0xFF,0x66,0x66,0x66,0x01,0x40,0x64,0x64,
    0x64,0x07,0x00,0x00,0x00,0x00,0x01,0x80,0x66,0x66,0x66,0x07,0xFF,0x66,0x66,0x66,
    0x01,0xC0,0x65,0x65,0x65,0x08,0x00,0x00,0x00,0x00,0x08,0xFF,0x66,0x66,0x66,0x01,
    0x40,0x64,0x64,0x64,0x28,0x00,0x00,0x00,0x00,0x01,0x80,0x66,0x66,0x66,0x07,0xFF,
    0x66,0x66,0x66,0x01,0xC0,0x65,0x65,0x65,0x10,0x00,0x00,0x00,0x00,0x01,0xE0,0x65,
    0x65,0x65,0x20,0xFF,0x66,0x66,0x66,0x01,0x20,0x68,0x68,0x68,0x17,0x00,0x00,0x00,
    0x00,0x01,0x20,0x68,0x68,0x68,0x29,0xFF,0x66,0x66,0x66,0x01,0x20,0x68,0x68,0x68,
    0x17,0x00,0x00,0x00,0x00,0x01,0x40,0x68,0x68,0x68,0x10,0xFF,0x66,0x66,0x66,0x01,
    0x40,0x64,0x64,0x64,0x07,0x00,0x00,0x00,0x00,0x01,0x80,0x66,0x66,0x66,0x07,0xFF,
    0x66,0x66,0x66,0x01,0xC0,0x65,0x65,0x65,0x08,0x00,0x00,0x00,0x00,0x08,0xFF,0x66,
    0x66,0x66,0x01,0x40,0x64,0x64,0x64,0x28,0x00,0x00,0x00,0x00,0x01,0x80,0x66,0x66,
    0x66,0x07,0xFF,0x66,0x66,0x66,0x01,0xC0,0x65,0x65,0x65,0x10,0x00,0x00,0x00,0x00,
    0x01,0xE0,0x65,0x65,0x65,0x20,0xFF,0x66,0x66,0x66,0x01,0x20,0x68,0x68,0x68,0x17,
    0x00,0x00,0x00,0x00,0x01,0x20,0x68,0x68,0x68,0x29,0xFF,0x66,0x66,0x66,0x01,0x20,
    0x68,0x68,0x68,0x17,0x00,0x00,0x00,0x00,0x01,0x40,0x68,0x68,0x68,0x10,0xFF,0x66,
    0x66,0x66,0x01,0x40,0x64,0x64,0x64,0x07,0x00,0x00,0x00,0x00,0x01,0x80,0x66,0x66,
    0x66,0x07,0xFF,0x66,0x66,0x66,0x01,0xC0,0x65,0x65,0x65,0x08,0x00,0x00,0x00,0x00,
    0x08,0xFF,0x66,0x66,0x66,0x01,0x40,0x64,0x64,0x64,0x07,0x00,0x00,0x00,0x00,0x01,
    0x20,0x60,0x60,0x60,0x18,0x40,0x64,0x64,0x64,0x01,0x10,0x60,0x60,0x60,0x07,0x00,
    0x00,0x00,0x00,0x01,0x80,0x66,0x66,0x66,0x07,0xFF,0x66,0x66,0x66,0x01,0xC0,0x65,
    0x65,0x65,0x08,0x00,0x00,0x00,0x00,0x08,0x40,0x64,0x64,0x64,0x01,0xEF,0x65,0x65,
    0x65,0x07,0xFF,0x66,0x66,0x66,0x01,0xDF,0x66,0x66,0x66,0x07,0xC0,0x66,0x66,0x66,
    0x01,0xCF,0x66,0x66,0x66,0x08,0xFF,0x66,0x66,0x66,0x08,0xC0,0x66,0x66,0x66,0x10,
    0x40,0x64,0x64,0x64,0x01,0x30,0x65,0x65,0x65,0x07,0x00,0x00,0x00,0x00,0x01,0x20,
    0x68,0x68,0x68,0x10,0xC0,0x66,0x66,0x66,0x01,0xDF,0x66,0x66,0x66,0x18,0xFF,0x66,
    0x66,0x66,0x01,0x4F,0x64,0x64,0x64,0x17,0x40,0x64,0x64,0x64,0x01,0x70,0x64,0x64,
    0x64,0x08,0xFF,0x66,0x66,0x66,0x08,0xC0,0x66,0x66,0x66,0x01,0x30,0x65,0x65,0x65,
    0x07,0x00,0x00,0x00,0x00,0x01,0x60,0x65,0x65,0x65,0x07,0xC0,0x66,0x66,0x66,0x01,
    0x90,0x67,0x67,0x67,0x08,0x00,0x00,0x00,0x00,0x08,0xFF,0x66,0x66,0x66,0x01,0x40,
    0x64,0x64,0x64,0x07,0x00,0x00,0x00,0x00,0x01,0x80,0x66,0x66,0x66,0x18,0xFF,0x66,
    0x66,0x66,0x01,0x40,0x64,0x64,0x64,0x07,0x00,0x00,0x00,0x00,0x01,0x80,0x66,0x66,
    0x66,0x07,0xFF,0x66,0x66,0x66,0x01,0xC0,0x65,0x65,0x65,0x07,0x00,0x00,0x00,0x00,
    0x01,0x20,0x68,0x68,0x68,0x10,0xFF,0x66,0x66,0x66,0x01,0x60,0x65,0x65,0x65,0x07,
    0x00,0x00,0x00,0x00,0x01,0x60,0x65,0x65,0x65,0x07,0xFF,0x66,0x66,0x66,0x01,0xDF,
    0x66,0x66,0x66,0x08,0x00,0x00,0x00,0x00,0x01,0xE0,0x65,0x65,0x65,0x0F,0xFF,0x66,
    0x66,0x66,0x01,0x9F,0x67,0x67,0x67,0x18,0x00,0x00,0x00,0x00,0x01,0xA0,0x66,0x66,
    0x66,0x39,0xFF,0x66,0x66,0x66,0x21,0x00,0x00,0x00,0x00,0x08,0xFF,0x66,0x66,0x66,
    0x01,0x40,0x64,0x64,0x64,0x07,0x00,0x00,0x00,0x00,0x01,0x80,0x66,0x66,0x66,0x18,
    0xFF,0x66,0x66,0x66,0x01,0x40,0x64,0x64,0x64,0x07,0x00,0x00,0x00,0x00,0x01,0x80,
    0x66,0x66,0x66,0x07,0xFF,0x66,0x66,0x66,0x01,0xC0,0x65,0x65,0x65,0x07,0x00,0x00,
    0x00,0x00,0x01,0x20,0x68,0x68,0x68,0x10,0xFF,0x66,0x66,0x66,0x01,0x60,0x65,0x65,
    0x65,0x07,0x00,0x00,0x00,0x00,0x01,0x60,0x65,0x65,0x65,0x07,0xFF,0x66,0x66,0x66,
    0x01,0xDF,0x66,0x66,0x66,0x08,0x00,0x00,0x00,0x00,0x01,0xE0,0x65,0x65,0x65,0x0F,
    0xFF,0x66,0x66,0x66,0x01,0x9F,0x67,0x67,0x67,0x18,0x00,0x00,0x00,0x00,0x01,0xA0,
    0x66,0x66,0x66,0x39,0xFF,0x66,0x66,0x66,0x21,0x00,0x00,0x00,0x00,0x08,0xFF,0x66,
    0x66,0x66,0x01,0x40,0x64,0x64,0x64,0x07,0x00,0x00,0x00,0x00,0x01,0x80,0x66,0x66,
    0x66,0x18,0xFF,0x66,0x66,0x66,0x01,0x40,0x64,0x64,0x64,0x07,0x00,0x00,0x00,0x00,
    0x01,0x80,0x66,0x66,0x66,0x07,0xFF,0x66,0x66,0x66,0x01,0xC0,0x65,0x65,0x65,0x07,
    0x00,0x00,0x00,0x00,0x01,0x20,0x68,0x68,0x68,0x10,0xFF,0x66,0x66,0x66,0x01,0x60,
    0x65,0x65,0x65,0x07,0x00,0x00,0x00,0x00,0x01,0x60,0x65,0x65,0x65,0x07,0xFF,0x66,
    0x66,0x66,0x01,0xDF,0x66,0x66,0x66,0x08,0x00,0x00,0x00,0x00,0x01,0xE0,0x65,0x65,
    0x65,0x0F,0xFF,0x66,0x66,0x66,0x01,0x9F,0x67,0x67,0x67,0x18,0x00,0x00,0x00,0x00,
    0x01,0xA0,0x66,0x66,0x66,0x39,0xFF,0x66,0x66,0x66,0x21,0x00,0x00,0x00,0x00,0x08,
    0xFF,0x66,0x66,0x66,0x01,0x40,0x64,0x64,0x64,0x07,0x00,0x00,0x00,0x00,0x01,0x80,
    0x66,0x66,0x66,0x18,0xFF,0x66,0x66,0x66,0x01,0x40,0x64,0x64,0x64,0x07,0x00,0x00,
    0x00,0x00,0x01,0x80,0x66,0x66,0x66,0x07,0xFF,0x66,0x66,0x66,0x01,0xC0,0x65,0x65,
    0x65,0x07,0x00,0x00,0x00,0x00,0x01,0x20,0x68,0x68,0x68,0x10,0xFF,0x66,0x66,0x66,
    0x01,0x60,0x65,0x65,0x65,0x07,0x00,0x00,0x00,0x00,0x01,0x60,0x65,0x65,0x65,0x07,
    0xFF,0x66,0x66,0x66,0x01,0xDF,0x66,0x66,0x66,0x08,0x00,0x00,0x00,0x00,0x01,0xE0,
    0x65,0x65,0x65,0x0F,0xFF,0x66,0x66,0x66,0x01,0x9F,0x67,0x67,0x67,0x18,0x00,0x00,
    0x00,0x00,0x01,0xA0,0x66,0x66,0x66,0x39,0xFF,0x66,0x66,0x66,0x21,0x00,0x00,0x00,
    0x00,0x08,0xFF,0x66,0x66,0x66,0x01,0x40,0x64,0x64,0x64,0x07,0x00,0x00,0x00,0x00,
    0x01,0x80,0x66,0x66,0x66,0x18,0xFF,0x66,0x66,0x66,0x01,0x40,0x64,0x64,0x64,0x07,
    0x00,0x00,0x00,0x00,0x01,0x80,0x66,0x66,0x66,0x07,0xFF,0x66,0x66,0x66,0x01,0xC0,
    0x65,0x65,0x65,0x07,0x00,0x00,0x00,0x00,0x01,0x20,0x68,0x68,0x68,0x10,0xFF,0x66,
    0x66,0x66,0x01,0x60,0x65,0x65,0x65,0x07,0x00,0x00,0x00,0x00,0x01,0x60,0x65,0x65,
    0x65,0x07,0xFF,0x66,0x66,0x66,0x01,0xDF,0x66,0x66,0x66,0x08,0x00,0x00,0x00,0x00,
    0x01,0xE0,0x65,0x65,0x65,0x0F,0xFF,0x66,0x66,0x66,0x01,0x9F,0x67,0x67,0x67,0x18,
    0x00,0x00,0x00,0x00,0x01,0xA0,0x66,0x66,0x66,0x39,0xFF,0x66,0x66,0x66,0x21,0x00,
    0x00,0x00,0x00,0x08,0xFF,0x66,0x66,0x66,0x01,0x40,0x64,0x64,0x64,0x07,0x00,0x00,
    0x00,0x00,0x01,0x80,0x66,0x66,0x66,0x18,0xFF,0x66,0x66,0x66,0x01,0x40,0x64,0x64,
    0x64,0x07,0x00,0x00,0x00,0x00,0x01,0x80,0x66,0x66,0x66,0x07,0xFF,0x66,0x66,0x66,
    0x01,0xC0,0x65,0x65,0x65,0x07,0x00,0x00,0x00,0x00,0x01,0x20,0x68,0x68,0x68,0x10,
    0xFF,0x66,0x66,0x66,0x01,0x60,0x65,0x65,0x65,0x07,0x00,0x00,0x00,0x00,0x01,0x60,
    0x65,0x65,0x65,0x07,0xFF,0x66,0x66,0x66,0x01,0xDF,0x66,0x66,0x66,0x08,0x00,0x00,
    0x00,0x00,0x01,0xE0,0x65,0x65,0x65,0x0F,0xFF,0x66,0x66,0x66,0x01,0x9F,0x67,0x67,
    0x67,0x18,0x00,0x00,0x00,0x00,0x01,0xA0,0x66,0x66,0x66,0x39,0xFF,0x66,0x66,0x66,
    0x21,0x00,0x00,0x00,0x00,0x08,0xFF,0x66,0x66,0x66,0x01,0x40,0x64,0x64,0x64,0x07,
    0x00,0x00,0x00,0x00,0x01,0x80,0x66,0x66,0x66,0x18,0xFF,0x66,0x66,0x66,0x01,0x40,
    0x64,0x64,0x64,0x07,0x00,0x00,0x00,0x00,0x01,0x80,0x66,0x66,0x66,0x07,0xFF,0x66,
    0x66,0x66,0x01,0xC0,0x65,0x65,0x65,0x07,0x00,0x00,0x00,0x00,0x01,0x20,0x68,0x68,
    0x68,0x10,0xFF,0x66,0x66,0x66,0x01,0x60,0x65,0x65,0x65,0x07,0x00,0x00,0x00,0x00,
    0x01,0x60,0x65,0x65,0x65,0x07,0xFF,0x66,0x66,0x66,0x01,0xDF,0x66,0x66,0x66,0x08,
    0x00,0x00,0x00,0x00,0x01,0xE0,0x65,0x65,0x65,0x0F,0xFF,0x66,0x66,0x66,0x01,0x9F,
    0x67,0x67,0x67,0x18,0x00,0x00,0x00,0x00,0x01,0xA0,0x66,0x66,0x66,0x39,0xFF,0x66,
    0x66,0x66,0x21,0x00,0x00,0x00,0x00,0x08,0xFF,0x66,0x66,0x66,0x01,0x40,0x64,0x64,
    0x64,0x07,0x00,0x00,0x00,0x00,0x01,0x80,0x66,0x66,0x66,0x18,0xFF,0x66,0x66,0x66,
    0x01,0x40,0x64,0x64,0x64,0x07,0x00,0x00,0x00,0x00,0x01,0x80,0x66,0x66,0x66,0x07,
    0xFF,0x66,0x66,0x66,0x01,0xC0,0x65,0x65,0x65,0x07,0x00,0x00,0x00,0x00,0x01,0x20,
    0x68,0x68,0x68,0x10,0xFF,0x66,0x66,0x66,0x01,0x60,0x65,0x65,0x65,0x07,0x00,0x00,
    0x00,0x00,0x01,0x60,0x65,0x65,0x65,0x07,0xFF,0x66,0x66,0x66,0x01,0xDF,0x66,0x66,
    0x66,0x08,0x00,0x00,0x00,0x00,0x01,0xE0,0x65,0x65,0x65,0x0F,0xFF,0x66,0x66,0x66,
    0x01,0x9F,0x67,0x67,0x67,0x18,0x00,0x00,0x00,0x00,0x01,0xA0,0x66,0x66,0x66,0x39,
    0xFF,0x66,0x66,0x66,0x21,0x00,0x00,0x00,0x00,0x08,0xFF,0x66,0x66,0x66,0x01,0x40,
    0x64,0x64,0x64,0x07,0x00,0x00,0x00,0x00,0x01,0x80,0x66,0x66,0x66,0x18,0xFF,0x66,
    0x66,0x66,0x01,0x40,0x64,0x64,0x64,0x07,0x00,0x00,0x00,0x00,0x01,0x80,0x66,0x66,
    0x66,0x07,0xFF,0x66,0x66,0x66,0x01,0xC0,0x65,0x65,0x65,0x10,0x00,0x00,0x00,0x00,
    0x01,0xE0,0x65,0x65,0x65,0x07,0xFF,0x66,0x66,0x66,0x01,0x60,0x65,0x65,0x65,0x30,
    0x00,0x00,0x00,0x00,0x01,0x20,0x68,0x68,0x68,0x10,0xFF,0x66,0x66,0x66,0x01,0x60,
    0x65,0x65,0x65,0x28,0x00,0x00,0x00,0x00,0x01,0x80,0x66,0x66,0x66,0x07,0xFF,0x66,
    0x66,0x66,0x01,0xC0,0x65,0x65,0x65,0x08,0x00,0x00,0x00,0x00,0x08,0xFF,0x66,0x66,
    0x66,0x01,0x40,0x64,0x64,0x64,0x07,0x00,0x00,0x00,0x00,0x01,0x80,0x66,0x66,0x66,
    0x07,0xFF,0x66,0x66,0x66,0x01,0xC0,0x65,0x65,0x65,0x08,0x00,0x00,0x00,0x00,0x08,
    0xFF,0x66,0x66,0x66,0x01,0x40,0x64,0x64,0x64,0x07,0x00,0x00,0x00,0x00,0x01,0x80,
    0x66,0x66,0x66,0x18,0xFF,0x66,0x66,0x66,0x01,0x40,0x64,0x64,0x64,0x07,0x00,0x00,
    0x00,0x00,0x01,0x80,0x66,0x66,0x66,0x07,0xFF,0x66,0x66,0x66,0x01,0xC0,0x65,0x65,
    0x65,0x10,0x00,0x00,0x00,0x00,0x01,0xE0,0x65,0x65,0x65,0x07,0xFF,0x66,0x66,0x66,
    0x01,0x60,0x65,0x65,0x65,0x30,0x00,0x00,0x00,0x00,0x01,0x20,0x68,0x68,0x68,0x10,
    0xFF,0x66,0x66,0x66,0x01,0x60,0x65,0x65,0x65,0x28,0x00,0x00,0x00,0x00,0x01,0x80,
    0x66,0x66,0x66,0x07,0xFF,0x66,0x66,0x66,0x01,0xC0,0x65,0x65,0x65,0x08,0x00,0x00,
    0x00,0x00,0x08,0xFF,0x66,0x66,0x66,0x01,0x40,0x64,0x64,0x64,0x07,0x00,0x00,0x00,
    0x00,0x01,0x80,0x66,0x66,0x66,0x07,0xFF,0x66,0x66,0x66,0x01,0xC0,0x65,0x65,0x65,
    0x08,0x00,0x00,0x00,0x00,0x08,0xFF,0x66,0x66,0x66,0x01,0x40,0x64,0x64,0x64,0x07,
    0x00,0x00,0x00,0x00,0x01,0x80,0x66,0x66,0x66,0x18,0xFF,0x66,0x66,0x66,0x01,0x40,
    0x64,0x64,0x64,0x07,0x00,0x00,0x00,0x00,0x01,0x80,0x66,0x66,0x66,0x07,0xFF,0x66,
    0x66,0x66,0x01,0xC0,0x65,0x65,0x65,0x10,0x00,0x00,0x00,0x00,0x01,0xE0,0x65,0x65,
    0x65,0x07,0xFF,0x66,0x66,0x66,0x01,0x60,0x65,0x65,0x65,0x30,0x00,0x00,0x00,0x00,
    0x01,0x20,0x68,0x68,0x68,0x10,0xFF,0x66,0x66,0x66,0x01,0x60,0x65,0x65,0x65,0x28,
    0x00,0x00,0x00,0x00,0x01,0x80,0x66,0x66,0x66,0x07,0xFF,0x66,0x66,0x66,0x01,0xC0,
    0x65,0x65,0x65,0x08,0x00,0x00,0x00,0x00,0x08,0xFF,0x66,0x66,0x66,0x01,0x40,0x64,
    0x64,0x64,0x07,0x00,0x00,0x00,0x00,0x01,0x80,0x66,0x66,0x66,0x07,0xFF,0x66,0x66,
    0x66,0x01,0xC0,0x65,0x65,0x65,0x08,0x00,0x00,0x00,0x00,0x08,0xFF,0x66,0x66,0x66,
    0x01,0x40,0x64,0x64,0x64,0x07,0x00,0x00,0x00,0x00,0x01,0x80,0x66,0x66,0x66,0x18,
    0xFF,0x66,0x66,0x66,0x01,0x40,0x64,0x64,0x64,0x07,0x00,0x00,0x00,0x00,0x01,0x80,
    0x66,0x66,0x66,0x07,0xFF,0x66,0x66,0x66,0x01,0xC0,0x65,0x65,0x65,0x10,0x00,0x00,
    0x00,0x00,0x01,0xE0,0x65,0x65,0x65,0x07,0xFF,0x66,0x66,0x66,0x01,0x60,0x65,0x65,
    0x65,0x30,0x00,0x00,0x00,0x00,0x01,0x20,0x68,0x68,0x68,0x10,0xFF,0x66,0x66,0x66,
    0x01,0x60,0x65,0x65,0x65,0x28,0x00,0x00,0x00,0x00,0x01,0x80,0x66,0x66,0x66,0x07,
    0xFF,0x66,0x66,0x66,0x01,0xC0,0x65,0x65,0x65,0x08,0x00,0x00,0x00,0x00,0x08,0xFF,
    0x66,0x66,0x66,0x01,0x40,0x64,0x64,0x64,0x07,0x00,0x00,0x00,0x00,0x01,0x80,0x66,
    0x66,0x66,0x07,0xFF,0x66,0x66,0x66,0x01,0xC0,0x65,0x65,0x65,0x08,0x00,0x00,0x00,
    0x00,0x08,0xFF,0x66,0x66,0x66,0x01,0x40,0x64,0x64,0x64,0x07,0x00,0x00,0x00,0x00,
    0x01,0x80,0x66,0x66,0x66,0x18,0xFF,0x66,0x66,0x66,0x01,0x40,0x64,0x64,0x64,0x07,
    0x00,0x00,0x00,0x00,0x01,0x80,0x66,0x66,0x66,0x07,0xFF,0x66,0x66,0x66,0x01,0xC0,
    0x65,0x65,0x65,0x10,0x00,0x00,0x00,0x00,0x01,0xE0,0x65,0x65,0x65,0x07,0xFF,0x66,
    0x66,0x66,0x01,0x60,0x65,0x65,0x65,0x30,0x00,0x00,0x00,0x00,0x01,0x20,0x68,0x68,
    0x68,0x10,0xFF,0x66,0x66,0x66,0x01,0x60,0x65,0x65,0x65,0x28,0x00,0x00,0x00,0x00,
    0x01,0x80,0x66,0x66,0x66,0x07,0xFF,0x66,0x66,0x66,0x01,0xC0,0x65,0x65,0x65,0x08,
    0x00,0x00,0x00,0x00,0x08,0xFF,0x66,0x66,0x66,0x01,0x40,0x64,0x64,0x64,0x07,0x00,
    0x00,0x00,0x00,0x01,0x80,0x66,0x66,0x66,0x07,0xFF,0x66,0x66,0x66,0x01,0xC0,0x65,
    0x65,0x65,0x08,0x00,0x00,0x00,0x00,0x08,0xFF,0x66,0x66,0x66,0x01,0x40,0x64,0x64,
    0x64,0x07,0x00,0x00,0x00,0x00,0x01,0x80,0x66,0x66,0x66,0x18,0xFF,0x66,0x66,0x66,
    0x01,0x40,0x64,0x64,0x64,0x07,0x00,0x00,0x00,0x00,0x01,0x80,0x66,0x66,0x66,0x07,
    0xFF,0x66,0x66,0x66,0x01,0xC0,0x65,0x65,0x65,0x10,0x00,0x00,0x00,0x00,0x01,0xE0,
    0x65,0x65,0x65,0x07,0xFF,0x66,0x66,0x66,0x01,0x60,0x65,0x65,0x65,0x30,0x00,0x00,
    0x00,0x00,0x01,0x20,0x68,0x68,0x68,0x10,0xFF,0x66,0x66,0x66,0x01,0x60,0x65,0x65,
    0x65,0x28,0x00,0x00,0x00,0x00,0x01,0x80,0x66,0x66,0x66,0x07,0xFF,0x66,0x66,0x66,
    0x01,0xC0,0x65,0x65,0x65,0x08,0x00,0x00,0x00,0x00,0x08,0xFF,0x66,0x66,0x66,0x01,
    0x40,0x64,0x64,0x64,0x07,0x00,0x00,0x00,0x00,0x01,0x80,0x66,0x66,0x66,0x07,0xFF,
    0x66,0x66,0x66,0x01,0xC0,0x65,0x65,0x65,0x08,0x00,0x00,0x00,0x00,0x08,0xFF,0x66,
    0x66,0x66,0x01,0x40,0x64,0x64,0x64,0x07,0x00,0x00,0x00,0x00,0x01,0x80,0x66,0x66,
    0x66,0x18,0xFF,0x66,0x66,0x66,0x01,0x40,0x64,0x64,0x64,0x07,0x00,0x00,0x00,0x00,
    0x01,0x80,0x66,0x66,0x66,0x07,0xFF,0x66,0x66,0x66,0x01,0xC0,0x65,0x65,0x65,0x10,
    0x00,0x00,0x00,0x00,0x01,0xE0,0x65,0x65,0x65,0x07,0xFF,0x66,0x66,0x66,0x01,0x60,
    0x65,0x65,0x65,0x30,0x00,0x00,0x00,0x00,0x01,0x20,0x68,0x68,0x68,0x10,0xFF,0x66,
    0x66,0x66,0x01,0x60,0x65,0x65,0x65,0x28,0x00,0x00,0x00,0x00,0x01,0x80,0x66,0x66,
    0x66,0x07,0xFF,0x66,0x66,0x66,0x01,0xC0,0x65,0x65,0x65,0x08,0x00,0x00,0x00,0x00,
    0x08,0xFF,0x66,0x66,0x66,0x01,0x40,0x64,0x64,0x64,0x07,0x00,0x00,0x00,0x00,0x01,
    0x80,0x66,0x66,0x66,0x07,0xFF,0x66,0x66,0x66,0x01,0xC0,0x65,0x65,0x65,0x08,0x00,
    0x00,0x00,0x00,0x08,0xFF,0x66,0x66,0x66,0x01,0x40,0x64,0x64,0x64,0x07,0x00,0x00,
    0x00,0x00,0x01,0x80,0x66,0x66,0x66,0x18,0xFF,0x66,0x66,0x66,0x01,0x40,0x64,0x64,
    0x64,0x07,0x00,0x00,0x00,0x00,0x01,0x80,0x66,0x66,0x66,0x07,0xFF,0x66,0x66,0x66,
    0x01,0xC0,0x65,0x65,0x65,0x10,0x00,0x00,0x00,0x00,0x01,0xE0,0x65,0x65,0x65,0x07,
    0xFF,0x66,0x66,0x66,0x01,0x60,0x65,0x65,0x65,0x30,0x00,0x00,0x00,0x00,0x01,0x20,
    0x68,0x68,0x68,0x10,0xFF,0x66,0x66,0x66,0x01,0x60,0x65,0x65,0x65,0x28,0x00,0x00,
    0x00,0x00,0x01,0x80,0x66,0x66,0x66,0x07,0xFF,0x66,0x66,0x66,0x01,0xC0,0x65,0x65,
    0x65,0x08,0x00,0x00,0x00,0x00,0x08,0xFF,0x66,0x66,0x66,0x01,0x40,0x64,0x64,0x64,
    0x07,0x00,0x00,0x00,0x00,0x01,0x80,0x66,0x66,0x66,0x07,0xFF,0x66,0x66,0x66,0x01,
    0xC0,0x65,0x65,0x65,0x08,0x00,0x00,0x00,0x00,0x08,0xFF,0x66,0x66,0x66,0x01,0x40,
    0x64,0x64,0x64,0x07,0x00,0x00,0x00,0x00,0x01,0x80,0x66,0x66,0x66,0x18,0xFF,0x66,
    0x66,0x66,0x01,0x40,0x64,0x64,0x64,0x07,0x00,0x00,0x00,0x00,0x01,0x80,0x66,0x66,
    0x66,0x07,0xFF,0x66,0x66,0x66,0x01,0xC0,0x65,0x65,0x65,0x10,0x00,0x00,0x00,0x00,
    0x08,0x40,0x68,0x68,0x68,0x01,0x80,0x66,0x66,0x66,0x28,0xBF,0x65,0x65,0x65,0x01,
    0x80,0x64,0x64,0x64,0x07,0x00,0x00,0x00,0x00,0x01,0x20,0x68,0x68,0x68,0x10,0xFF,
    0x66,0x66,0x66,0x01,0x60,0x65,0x65,0x65,0x07,0x00,0x00,0x00,0x00,0x01,0x40,0x64,
    0x64,0x64,0x18,0xBF,0x65,0x65,0x65,0x01,0x30,0x65,0x65,0x65,0x07,0x00,0x00,0x00,
    0x00,0x01,0x20,0x68,0x68,0x68,0x07,0x40,0x68,0x68,0x68,0x01,0x30,0x65,0x65,0x65,
    0x08,0x00,0x00,0x00,0x00,0x08,0xFF,0x66,0x66,0x66,0x01,0x40,0x64,0x64,0x64,0x07,
    0x00,0x00,0x00,0x00,0x01,0x80,0x66,0x66,0x66,0x07,0xFF,0x66,0x66,0x66,0x01,0xEF,
    0x65,0x65,0x65,0x08,0xBF,0x65,0x65,0x65,0x08,0xFF,0x66,0x66,0x66,0x01,0x40,0x64,
    0x64,0x64,0x07,0x00,0x00,0x00,0x00,0x01,0x80,0x66,0x66,0x66,0x18,0xFF,0x66,0x66,
    0x66,0x01,0x40,0x64,0x64,0x64,0x07,0x00,0x00,0x00,0x00,0x01,0x80,0x66,0x66,0x66,
    0x07,0xFF,0x66,0x66,0x66,0x01,0xC0,0x65,0x65,0x65,0x18,0x00,0x00,0x00,0x00,0x01,
    0xA0,0x66,0x66,0x66,0x28,0xFF,0x66,0x66,0x66,0x01,0x9F,0x67,0x67,0x67,0x07,0x00,
    0x00,0x00,0x00,0x01,0x20,0x68,0x68,0x68,0x10,0xFF,0x66,0x66,0x66,0x01,0x60,0x65,
    0x65,0x65,0x07,0x00,0x00,0x00,0x00,0x01,0x60,0x65,0x65,0x65,0x18,0xFF,0x66,0x66,
    0x66,0x01,0x40,0x64,0x64,0x64,0x18,0x00,0x00,0x00,0x00,0x08,0xFF,0x66,0x66,0x66,
    0x01,0x40,0x64,0x64,0x64,0x07,0x00,0x00,0x00,0x00,0x01,0x80,0x66,0x66,0x66,0x18,
    0xFF,0x66,0x66,0x66,0x01,0x40,0x64,0x64,0x64,0x07,0x00,0x00,0x00,0x00,0x01,0x80,
    0x66,0x66,0x66,0x18,0xFF,0x66,0x66,0x66,0x01,0x40,0x64,0x64,0x64,0x07,0x00,0x00,
    0x00,0x00,0x01,0x80,0x66,0x66,0x66,0x07,0xFF,0x66,0x66,0x66,0x01,0xC0,0x65,0x65,
    0x65,0x18,0x00,0x00,0x00,0x00,0x01,0xA0,0x66,0x66,0x66,0x28,0xFF,0x66,0x66,0x66,
    0x01,0x9F,0x67,0x67,0x67,0x07,0x00,0x00,0x00,0x00,0x01,0x20,0x68,0x68,0x68,0x10,
    0xFF,0x66,0x66,0x66,0x01,0x60,0x65,0x65,0x65,0x07,0x00,0x00,0x00,0x00,0x01,0x60,
    0x65,0x65,0x65,0x18,0xFF,0x66,0x66,0x66,0x01,0x40,0x64,0x64,0x64,0x18,0x00,0x00,
    0x00,0x00,0x08,0xFF,0x66,0x66,0x66,0x01,0x40,0x64,0x64,0x64,0x07,0x00,0x00,0x00,
    0x00,0x01,0x80,0x66,0x66,0x66,0x18,0xFF,0x66,0x66,0x66,0x01,0x40,0x64,0x64,0x64,
    0x07,0x00,0x00,0x00,0x00,0x01,0x80,0x66,0x66,0x66,0x18,0xFF,0x66,0x66,0x66,0x01,
    0x40,0x64,0x64,0x64,0x07,0x00,0x00,0x00,0x00,0x01,0x80,0x66,0x66,0x66,0x07,0xFF,
    0x66,0x66,0x66,0x01,0xC0,0x65,0x65,0x65,0x18,0x00,0x00,0x00,0x00,0x01,0xA0,0x66,
    0x66,0x66,0x28,0xFF,0x66,0x66,0x66,0x01,0x9F,0x67,0x67,0x67,0x07,0x00,0x00,0x00,
    0x00,0x01,0x20,0x68,0x68,0x68,0x10,0xFF,0x66,0x66,0x66,0x01,0x60,0x65,0x65,0x65,
    0x07,0x00,0x00,0x00,0x00,0x01,0x60,0x65,0x65,0x65,0x18,0xFF,0x66,0x66,0x66,0x01,
    0x40,0x64,0x64,0x64,0x18,0x00,0x00,0x00,0x00,0x08,0xFF,0x66,0x66,0x66,0x01,0x40,
    0x64,0x64,0x64,0x07,0x00,0x00,0x00,0x00,0x01,0x80,0x66,0x66,0x66,0x18,0xFF,0x66,
    0x66,0x66,0x01,0x40,0x64,0x64,0x64,0x07,0x00,0x00,0x00,0x00,0x01,0x80,0x66,0x66,
    0x66,0x18,0xFF,0x66,0x66,0x66,0x01,0x40,0x64,0x64,0x64,0x07,0x00,0x00,0x00,0x00,
    0x01,0x80,0x66,0x66,0x66,0x07,0xFF,0x66,0x66,0x66,0x01,0xC0,0x65,0x65,0x65,0x18,
    0x00,0x00,0x00,0x00,0x01,0xA0,0x66,0x66,0x66,0x28,0xFF,0x66,0x66,0x66,0x01,0x9F,
    0x67,0x67,0x67,0x07,0x00,0x00,0x00,0x00,0x01,0x20,0x68,0x68,0x68,0x10,0xFF,0x66,
    0x66,0x66,0x01,0x60,0x65,0x65,0x65,0x07,0x00,0x00,0x00,0x00,0x01,0x60,0x65,0x65,
    0x65,0x18,0xFF,0x66,0x66,0x66,0x01,0x40,0x64,0x64,0x64,0x18,0x00,0x00,0x00,0x00,
    0x08,0xFF,0x66,0x66,0x66,0x01,0x40,0x64,0x64,0x64,0x07,0x00,0x00,0x00,0x00,0x01,
    0x80,0x66,0x66,0x66,0x18,0xFF,0x66,0x66,0x66,0x01,0x40,0x64,0x64,0x64,0x07,0x00,
    0x00,0x00,0x00,0x01,0x80,0x66,0x66,0x66,0x18,0xFF,0x66,0x66,0x66,0x01,0x40,0x64,
    0x64,0x64,0x07,0x00,0x00,0x00,0x00,0x01,0x80,0x66,0x66,0x66,0x07,0xFF,0x66,0x66,
    0x66,0x01,0xC0,0x65,0x65,0x65,0x18,0x00,0x00,0x00,0x00,0x01,0xA0,0x66,0x66,0x66,
    0x28,0xFF,0x66,0x66,0x66,0x01,0x9F,0x67,0x67,0x67,0x07,0x00,0x00,0x00,0x00,0x01,
    0x20,0x68,0x68,0x68,0x10,0xFF,0x66,0x66,0x66,0x01,0x60,0x65,0x65,0x65,0x07,0x00,
    0x00,0x00,0x00,0x01,0x60,0x65,0x65,0x65,0x18,0xFF,0x66,0x66,0x66,0x01,0x40,0x64,
    0x64,0x64,0x18,0x00,0x00,0x00,0x00,0x08,0xFF,0x66,0x66,0x66,0x01,0x40,0x64,0x64,
    0x64,0x07,0x00,0x00,0x00,0x00,0x01,0x80,0x66,0x66,0x66,0x18,0xFF,0x66,0x66,0x66,
    0x01,0x40,0x64,0x64,0x64,0x07,0x00,0x00,0x00,0x00,0x01,0x80,0x66,0x66,0x66,0x18,
    0xFF,0x66,0x66,0x66,0x01,0x40,0x64,0x64,0x64,0x07,0x00,0x00,0x00,0x00,0x01,0x80,
    0x66,0x66,0x66,0x07,0xFF,0x66,0x66,0x66,0x01,0xC0,0x65,0x65,0x65,0x18,0x00,0x00,
    0x00,0x00,0x01,0xA0,0x66,0x66,0x66,0x28,0xFF,0x66,0x66,0x66,0x01,0x9F,0x67,0x67,
    0x67,0x07,0x00,0x00,0x00,0x00,0x01,0x20,0x68,0x68,0x68,0x10,0xFF,0x66,0x66,0x66,
    0x01,0x60,0x65,0x65,0x65,0x07,0x00,0x00,0x00,0x00,0x01,0x60,0x65,0x65,0x65,0x18,
    0xFF,0x66,0x66,0x66,0x01,0x40,0x64,0x64,0x64,0x18,0x00,0x00,0x00,0x00,0x08,0xFF,
    0x66,0x66,0x66,0x01,0x40,0x64,0x64,0x64,0x07,0x00,0x00,0x00,0x00,0x01,0x80,0x66,
    0x66,0x66,0x18,0xFF,0x66,0x66,0x66,0x01,0x40,0x64,0x64,0x64,0x07,0x00,0x00,0x00,
    0x00,0x01,0x80,0x66,0x66,0x66,0x18,0xFF,0x66,0x66,0x66,0x01,0x40,0x64,0x64,0x64,
    0x07,0x00,0x00,0x00,0x00,0x01,0x80,0x66,0x66,0x66,0x07,0xFF,0x66,0x66,0x66,0x01,
    0xC0,0x65,0x65,0x65,0x18,0x00,0x00,0x00,0x00,0x01,0xA0,0x66,0x66,0x66,0x28,0xFF,
    0x66,0x66,0x66,0x01,0x9F,0x67,0x67,0x67,0x07,0x00,0x00,0x00,0x00,0x01,0x20,0x68,
    0x68,0x68,0x10,0xFF,0x66,0x66,0x66,0x01,0x60,0x65,0x65,0x65,0x07,0x00,0x00,0x00,
    0x00,0x01,0x60,0x65,0x65,0x65,0x18,0xFF,0x66,0x66,0x66,0x01,0x40,0x64,0x64,0x64,
    0x18,0x00,0x00,0x00,0x00,0x08,0xFF,0x66,0x66,0x66,0x01,0x40,0x64,0x64,0x64,0x07,
    0x00,0x00,0x00,0x00,0x01,0x80,0x66,0x66,0x66,0x18,0xFF,0x66,0x66,0x66,0x01,0x40,
    0x64,0x64,0x64,0x07,0x00,0x00,0x00,0x00,0x01,0x40,0x64,0x64,0x64,0x18,0x80,0x66,
    0x66,0x66,0x01,0x20,0x68,0x68,0x68,0x07,0x00,0x00,0x00,0x00,0x01,0x80,0x66,0x66,
    0x66,0x07,0xFF,0x66,0x66,0x66,0x01,0xC0,0x65,0x65,0x65,0x07,0x00,0x00,0x00,0x00,
    0x01,0x10,0x60,0x60,0x60,0x08,0x80,0x66,0x66,0x66,0x01,0x10,0x60,0x60,0x60,0x07,
    0x00,0x00,0x00,0x00,0x01,0xA0,0x66,0x66,0x66,0x0F,0xFF,0x66,0x66,0x66,0x01,0xEF,
    0x65,0x65,0x65,0x18,0x80,0x66,0x66,0x66,0x01,0x50,0x66,0x66,0x66,0x07,0x00,0x00,
    0x00,0x00,0x01,0x10,0x60,0x60,0x60,0x08,0x80,0x66,0x66,0x66,0x01,0xEF,0x65,0x65,
    0x65,0x07,0xFF,0x66,0x66,0x66,0x01,0xAF,0x66,0x66,0x66,0x0F,0x80,0x66,0x66,0x66,
    0x01,0x90,0x65,0x65,0x65,0x08,0xFF,0x66,0x66,0x66,0x01,0x90,0x65,0x65,0x65,0x07,
    0x80,0x66,0x66,0x66,0x01,0x20,0x68,0x68,0x68,0x07,0x00,0x00,0x00,0x00,0x01,0x40,
    0x64,0x64,0x64,0x07,0x80,0x66,0x66,0x66,0x01,0x60,0x65,0x65,0x65,0x08,0x00,0x00,
    0x00,0x00,0x08,0xFF,0x66,0x66,0x66,0x01,0x40,0x64,0x64,0x64,0x07,0x00,0x00,0x00,
    0x00,0x01,0x80,0x66,0x66,0x66,0x18,0xFF,0x66,0x66,0x66,0x01,0x40,0x64,0x64,0x64,
    0x28,0x00,0x00,0x00,0x00,0x01,0x80,0x66,0x66,0x66,0x07,0xFF,0x66,0x66,0x66,0x01,
    0xC0,0x65,0x65,0x65,0x07,0x00,0x00,0x00,0x00,0x01,0x20,0x68,0x68,0x68,0x08,0xFF,
    0x66,0x66,0x66,0x01,0x20,0x68,0x68,0x68,0x07,0x00,0x00,0x00,0x00,0x01,0xA0,0x66,
    0x66,0x66,0x0F,0xFF,0x66,0x66,0x66,0x01,0xDF,0x66,0x66,0x66,0x29,0x00,0x00,0x00,
    0x00,0x01,0xE0,0x65,0x65,0x65,0x0F,0xFF,0x66,0x66,0x66,0x01,0x9F,0x67,0x67,0x67,
    0x07,0x00,0x00,0x00,0x00,0x01,0x20,0x68,0x68,0x68,0x08,0xFF,0x66,0x66,0x66,0x01,
    0x20,0x68,0x68,0x68,0x0F,0x00,0x00,0x00,0x00,0x01,0x80,0x66,0x66,0x66,0x07,0xFF,
    0x66,0x66,0x66,0x01,0xC0,0x65,0x65,0x65,0x08,0x00,0x00,0x00,0x00,0x08,0xFF,0x66,
    0x66,0x66,0x01,0x40,0x64,0x64,0x64,0x07,0x00,0x00,0x00,0x00,0x01,0x80,0x66,0x66,
    0x66,0x18,0xFF,0x66,0x66,0x66,0x01,0x40,0x64,0x64,0x64,0x28,0x00,0x00,0x00,0x00,
    0x01,0x80,0x66,0x66,0x66,0x07,0xFF,0x66,0x66,0x66,0x01,0xC0,0x65,0x65,0x65,0x07,
    0x00,0x00,0x00,0x00,0x01,0x20,0x68,0x68,0x68,0x08,0xFF,0x66,0x66,0x66,0x01,0x20,
    0x68,0x68,0x68,0x07,0x00,0x00,0x00,0x00,0x01,0xA0,0x66,0x66,0x66,0x0F,0xFF,0x66,
    0x66,0x66,0x01,0xDF,0x66,0x66,0x66,0x29,0x00,0x00,0x00,0x00,0x01,0xE0,0x65,0x65,
    0x65,0x0F,0xFF,0x66,0x66,0x66,0x01,0x9F,0x67,0x67,0x67,0x07,0x00,0x00,0x00,0x00,
    0x01,0x20,0x68,0x68,0x68,0x08,0xFF,0x66,0x66,0x66,0x01,0x20,0x68,0x68,0x68,0x0F,
    0x00,0x00,0x00,0x00,0x01,0x80,0x66,0x66,0x66,0x07,0xFF,0x66,0x66,0x66,0x01,0xC0,
    0x65,0x65,0x65,0x08,0x00,0x00,0x00,0x00,0x08,0xFF,0x66,0x66,0x66,0x01,0x40,0x64,
    0x64,0x64,0x07,0x00,0x00,0x00,0x00,0x01,0x80,0x66,0x66,0x66,0x18,0xFF,0x66,0x66,
    0x66,0x01,0x40,0x64,0x64,0x64,0x28,0x00,0x00,0x00,0x00,0x01,0x80,0x66,0x66,0x66,
    0x07,0xFF,0x66,0x66,0x66,0x01,0xC0,0x65,0x65,0x65,0x07,0x00,0x00,0x00,0x00,0x01,
    0x20,0x68,0x68,0x68,0x08,0xFF,0x66,0x66,0x66,0x01,0x20,0x68,0x68,0x68,0x07,0x00,
    0x00,0x00,0x00,0x01,0xA0,0x66,0x66,0x66,0x0F,0xFF,0x66,0x66,0x66,0x01,0xDF,0x66,
    0x66,0x66,0x29,0x00,0x00,0x00,0x00,0x01,0xE0,0x65,0x65,0x65,0x0F,0xFF,0x66,0x66,
    0x66,0x01,0x9F,0x67,0x67,0x67,0x07,0x00,0x00,0x00,0x00,0x01,0x20,0x68,0x68,0x68,
    0x08,0xFF,0x66,0x66,0x66,0x01,0x20,0x68,0x68,0x68,0x0F,0x00,0x00,0x00,0x00,0x01,
    0x80,0x66,0x66,0x66,0x07,0xFF,0x66,0x66,0x66,0x01,0xC0,0x65,0x65,0x65,0x08,0x00,
    0x00,0x00,0x00,0x08,0xFF,0x66,0x66,0x66,0x01,0x40,0x64,0x64,0x64,0x07,0x00,0x00,
    0x00,0x00,0x01,0x80,0x66,0x66,0x66,0x18,0xFF,0x66,0x66,0x66,0x01,0x40,0x64,0x64,
    0x64,0x28,0x00,0x00,0x00,0x00,0x01,0x80,0x66,0x66,0x66,0x07,0xFF,0x66,0x66,0x66,
    0x01,0xC0,0x65,0x65,0x65,0x07,0x00,0x00,0x00,0x00,0x01,0x20,0x68,0x68,0x68,0x08,
    0xFF,0x66,0x66,0x66,0x01,0x20,0x68,0x68,0x68,0x07,0x00,0x00,0x00,0x00,0x01,0xA0,
    0x66,0x66,0x66,0x0F,0xFF,0x66,0x66,0x66,0x01,0xDF,0x66,0x66,0x66,0x29,0x00,0x00,
    0x00,0x00,0x01,0xE0,0x65,0x65,0x65,0x0F,0xFF,0x66,0x66,0x66,0x01,0x9F,0x67,0x67,
    0x67,0x07,0x00,0x00,0x00,0x00,0x01,0x20,0x68,0x68,0x68,0x08,0xFF,0x66,0x66,0x66,
    0x01,0x20,0x68,0x68,0x68,0x0F,0x00,0x00,0x00,0x00,0x01,0x80,0x66,0x66,0x66,0x07,
    0xFF,0x66,0x66,0x66,0x01,0xC0,0x65,0x65,0x65,0x08,0x00,0x00,0x00,0x00,0x08,0xFF,
    0x66,0x66,0x66,0x01,0x40,0x64,0x64,0x64,0x07,0x00,0x00,0x00,0x00,0x01,0x80,0x66,
    0x66,0x66,0x18,0xFF,0x66,0x66,0x66,0x01,0x40,0x64,0x64,0x64,0x28,0x00,0x00,0x00,
    0x00,0x01,0x80,0x66,0x66,0x66,0x07,0xFF,0x66,0x66,0x66,0x01,0xC0,0x65,0x65,0x65,
    0x07,0x00,0x00,0x00,0x00,0x01,0x20,0x68,0x68,0x68,0x08,0xFF,0x66,0x66,0x66,0x01,
    0x20,0x68,0x68,0x68,0x07,0x00,0x00,0x00,0x00,0x01,0xA0,0x66,0x66,0x66,0x0F,0xFF,
    0x66,0x66,0x66,0x01,0xDF,0x66,0x66,0x66,0x29,0x00,0x00,0x00,0x00,0x01,0xE0,0x65,
    0x65,0x65,0x0F,0xFF,0x66,0x66,0x66,0x01,0x9F,0x67,0x67,0x67,0x07,0x00,0x00,0x00,
    0x00,0x01,0x20,0x68,0x68,0x68,0x08,0xFF,0x66,0x66,0x66,0x01,0x20,0x68,0x68,0x68,
    0x0F,0x00,0x00,0x00,0x00,0x01,0x80,0x66,0x66,0x66,0x07,0xFF,0x66,0x66,0x66,0x01,
    0xC0,0x65,0x65,0x65,0x08,0x00,0x00,0x00,0x00,0x08,0xFF,0x66,0x66,0x66,0x01,0x40,
    0x64,0x64,0x64,0x07,0x00,0x00,0x00,0x00,0x01,0x80,0x66,0x66,0x66,0x18,0xFF,0x66,
    0x66,0x66,0x01,0x40,0x64,0x64,0x64,0x28,0x00,0x00,0x00,0x00,0x01,0x80,0x66,0x66,
    0x66,0x07,0xFF,0x66,0x66,0x66,0x01,0xC0,0x65,0x65,0x65,0x07,0x00,0x00,0x00,0x00,
    0x01,0x20,0x68,0x68,0x68,0x08,0xFF,0x66,0x66,0x66,0x01,0x20,0x68,0x68,0x68,0x07,
    0x00,0x00,0x00,0x00,0x01,0xA0,0x66,0x66,0x66,0x0F,0xFF,0x66,0x66,0x66,0x01,0xDF,
    0x66,0x66,0x66,0x29,0x00,0x00,0x00,0x00,0x01,0xE0,0x65,0x65,0x65,0x0F,0xFF,0x66,
    0x66,0x66,0x01,0x9F,0x67,0x67,0x67,0x07,0x00,0x00,0x00,0x00,0x01,0x20,0x68,0x68,
    0x68,0x08,0xFF,0x66,0x66,0x66,0x01,0x20,0x68,0x68,0x68,0x0F,0x00,0x00,0x00,0x00,
    0x01,0x80,0x66,0x66,0x66,0x07,0xFF,0x66,0x66,0x66,0x01,0xC0,0x65,0x65,0x65,0x08,
    0x00,0x00,0x00,0x00,0x08,0xFF,0x66,0x66,0x66,0x01,0x40,0x64,0x64,0x64,0x07,0x00,
    0x00,0x00,0x00,0x01,0x80,0x66,0x66,0x66,0x18,0xFF,0x66,0x66,0x66,0x01,0x40,0x64,
    0x64,0x64,0x28,0x00,0x00,0x00,0x00,0x01,0x80,0x66,0x66,0x66,0x07,0xFF,0x66,0x66,
    0x66,0x01,0xC0,0x65,0x65,0x65,0x07,0x00,0x00,0x00,0x00,0x01,0x20,0x68,0x68,0x68,
    0x08,0xFF,0x66,0x66,0x66,0x01,0x20,0x68,0x68,0x68,0x07,0x00,0x00,0x00,0x00,0x01,
    0xA0,0x66,0x66,0x66,0x0F,0xFF,0x66,0x66,0x66,0x01,0xDF,0x66,0x66,0x66,0x29,0x00,
    0x00,0x00,0x00,0x01,0xE0,0x65,0x65,0x65,0x0F,0xFF,0x66,0x66,0x66,0x01,0x9F,0x67,
    0x67,0x67,0x07,0x00,0x00,0x00,0x00,0x01,0x20,0x68,0x68,0x68,0x08,0xFF,0x66,0x66,
    0x66,0x01,0x20,0x68,0x68,0x68,0x0F,0x00,0x00,0x00,0x00,0x01,0x80,0x66,0x66,0x66,
    0x07,0xFF,0x66,0x66,0x66,0x01,0xC0,0x65,0x65,0x65,0x08,0x00,0x00,0x00,0x00,0x08,
    0xFF,0x66,0x66,0x66,0x01,0x40,0x64,0x64,0x64,0x07,0x00,0x00,0x00,0x00,0x01,0x80,
    0x66,0x66,0x66,0x18,0xFF,0x66,0x66,0x66,0x01,0x70,0x64,0x64,0x64,0x28,0x40,0x64,
    0x64,0x64,0x01,0x9F,0x65,0x65,0x65,0x07,0xFF,0x66,0x66,0x66,0x01,0xC0,0x65,0x65,
    0x65,0x07,0x00,0x00,0x00,0x00,0x01,0x20,0x68,0x68,0x68,0x08,0xC0,0x66,0x66,0x66,
    0x08,0x40,0x64,0x64,0x64,0x01,0xBF,0x65,0x65,0x65,0x07,0xFF,0x66,0x66,0x66,0x01,
    0xEF,0x65,0x65,0x65,0x07,0xC0,0x66,0x66,0x66,0x01,0xA0,0x66,0x66,0x66,0x08,0x00,
    0x00,0x00,0x00,0x01,0x30,0x65,0x65,0x65,0x18,0x40,0x64,0x64,0x64,0x08,0x00,0x00,
    0x00,0x00,0x01,0xE0,0x65,0x65,0x65,0x07,0xFF,0x66,0x66,0x66,0x01,0xDF,0x66,0x66,
    0x66,0x07,0xC0,0x66,0x66,0x66,0x01,0x70,0x64,0x64,0x64,0x07,0x00,0x00,0x00,0x00,
    0x01,0x20,0x68,0x68,0x68,0x08,0xFF,0x66,0x66,0x66,0x01,0x4F,0x64,0x64,0x64,0x0F,
    0x40,0x64,0x64,0x64,0x01,0x80,0x66,0x66,0x66,0x07,0xC0,0x66,0x66,0x66,0x01,0xA0,
    0x66,0x66,0x66,0x08,0x40,0x64,0x64,0x64,0x08,0xC0,0x66,0x66,0x66,0x01,0x30,0x65,
    0x65,0x65,0x07,0x00,0x00,0x00,0x00,0x01,0x80,0x66,0x66,0x66,0x07,0xFF,0x66,0x66,
    0x66,0x01,0xEF,0x65,0x65,0x65,0x08,0xC0,0x66,0x66,0x66,0x39,0xFF,0x66,0x66,0x66,
    0x01,0xC0,0x65,0x65,0x65,0x10,0x00,0x00,0x00,0x00,0x01,0xE0,0x65,0x65,0x65,0x0F,
    0xFF,0x66,0x66,0x66,0x01,0x9F,0x67,0x67,0x67,0x10,0x00,0x00,0x00,0x00,0x01,0xE0,
    0x65,0x65,0x65,0x17,0xFF,0x66,0x66,0x66,0x01,0xDF,0x66,0x66,0x66,0x08,0x00,0x00,
    0x00,0x00,0x01,0xE0,0x65,0x65,0x65,0x07,0xFF,0x66,0x66,0x66,0x01,0x60,0x65,0x65,
    0x65,0x0F,0x00,0x00,0x00,0x00,0x01,0x20,0x68,0x68,0x68,0x18,0xFF,0x66,0x66,0x66,
    0x01,0x80,0x66,0x66,0x66,0x07,0x00,0x00,0x00,0x00,0x01,0x40,0x68,0x68,0x68,0x08,
    0xFF,0x66,0x66,0x66,0x10,0x00,0x00,0x00,0x00,0x01,0x80,0x66,0x66,0x66,0x07,0xFF,
    0x66,0x66,0x66,0x01,0xC0,0x65,0x65,0x65,0x08,0x00,0x00,0x00,0x00,0x39,0xFF,0x66,
    0x66,0x66,0x01,0xC0,0x65,0x65,0x65,0x10,0x00,0x00,0x00,0x00,0x01,0xE0,0x65,0x65,
    0x65,0x0F,0xFF,0x66,0x66,0x66,0x01,0x9F,0x67,0x67,0x67,0x10,0x00,0x00,0x00,0x00,
    0x01,0xE0,0x65,0x65,0x65,0x17,0xFF,0x66,0x66,0x66,0x01,0xDF,0x66,0x66,0x66,0x08,
    0x00,0x00,0x00,0x00,0x01,0xE0,0x65,0x65,0x65,0x07,0xFF,0x66,0x66,0x66,0x01,0x60,
    0x65,0x65,0x65,0x0F,0x00,0x00,0x00,0x00,0x01,0x20,0x68,0x68,0x68,0x18,0xFF,0x66,
    0x66,0x66,0x01,0x80,0x66,0x66,0x66,0x07,0x00,0x00,0x00,0x00,0x01,0x40,0x68,0x68,
    0x68,0x08,0xFF,0x66,0x66,0x66,0x10,0x00,0x00,0x00,0x00,0x01,0x80,0x66,0x66,0x66,
    0x07,0xFF,0x66,0x66,0x66,0x01,0xC0,0x65,0x65,0x65,0x08,0x00,0x00,0x00,0x00,0x39,
    0xFF,0x66,0x66,0x66,0x01,0xC0,0x65,0x65,0x65,0x10,0x00,0x00,0x00,0x00,0x01,0xE0,
    0x65,0x65,0x65,0x0F,0xFF,0x66,0x66,0x66,0x01,0x9F,0x67,0x67,0x67,0x10,0x00,0x00,
    0x00,0x00,0x01,0xE0,0x65,0x65,0x65,0x17,0xFF,0x66,0x66,0x66,0x01,0xDF,0x66,0x66,
    0x66,0x08,0x00,0x00,0x00,0x00,0x01,0xE0,0x65,0x65,0x65,0x07,0xFF,0x66,0x66,0x66,
    0x01,0x60,0x65,0x65,0x65,0x0F,0x00,0x00,0x00,0x00,0x01,0x20,0x68,0x68,0x68,0x18,
    0xFF,0x66,0x66,0x66,0x01,0x80,0x66,0x66,0x66,0x07,0x00,0x00,0x00,0x00,0x01,0x40,
    0x68,0x68,0x68,0x08,0xFF,0x66,0x66,0x66,0x10,0x00,0x00,0x00,0x00,0x01,0x80,0x66,
    0x66,0x66,0x07,0xFF,0x66,0x66,0x66,0x01,0xC0,0x65,0x65,0x65,0x08,0x00,0x00,0x00,
    0x00,0x39,0xFF,0x66,0x66,0x66,0x01,0xC0,0x65,0x65,0x65,0x10,0x00,0x00,0x00,0x00,
    0x01,0xE0,0x65,0x65,0x65,0x0F,0xFF,0x66,0x66,0x66,0x01,0x9F,0x67,0x67,0x67,0x10,
    0x00,0x00,0x00,0x00,0x01,0xE0,0x65,0x65,0x65,0x17,0xFF,0x66,0x66,0x66,0x01,0xDF,
    0x66,0x66,0x66,0x08,0x00,0x00,0x00,0x00,0x01,0xE0,0x65,0x65,0x65,0x07,0xFF,0x66,
    0x66,0x66,0x01,0x60,0x65,0x65,0x65,0x0F,0x00,0x00,0x00,0x00,0x01,0x20,0x68,0x68,
    0x68,0x18,0xFF,0x66,0x66,0x66,0x01,0x80,0x66,0x66,0x66,0x07,0x00,0x00,0x00,0x00,
    0x01,0x40,0x68,0x68,0x68,0x08,0xFF,0x66,0x66,0x66,0x10,0x00,0x00,0x00,0x00,0x01,
    0x80,0x66,0x66,0x66,0x07,0xFF,0x66,0x66,0x66,0x01,0xC0,0x65,0x65,0x65,0x08,0x00,
    0x00,0x00,0x00,0x39,0xFF,0x66,0x66,0x66,0x01,0xC0,0x65,0x65,0x65,0x10,0x00,0x00,
    0x00,0x00,0x01,0xE0,0x65,0x65,0x65,0x0F,0xFF,0x66,0x66,0x66,0x01,0x9F,0x67,0x67,
    0x67,0x10,0x00,0x00,0x00,0x00,0x01,0xE0,0x65,0x65,0x65,0x17,0xFF,0x66,0x66,0x66,
    0x01,0xDF,0x66,0x66,0x66,0x08,0x00,0x00,0x00,0x00,0x01,0xE0,0x65,0x65,0x65,0x07,
    0xFF,0x66,0x66,0x66,0x01,0x60,0x65,0x65,0x65,0x0F,0x00,0x00,0x00,0x00,0x01,0x20,
    0x68,0x68,0x68,0x18,0xFF,0x66,0x66,0x66,0x01,0x80,0x66,0x66,0x66,0x07,0x00,0x00,
    0x00,0x00,0x01,0x40,0x68,0x68,0x68,0x08,0xFF,0x66,0x66,0x66,0x10,0x00,0x00,0x00,
    0x00,0x01,0x80,0x66,0x66,0x66,0x07,0xFF,0x66,0x66,0x66,0x01,0xC0,0x65,0x65,0x65,
    0x08,0x00,0x00,0x00,0x00,0x39,0xFF,0x66,0x66,0x66,0x01,0xC0,0x65,0x65,0x65,0x10,
    0x00,0x00,0x00,0x00,0x01,0xE0,0x65,0x65,0x65,0x0F,0xFF,0x66,0x66,0x66,0x01,0x9F,
    0x67,0x67,0x67,0x10,0x00,0x00,0x00,0x00,0x01,0xE0,0x65,0x65,0x65,0x17,0xFF,0x66,
    0x66,0x66,0x01,0xDF,0x66,0x66,0x66,0x08,0x00,0x00,0x00,0x00,0x01,0xE0,0x65,0x65,
    0x65,0x07,0xFF,0x66,0x66,0x66,0x01,0x60,0x65,0x65,0x65,0x0F,0x00,0x00,0x00,0x00,
    0x01,0x20,0x68,0x68,0x68,0x18,0xFF,0x66,0x66,0x66,0x01,0x80,0x66,0x66,0x66,0x07,
    0x00,0x00,0x00,0x00,0x01,0x40,0x68,0x68,0x68,0x08,0xFF,0x66,0x66,0x66,0x10,0x00,
    0x00,0x00,0x00,0x01,0x80,0x66,0x66,0x66,0x07,0xFF,0x66,0x66,0x66,0x01,0xC0,0x65,
    0x65,0x65,0x08,0x00,0x00,0x00,0x00,0x39,0xFF,0x66,0x66,0x66,0x01,0xC0,0x65,0x65,
    0x65,0x10,0x00,0x00,0x00,0x00,0x01,0xE0,0x65,0x65,0x65,0x0F,0xFF,0x66,0x66,0x66,
    0x01,0x9F,0x67,0x67,0x67,0x10,0x00,0x00,0x00,0x00,0x01,0xE0,0x65,0x65,0x65,0x17,
    0xFF,0x66,0x66,0x66,0x01,0xDF,0x66,0x66,0x66,0x08,0x00,0x00,0x00,0x00,0x01,0xE0,
    0x65,0x65,0x65,0x07,0xFF,0x66,0x66,0x66,0x01,0x60,0x65,0x65,0x65,0x0F,0x00,0x00,
    0x00,0x00,0x01,0x20,0x68,0x68,0x68,0x18,0xFF,0x66,0x66,0x66,0x01,0x80,0x66,0x66,
    0x66,0x07,0x00,0x00,0x00,0x00,0x01,0x40,0x68,0x68,0x68,0x08,0xFF,0x66,0x66,0x66,
    0x10,0x00,0x00,0x00,0x00,0x01,0x80,0x66,0x66,0x66,0x07,0xFF,0x66,0x66,0x66,0x01,
    0xC0,0x65,0x65,0x65,0x08,0x00,0x00,0x00,0x00,0x39,0xFF,0x66,0x66,0x66,0x01,0xC0,
    0x65,0x65,0x65,0x10,0x00,0x00,0x00,0x00,0x01,0xE0,0x65,0x65,0x65,0x0F,0xFF,0x66,
    0x66,0x66,0x01,0x9F,0x67,0x67,0x67,0x10,0x00,0x00,0x00,0x00,0x01,0xE0,0x65,0x65,
    0x65,0x17,0xFF,0x66,0x66,0x66,0x01,0xDF,0x66,0x66,0x66,0x08,0x00,0x00,0x00,0x00,
    0x01,0xE0,0x65,0x65,0x65,0x07,0xFF,0x66,0x66,0x66,0x01,0x60,0x65,0x65,0x65,0x0F,
    0x00,0x00,0x00,0x00,0x01,0x20,0x68,0x68,0x68,0x18,0xFF,0x66,0x66,0x66,0x01,0x80,
    0x66,0x66,0x66,0x07,0x00,0x00,0x00,0x00,0x01,0x40,0x68,0x68,0x68,0x08,0xFF,0x66,
    0x66,0x66,0x10,0x00,0x00,0x00,0x00,0x01,0x80,0x66,0x66,0x66,0x07,0xFF,0x66,0x66,
    0x66,0x01,0xC0,0x65,0x65,0x65,0x08,0x00,0x00,0x00,0x00,
};

leImage figmaImg_imgQRCode =
{
    {
        LE_STREAM_LOCATION_ID_INTERNAL, // data location id
        (void*)figmaImg_imgQRCode_data, // data variable pointer
        35227, // data size
    },
    LE_IMAGE_FORMAT_RLE,
    {
        LE_COLOR_MODE_RGBA_8888,
        {
            239,
            239
        },
        57121,
        35227,
        (void*)figmaImg_imgQRCode_data, // data variable pointer
        0, // flags
    },
    0, // image flags
    {
        0x0, // color mask
    },
    NULL, // alpha mask
    NULL, // palette
};

/*********************************
 * Legato Image Asset
 * Name:   figmaImg_imgSettings
 * Size:   160x134 pixels
 * Mode:   RGBA_8888
 ***********************************/

const uint8_t figmaImg_imgSettings_data[2714] =
{
    0x02,0x04,0x82,0x00,0xFF,0xFF,0xFF,0xFF,0x01,0x00,0xDF,0xFF,0xFF,0xFF,0x01,0x00,
    0xCF,0xFF,0xFF,0xFF,0x01,0x00,0xAF,0xFF,0xFF,0xFF,0x01,0x00,0x80,0xFF,0xFF,0xFF,
    0x01,0x00,0x50,0xFF,0xFF,0xFF,0x01,0x00,0x20,0xFF,0xFF,0xFF,0x18,0x00,0x00,0x00,
    0x00,0x00,0x88,0x00,0xFF,0xFF,0xFF,0xFF,0x01,0x00,0xDF,0xFF,0xFF,0xFF,0x01,0x00,
    0x9F,0xFF,0xFF,0xFF,0x01,0x00,0x40,0xFF,0xFF,0xFF,0x15,0x00,0x00,0x00,0x00,0x00,
    0x8B,0x00,0xFF,0xFF,0xFF,0xFF,0x01,0x00,0xDF,0xFF,0xFF,0xFF,0x01,0x00,0x60,0xFF,
    0xFF,0xFF,0x01,0x00,0x20,0xFF,0xFF,0xFF,0x12,0x00,0x00,0x00,0x00,0x00,0x8D,0x00,
    0xFF,0xFF,0xFF,0xFF,0x01,0x00,0xEF,0xFF,0xFF,0xFF,0x01,0x00,0x8F,0xFF,0xFF,0xFF,
    0x01,0x00,0x20,0xFF,0xFF,0xFF,0x10,0x00,0x00,0x00,0x00,0x00,0x8F,0x00,0xFF,0xFF,
    0xFF,0xFF,0x01,0x00,0xDF,0xFF,0xFF,0xFF,0x01,0x00,0x60,0xFF,0xFF,0xFF,0x0F,0x00,
    0x00,0x00,0x00,0x00,0x91,0x00,0xFF,0xFF,0xFF,0xFF,0x01,0x00,0xDF,0xFF,0xFF,0xFF,
    0x01,0x00,0x20,0xFF,0xFF,0xFF,0x0D,0x00,0x00,0x00,0x00,0x00,0x92,0x00,0xFF,0xFF,
    0xFF,0xFF,0x01,0x00,0xEF,0xFF,0xFF,0xFF,0x01,0x00,0x70,0xFF,0xFF,0xFF,0x0C,0x00,
    0x00,0x00,0x00,0x00,0x94,0x00,0xFF,0xFF,0xFF,0xFF,0x01,0x00,0x7F,0xFF,0xFF,0xFF,
    0x0B,0x00,0x00,0x00,0x00,0x00,0x95,0x00,0xFF,0xFF,0xFF,0xFF,0x01,0x00,0x9F,0xFF,
    0xFF,0xFF,0x0A,0x00,0x00,0x00,0x00,0x00,0x96,0x00,0xFF,0xFF,0xFF,0xFF,0x01,0x00,
    0xCF,0xFF,0xFF,0xFF,0x09,0x00,0x00,0x00,0x00,0x00,0x97,0x00,0xFF,0xFF,0xFF,0xFF,
    0x01,0x00,0x9F,0xFF,0xFF,0xFF,0x08,0x00,0x00,0x00,0x00,0x00,0x98,0x00,0xFF,0xFF,
    0xFF,0xFF,0x01,0x00,0x8F,0xFF,0xFF,0xFF,0x07,0x00,0x00,0x00,0x00,0x00,0x99,0x00,
    0xFF,0xFF,0xFF,0xFF,0x01,0x00,0x70,0xFF,0xFF,0xFF,0x06,0x00,0x00,0x00,0x00,0x00,
    0x99,0x00,0xFF,0xFF,0xFF,0xFF,0x01,0x00,0xEF,0xFF,0xFF,0xFF,0x01,0x00,0x20,0xFF,
    0xFF,0xFF,0x05,0x00,0x00,0x00,0x00,0x00,0x9A,0x00,0xFF,0xFF,0xFF,0xFF,0x01,0x00,
    0xBF,0xFF,0xFF,0xFF,0x05,0x00,0x00,0x00,0x00,0x00,0x9B,0x00,0xFF,0xFF,0xFF,0xFF,
    0x01,0x00,0x70,0xFF,0xFF,0xFF,0x04,0x00,0x00,0x00,0x00,0x00,0x9B,0x00,0xFF,0xFF,
    0xFF,0xFF,0x01,0x00,0xEF,0xFF,0xFF,0xFF,0x01,0x00,0x10,0xFF,0xFF,0xFF,0x03,0x00,
    0x00,0x00,0x00,0x00,0x9C,0x00,0xFF,0xFF,0xFF,0xFF,0x01,0x00,0x80,0xFF,0xFF,0xFF,
    0x03,0x00,0x00,0x00,0x00,0x00,0x9C,0x00,0xFF,0xFF,0xFF,0xFF,0x01,0x00,0xEF,0xFF,
    0xFF,0xFF,0x01,0x00,0x10,0xFF,0xFF,0xFF,0x02,0x00,0x00,0x00,0x00,0x00,0x9D,0x00,
    0xFF,0xFF,0xFF,0xFF,0x01,0x00,0x80,0xFF,0xFF,0xFF,0x02,0x00,0x00,0x00,0x00,0x00,
    0x9D,0x00,0xFF,0xFF,0xFF,0xFF,0x01,0x00,0xEF,0xFF,0xFF,0xFF,0x02,0x00,0x00,0x00,
    0x00,0x00,0x9E,0x00,0xFF,0xFF,0xFF,0xFF,0x01,0x00,0x40,0xFF,0xFF,0xFF,0x01,0x00,
    0x00,0x00,0x00,0x00,0x9E,0x00,0xFF,0xFF,0xFF,0xFF,0x01,0x00,0x90,0xFF,0xFF,0xFF,
    0x01,0x00,0x00,0x00,0x00,0x00,0x9E,0x00,0xFF,0xFF,0xFF,0xFF,0x01,0x00,0xDF,0xFF,
    0xFF,0xFF,0x01,0x00,0x00,0x00,0x00,0x00,0x9F,0x00,0xFF,0xFF,0xFF,0xFF,0x01,0x00,
    0x20,0xFF,0xFF,0xFF,0x9F,0x00,0xFF,0xFF,0xFF,0xFF,0x01,0x00,0x60,0xFF,0xFF,0xFF,
    0x9F,0x00,0xFF,0xFF,0xFF,0xFF,0x01,0x00,0x90,0xFF,0xFF,0xFF,0x9F,0x00,0xFF,0xFF,
    0xFF,0xFF,0x01,0x00,0xB0,0xFF,0xFF,0xFF,0x9F,0x00,0xFF,0xFF,0xFF,0xFF,0x01,0x00,
    0xCF,0xFF,0xFF,0xFF,0x9F,0x00,0xFF,0xFF,0xFF,0xFF,0x01,0x00,0xDF,0xFF,0xFF,0xFF,
    0xCB,0x0C,0xFF,0xFF,0xFF,0xFF,0x01,0x00,0xFF,0xD7,0xD7,0xD7,0x08,0x00,0xFF,0xD2,
    0xD2,0xD2,0x01,0x00,0xFF,0xED,0xED,0xED,0x96,0x00,0xFF,0xFF,0xFF,0xFF,0x09,0x00,
    0xFF,0xB7,0xB7,0xB7,0x01,0x00,0xFF,0xDB,0xDB,0xDB,0x95,0x00,0xFF,0xFF,0xFF,0xFF,
    0x01,0x00,0xFF,0xF6,0xF6,0xF6,0x09,0x00,0xFF,0xB7,0xB7,0xB7,0x01,0x00,0xFF,0xD2,
    0xD2,0xD2,0x95,0x00,0xFF,0xFF,0xFF,0xFF,0x01,0x00,0xFF,0xED,0xED,0xED,0x09,0x00,
    0xFF,0xB7,0xB7,0xB7,0x01,0x00,0xFF,0xCE,0xCE,0xCE,0x8E,0x00,0xFF,0xFF,0xFF,0xFF,
    0x01,0x00,0xFF,0xF6,0xF6,0xF6,0x06,0x00,0xFF,0xFF,0xFF,0xFF,0x01,0x00,0xFF,0xE8,
    0xE8,0xE8,0x09,0x00,0xFF,0xB7,0xB7,0xB7,0x01,0x00,0xFF,0xC0,0xC0,0xC0,0x06,0x00,
    0xFF,0xFF,0xFF,0xFF,0x01,0x00,0xFF,0xFB,0xFB,0xFB,0x87,0x00,0xFF,0xFF,0xFF,0xFF,
    0x02,0x00,0xFF,0xC0,0xC0,0xC0,0x01,0x00,0xFF,0xE0,0xE0,0xE0,0x01,0x00,0xFF,0xF6,
    0xF6,0xF6,0x03,0x00,0xFF,0xFF,0xFF,0xFF,0x01,0x00,0xFF,0xD7,0xD7,0xD7,0x0A,0x00,
    0xFF,0xB7,0xB7,0xB7,0x01,0x00,0xFF,0xF6,0xF6,0xF6,0x03,0x00,0xFF,0xFF,0xFF,0xFF,
    0x01,0x00,0xFF,0xED,0xED,0xED,0x01,0x00,0xFF,0xC9,0xC9,0xC9,0x01,0x00,0xFF,0xB7,
    0xB7,0xB7,0x01,0x00,0xFF,0xE4,0xE4,0xE4,0x85,0x00,0xFF,0xFF,0xFF,0xFF,0x01,0x00,
    0xFF,0xDF,0xDF,0xDF,0x04,0x00,0xFF,0xB7,0xB7,0xB7,0x01,0x00,0xFF,0xD2,0xD2,0xD2,
    0x01,0x00,0xFF,0xE9,0xE9,0xE9,0x01,0x00,0xFF,0xC5,0xC5,0xC5,0x0C,0x00,0xFF,0xB7,
    0xB7,0xB7,0x02,0x00,0xFF,0xDB,0xDB,0xDB,0x01,0x00,0xFF,0xC4,0xC4,0xC4,0x03,0x00,
    0xFF,0xB7,0xB7,0xB7,0x01,0x00,0xFF,0xBC,0xBC,0xBC,0x01,0x00,0xFF,0xFB,0xFB,0xFB,
    0x83,0x00,0xFF,0xFF,0xFF,0xFF,0x01,0x00,0xFF,0xF6,0xF6,0xF6,0x01,0x00,0xFF,0xC0,
    0xC0,0xC0,0x1A,0x00,0xFF,0xB7,0xB7,0xB7,0x01,0x00,0xFF,0xDB,0xDB,0xDB,0x83,0x00,
    0xFF,0xFF,0xFF,0xFF,0x01,0x00,0xFF,0xD2,0xD2,0xD2,0x1B,0x00,0xFF,0xB7,0xB7,0xB7,
    0x01,0x00,0xFF,0xBC,0xBC,0xBC,0x01,0x00,0xFF,0xF6,0xF6,0xF6,0x81,0x00,0xFF,0xFF,
    0xFF,0xFF,0x01,0x00,0xFF,0xF6,0xF6,0xF6,0x1D,0x00,0xFF,0xB7,0xB7,0xB7,0x01,0x00,
    0xFF,0xC9,0xC9,0xC9,0x81,0x00,0xFF,0xFF,0xFF,0xFF,0x01,0x00,0xFF,0xC4,0xC4,0xC4,
    0x1E,0x00,0xFF,0xB7,0xB7,0xB7,0x01,0x00,0xFF,0xED,0xED,0xED,0x7F,0x00,0xFF,0xFF,
    0xFF,0xFF,0x01,0x00,0xFF,0xE4,0xE4,0xE4,0x0D,0x00,0xFF,0xB7,0xB7,0xB7,0x01,0x00,
    0xFF,0xD2,0xD2,0xD2,0x01,0x00,0xFF,0xE8,0xE8,0xE8,0x01,0x00,0xFF,0xF6,0xF6,0xF6,
    0x01,0x00,0xFF,0xED,0xED,0xED,0x01,0x00,0xFF,0xE4,0xE4,0xE4,0x01,0x00,0xFF,0xC0,
    0xC0,0xC0,0x0C,0x00,0xFF,0xB7,0xB7,0xB7,0x01,0x00,0xFF,0xC5,0xC5,0xC5,0x7F,0x00,
    0xFF,0xFF,0xFF,0xFF,0x01,0x00,0xFF,0xC9,0xC9,0xC9,0x0B,0x00,0xFF,0xB7,0xB7,0xB7,
    0x01,0x00,0xFF,0xC0,0xC0,0xC0,0x01,0x00,0xFF,0xF1,0xF1,0xF1,0x06,0x00,0xFF,0xFF,
    0xFF,0xFF,0x01,0x00,0xFF,0xDB,0xDB,0xDB,0x0C,0x00,0xFF,0xB7,0xB7,0xB7,0x01,0x00,
    0xFF,0xED,0xED,0xED,0x7E,0x00,0xFF,0xFF,0xFF,0xFF,0x01,0x00,0xFF,0xF6,0xF6,0xF6,
    0x01,0x00,0xFF,0xC9,0xC9,0xC9,0x0A,0x00,0xFF,0xB7,0xB7,0xB7,0x01,0x00,0xFF,0xF6,
    0xF6,0xF6,0x08,0x00,0xFF,0xFF,0xFF,0xFF,0x01,0x00,0xFF,0xDB,0xDB,0xDB,0x09,0x00,
    0xFF,0xB7,0xB7,0xB7,0x01,0x00,0xFF,0xBB,0xBB,0xBB,0x01,0x00,0xFF,0xE0,0xE0,0xE0,
    0x81,0x00,0xFF,0xFF,0xFF,0xFF,0x01,0x00,0xFF,0xDB,0xDB,0xDB,0x08,0x00,0xFF,0xB7,
    0xB7,0xB7,0x01,0x00,0xFF,0xD2,0xD2,0xD2,0x0A,0x00,0xFF,0xFF,0xFF,0xFF,0x01,0x00,
    0xFF,0xBB,0xBB,0xBB,0x07,0x00,0xFF,0xB7,0xB7,0xB7,0x01,0x00,0xFF,0xC0,0xC0,0xC0,
    0x01,0x00,0xFF,0xF6,0xF6,0xF6,0x83,0x00,0xFF,0xFF,0xFF,0xFF,0x01,0x00,0xFF,0xE8,
    0xE8,0xE8,0x01,0x00,0xFF,0xBB,0xBB,0xBB,0x06,0x00,0xFF,0xB7,0xB7,0xB7,0x01,0x00,
    0xFF,0xF2,0xF2,0xF2,0x0A,0x00,0xFF,0xFF,0xFF,0xFF,0x01,0x00,0xFF,0xD6,0xD6,0xD6,
    0x06,0x00,0xFF,0xB7,0xB7,0xB7,0x01,0x00,0xFF,0xD2,0xD2,0xD2,0x01,0x00,0xFF,0xFB,
    0xFB,0xFB,0x85,0x00,0xFF,0xFF,0xFF,0xFF,0x01,0x00,0xFF,0xC9,0xC9,0xC9,0x06,0x00,
    0xFF,0xB7,0xB7,0xB7,0x0B,0x00,0xFF,0xFF,0xFF,0xFF,0x01,0x00,0xFF,0xE4,0xE4,0xE4,
    0x06,0x00,0xFF,0xB7,0xB7,0xB7,0x01,0x00,0xFF,0xED,0xED,0xED,0x86,0x00,0xFF,0xFF,
    0xFF,0xFF,0x01,0x00,0xFF,0xC9,0xC9,0xC9,0x06,0x00,0xFF,0xB7,0xB7,0xB7,0x0B,0x00,
    0xFF,0xFF,0xFF,0xFF,0x01,0x00,0xFF,0xE4,0xE4,0xE4,0x06,0x00,0xFF,0xB7,0xB7,0xB7,
    0x01,0x00,0xFF,0xED,0xED,0xED,0x85,0x00,0xFF,0xFF,0xFF,0xFF,0x01,0x00,0xFF,0xED,
    0xED,0xED,0x01,0x00,0xFF,0xBB,0xBB,0xBB,0x06,0x00,0xFF,0xB7,0xB7,0xB7,0x01,0x00,
    0xFF,0xF2,0xF2,0xF2,0x0A,0x00,0xFF,0xFF,0xFF,0xFF,0x01,0x00,0xFF,0xD6,0xD6,0xD6,
    0x06,0x00,0xFF,0xB7,0xB7,0xB7,0x01,0x00,0xFF,0xD7,0xD7,0xD7,0x01,0x00,0xFF,0xFB,
    0xFB,0xFB,0x83,0x00,0xFF,0xFF,0xFF,0xFF,0x01,0x00,0xFF,0xDB,0xDB,0xDB,0x08,0x00,
    0xFF,0xB7,0xB7,0xB7,0x01,0x00,0xFF,0xDB,0xDB,0xDB,0x0A,0x00,0xFF,0xFF,0xFF,0xFF,
    0x01,0x00,0xFF,0xC0,0xC0,0xC0,0x07,0x00,0xFF,0xB7,0xB7,0xB7,0x01,0x00,0xFF,0xC0,
    0xC0,0xC0,0x01,0x00,0xFF,0xF6,0xF6,0xF6,0x80,0x00,0xFF,0xFF,0xFF,0xFF,0x01,0x00,
    0xFF,0xF6,0xF6,0xF6,0x01,0x00,0xFF,0xC9,0xC9,0xC9,0x09,0x00,0xFF,0xB7,0xB7,0xB7,
    0x01,0x00,0xFF,0xBC,0xBC,0xBC,0x01,0x00,0xFF,0xF2,0xF2,0xF2,0x08,0x00,0xFF,0xFF,
    0xFF,0xFF,0x01,0x00,0xFF,0xDB,0xDB,0xDB,0x09,0x00,0xFF,0xB7,0xB7,0xB7,0x01,0x00,
    0xFF,0xBC,0xBC,0xBC,0x01,0x00,0xFF,0xE4,0xE4,0xE4,0x7F,0x00,0xFF,0xFF,0xFF,0xFF,
    0x01,0x00,0xFF,0xC9,0xC9,0xC9,0x0B,0x00,0xFF,0xB7,0xB7,0xB7,0x01,0x00,0xFF,0xC0,
    0xC0,0xC0,0x01,0x00,0xFF,0xF6,0xF6,0xF6,0x06,0x00,0xFF,0xFF,0xFF,0xFF,0x01,0x00,
    0xFF,0xDB,0xDB,0xDB,0x0C,0x00,0xFF,0xB7,0xB7,0xB7,0x01,0x00,0xFF,0xED,0xED,0xED,
    0x7E,0x00,0xFF,0xFF,0xFF,0xFF,0x01,0x00,0xFF,0xE8,0xE8,0xE8,0x0D,0x00,0xFF,0xB7,
    0xB7,0xB7,0x01,0x00,0xFF,0xD2,0xD2,0xD2,0x01,0x00,0xFF,0xE9,0xE9,0xE9,0x02,0x00,
    0xFF,0xF2,0xF2,0xF2,0x01,0x00,0xFF,0xDF,0xDF,0xDF,0x01,0x00,0xFF,0xC9,0xC9,0xC9,
    0x0C,0x00,0xFF,0xB7,0xB7,0xB7,0x01,0x00,0xFF,0xC0,0xC0,0xC0,0x80,0x00,0xFF,0xFF,
    0xFF,0xFF,0x01,0x00,0xFF,0xC9,0xC9,0xC9,0x1E,0x00,0xFF,0xB7,0xB7,0xB7,0x01,0x00,
    0xFF,0xF2,0xF2,0xF2,0x80,0x00,0xFF,0xFF,0xFF,0xFF,0x01,0x00,0xFF,0xED,0xED,0xED,
    0x1D,0x00,0xFF,0xB7,0xB7,0xB7,0x01,0x00,0xFF,0xD2,0xD2,0xD2,0x82,0x00,0xFF,0xFF,
    0xFF,0xFF,0x01,0x00,0xFF,0xD6,0xD6,0xD6,0x1C,0x00,0xFF,0xB7,0xB7,0xB7,0x01,0x00,
    0xFF,0xF6,0xF6,0xF6,0x82,0x00,0xFF,0xFF,0xFF,0xFF,0x01,0x00,0xFF,0xFA,0xFA,0xFA,
    0x01,0x00,0xFF,0xBB,0xBB,0xBB,0x1A,0x00,0xFF,0xB7,0xB7,0xB7,0x01,0x00,0xFF,0xDB,
    0xDB,0xDB,0x84,0x00,0xFF,0xFF,0xFF,0xFF,0x01,0x00,0xFF,0xDB,0xDB,0xDB,0x03,0x00,
    0xFF,0xB7,0xB7,0xB7,0x01,0x00,0xFF,0xBB,0xBB,0xBB,0x01,0x00,0xFF,0xCE,0xCE,0xCE,
    0x01,0x00,0xFF,0xE8,0xE8,0xE8,0x01,0x00,0xFF,0xC0,0xC0,0xC0,0x0C,0x00,0xFF,0xB7,
    0xB7,0xB7,0x01,0x00,0xFF,0xDB,0xDB,0xDB,0x01,0x00,0xFF,0xE4,0xE4,0xE4,0x01,0x00,
    0xFF,0xC0,0xC0,0xC0,0x03,0x00,0xFF,0xB7,0xB7,0xB7,0x01,0x00,0xFF,0xC0,0xC0,0xC0,
    0x86,0x00,0xFF,0xFF,0xFF,0xFF,0x01,0x00,0xFF,0xC0,0xC0,0xC0,0x01,0x00,0xFF,0xBB,
    0xBB,0xBB,0x01,0x00,0xFF,0xDB,0xDB,0xDB,0x01,0x00,0xFF,0xFB,0xFB,0xFB,0x03,0x00,
    0xFF,0xFF,0xFF,0xFF,0x01,0x00,0xFF,0xD2,0xD2,0xD2,0x0A,0x00,0xFF,0xB7,0xB7,0xB7,
    0x01,0x00,0xFF,0xFB,0xFB,0xFB,0x03,0x00,0xFF,0xFF,0xFF,0xFF,0x01,0x00,0xFF,0xED,
    0xED,0xED,0x01,0x00,0xFF,0xCD,0xCD,0xCD,0x01,0x00,0xFF,0xB7,0xB7,0xB7,0x01,0x00,
    0xFF,0xE4,0xE4,0xE4,0x86,0x00,0xFF,0xFF,0xFF,0xFF,0x01,0x00,0xFF,0xFB,0xFB,0xFB,
    0x06,0x00,0xFF,0xFF,0xFF,0xFF,0x01,0x00,0xFF,0xE4,0xE4,0xE4,0x09,0x00,0xFF,0xB7,
    0xB7,0xB7,0x01,0x00,0xFF,0xC5,0xC5,0xC5,0x06,0x00,0xFF,0xFF,0xFF,0xFF,0x01,0x00,
    0xFF,0xFB,0xFB,0xFB,0x8E,0x00,0xFF,0xFF,0xFF,0xFF,0x01,0x00,0xFF,0xF1,0xF1,0xF1,
    0x09,0x00,0xFF,0xB7,0xB7,0xB7,0x01,0x00,0xFF,0xC9,0xC9,0xC9,0x95,0x00,0xFF,0xFF,
    0xFF,0xFF,0x01,0x00,0xFF,0xF6,0xF6,0xF6,0x09,0x00,0xFF,0xB7,0xB7,0xB7,0x01,0x00,
    0xFF,0xD2,0xD2,0xD2,0x96,0x00,0xFF,0xFF,0xFF,0xFF,0x09,0x00,0xFF,0xB7,0xB7,0xB7,
    0x01,0x00,0xFF,0xDB,0xDB,0xDB,0x96,0x00,0xFF,0xFF,0xFF,0xFF,0x01,0x00,0xFF,0xD7,
    0xD7,0xD7,0x08,0x00,0xFF,0xD2,0xD2,0xD2,0x01,0x00,0xFF,0xED,0xED,0xED,0xCA,0x0C,
    0xFF,0xFF,0xFF,0xFF,0x01,0x00,0xEF,0xFF,0xFF,0xFF,0x9F,0x00,0xFF,0xFF,0xFF,0xFF,
    0x01,0x00,0xCF,0xFF,0xFF,0xFF,0x9F,0x00,0xFF,0xFF,0xFF,0xFF,0x01,0x00,0xC0,0xFF,
    0xFF,0xFF,0x9F,0x00,0xFF,0xFF,0xFF,0xFF,0x01,0x00,0x90,0xFF,0xFF,0xFF,0x9F,0x00,
    0xFF,0xFF,0xFF,0xFF,0x01,0x00,0x70,0xFF,0xFF,0xFF,0x9F,0x00,0xFF,0xFF,0xFF,0xFF,
    0x01,0x00,0x30,0xFF,0xFF,0xFF,0x9E,0x00,0xFF,0xFF,0xFF,0xFF,0x01,0x00,0xEF,0xFF,
    0xFF,0xFF,0x01,0x00,0x00,0x00,0x00,0x00,0x9E,0x00,0xFF,0xFF,0xFF,0xFF,0x01,0x00,
    0xB0,0xFF,0xFF,0xFF,0x01,0x00,0x00,0x00,0x00,0x00,0x9E,0x00,0xFF,0xFF,0xFF,0xFF,
    0x01,0x00,0x60,0xFF,0xFF,0xFF,0x01,0x00,0x00,0x00,0x00,0x00,0x9D,0x00,0xFF,0xFF,
    0xFF,0xFF,0x01,0x00,0xEF,0xFF,0xFF,0xFF,0x01,0x00,0x10,0xFF,0xFF,0xFF,0x01,0x00,
    0x00,0x00,0x00,0x00,0x9D,0x00,0xFF,0xFF,0xFF,0xFF,0x01,0x00,0x9F,0xFF,0xFF,0xFF,
    0x02,0x00,0x00,0x00,0x00,0x00,0x9D,0x00,0xFF,0xFF,0xFF,0xFF,0x01,0x00,0x20,0xFF,
    0xFF,0xFF,0x02,0x00,0x00,0x00,0x00,0x00,0x9C,0x00,0xFF,0xFF,0xFF,0xFF,0x01,0x00,
    0x9F,0xFF,0xFF,0xFF,0x03,0x00,0x00,0x00,0x00,0x00,0x9C,0x00,0xFF,0xFF,0xFF,0xFF,
    0x01,0x00,0x20,0xFF,0xFF,0xFF,0x03,0x00,0x00,0x00,0x00,0x00,0x9B,0x00,0xFF,0xFF,
    0xFF,0xFF,0x01,0x00,0x9F,0xFF,0xFF,0xFF,0x04,0x00,0x00,0x00,0x00,0x00,0x9A,0x00,
    0xFF,0xFF,0xFF,0xFF,0x01,0x00,0xDF,0xFF,0xFF,0xFF,0x01,0x00,0x20,0xFF,0xFF,0xFF,
    0x04,0x00,0x00,0x00,0x00,0x00,0x9A,0x00,0xFF,0xFF,0xFF,0xFF,0x01,0x00,0x60,0xFF,
    0xFF,0xFF,0x05,0x00,0x00,0x00,0x00,0x00,0x99,0x00,0xFF,0xFF,0xFF,0xFF,0x01,0x00,
    0x90,0xFF,0xFF,0xFF,0x06,0x00,0x00,0x00,0x00,0x00,0x98,0x00,0xFF,0xFF,0xFF,0xFF,
    0x01,0x00,0xDF,0xFF,0xFF,0xFF,0x01,0x00,0x10,0xFF,0xFF,0xFF,0x06,0x00,0x00,0x00,
    0x00,0x00,0x97,0x00,0xFF,0xFF,0xFF,0xFF,0x01,0x00,0xDF,0xFF,0xFF,0xFF,0x01,0x00,
    0x20,0xFF,0xFF,0xFF,0x07,0x00,0x00,0x00,0x00,0x00,0x96,0x00,0xFF,0xFF,0xFF,0xFF,
    0x01,0x00,0xDF,0xFF,0xFF,0xFF,0x01,0x00,0x20,0xFF,0xFF,0xFF,0x08,0x00,0x00,0x00,
    0x00,0x00,0x95,0x00,0xFF,0xFF,0xFF,0xFF,0x01,0x00,0xDF,0xFF,0xFF,0xFF,0x01,0x00,
    0x20,0xFF,0xFF,0xFF,0x09,0x00,0x00,0x00,0x00,0x00,0x94,0x00,0xFF,0xFF,0xFF,0xFF,
    0x01,0x00,0xDF,0xFF,0xFF,0xFF,0x01,0x00,0x20,0xFF,0xFF,0xFF,0x0A,0x00,0x00,0x00,
    0x00,0x00,0x93,0x00,0xFF,0xFF,0xFF,0xFF,0x01,0x00,0xAF,0xFF,0xFF,0xFF,0x01,0x00,
    0x10,0xFF,0xFF,0xFF,0x0B,0x00,0x00,0x00,0x00,0x00,0x91,0x00,0xFF,0xFF,0xFF,0xFF,
    0x01,0x00,0xEF,0xFF,0xFF,0xFF,0x01,0x00,0x70,0xFF,0xFF,0xFF,0x0D,0x00,0x00,0x00,
    0x00,0x00,0x90,0x00,0xFF,0xFF,0xFF,0xFF,0x01,0x00,0xC0,0xFF,0xFF,0xFF,0x01,0x00,
    0x20,0xFF,0xFF,0xFF,0x0E,0x00,0x00,0x00,0x00,0x00,0x8E,0x00,0xFF,0xFF,0xFF,0xFF,
    0x01,0x00,0xDF,0xFF,0xFF,0xFF,0x01,0x00,0x50,0xFF,0xFF,0xFF,0x10,0x00,0x00,0x00,
    0x00,0x00,0x8C,0x00,0xFF,0xFF,0xFF,0xFF,0x01,0x00,0xC0,0xFF,0xFF,0xFF,0x01,0x00,
    0x60,0xFF,0xFF,0xFF,0x12,0x00,0x00,0x00,0x00,0x00,0x89,0x00,0xFF,0xFF,0xFF,0xFF,
    0x01,0x00,0xEF,0xFF,0xFF,0xFF,0x01,0x00,0x90,0xFF,0xFF,0xFF,0x01,0x00,0x40,0xFF,
    0xFF,0xFF,0x14,0x00,0x00,0x00,0x00,0x00,0x85,0x00,0xFF,0xFF,0xFF,0xFF,0x01,0x00,
    0xE0,0xFF,0xFF,0xFF,0x01,0x00,0xA0,0xFF,0xFF,0xFF,0x01,0x00,0x70,0xFF,0xFF,0xFF,
    0x01,0x00,0x30,0xFF,0xFF,0xFF,0x17,0x00,0x00,0x00,0x00,0x00,0x81,0x00,0x60,0xFF,
    0xFF,0xFF,0x01,0x00,0x50,0xFF,0xFF,0xFF,0x01,0x00,0x40,0xFF,0xFF,0xFF,0x01,0x00,
    0x20,0xFF,0xFF,0xFF,0x1C,0x00,0x00,0x00,0x00,0x00,
};

leImage figmaImg_imgSettings =
{
    {
        LE_STREAM_LOCATION_ID_INTERNAL, // data location id
        (void*)figmaImg_imgSettings_data, // data variable pointer
        2714, // data size
    },
    LE_IMAGE_FORMAT_RLE,
    {
        LE_COLOR_MODE_RGBA_8888,
        {
            160,
            134
        },
        21440,
        2714,
        (void*)figmaImg_imgSettings_data, // data variable pointer
        0, // flags
    },
    0, // image flags
    {
        0x0, // color mask
    },
    NULL, // alpha mask
    NULL, // palette
};

/*********************************
 * Legato Image Asset
 * Name:   figmaImg_imgFan
 * Size:   37x38 pixels
 * Mode:   RGBA_8888
 ***********************************/

const uint8_t figmaImg_imgFan_data[1197] =
{
    0x01,0x04,0x10,0x00,0x00,0x00,0x00,0x01,0x10,0xAF,0x80,0x00,0x02,0x40,0xB7,0x83,
    0x00,0x20,0x00,0x00,0x00,0x00,0x01,0x60,0xB7,0x85,0x00,0x01,0xBF,0xB8,0x84,0x00,
    0x02,0xFF,0xB8,0x85,0x00,0x01,0x9F,0xB8,0x84,0x00,0x1E,0x00,0x00,0x00,0x00,0x01,
    0x20,0xB7,0x87,0x00,0x01,0xBF,0xB8,0x84,0x00,0x04,0xFF,0xB8,0x85,0x00,0x01,0x9F,
    0xB8,0x84,0x00,0x1D,0x00,0x00,0x00,0x00,0x01,0x20,0xB7,0x87,0x00,0x01,0xDF,0xB8,
    0x86,0x00,0x05,0xFF,0xB8,0x85,0x00,0x01,0x9F,0xB8,0x84,0x00,0x1D,0x00,0x00,0x00,
    0x00,0x01,0xCF,0xB8,0x85,0x00,0x06,0xFF,0xB8,0x85,0x00,0x01,0x9F,0xB8,0x84,0x00,
    0x1C,0x00,0x00,0x00,0x00,0x01,0x60,0xB7,0x85,0x00,0x07,0xFF,0xB8,0x85,0x00,0x01,
    0x9F,0xB8,0x84,0x00,0x1C,0x00,0x00,0x00,0x00,0x01,0xDF,0xB8,0x86,0x00,0x07,0xFF,
    0xB8,0x85,0x00,0x01,0x9F,0xB8,0x84,0x00,0x1B,0x00,0x00,0x00,0x00,0x01,0x40,0xB7,
    0x83,0x00,0x08,0xFF,0xB8,0x85,0x00,0x01,0x9F,0xB8,0x84,0x00,0x1B,0x00,0x00,0x00,
    0x00,0x01,0x70,0xB8,0x84,0x00,0x08,0xFF,0xB8,0x85,0x00,0x01,0x9F,0xB8,0x84,0x00,
    0x1B,0x00,0x00,0x00,0x00,0x01,0x80,0xB7,0x83,0x00,0x08,0xFF,0xB8,0x85,0x00,0x01,
    0x9F,0xB8,0x84,0x00,0x07,0x00,0x00,0x00,0x00,0x01,0x10,0xAF,0x80,0x00,0x02,0x20,
    0xB7,0x80,0x00,0x11,0x00,0x00,0x00,0x00,0x01,0x80,0xB7,0x83,0x00,0x08,0xFF,0xB8,
    0x85,0x00,0x01,0x9F,0xB8,0x84,0x00,0x04,0x00,0x00,0x00,0x00,0x01,0x20,0xB7,0x87,
    0x00,0x01,0x90,0xB6,0x83,0x00,0x01,0xDF,0xB8,0x85,0x00,0x04,0xFF,0xB8,0x85,0x00,
    0x01,0xCF,0xB8,0x84,0x00,0x01,0x60,0xB7,0x82,0x00,0x0E,0x00,0x00,0x00,0x00,0x01,
    0x60,0xB7,0x85,0x00,0x08,0xFF,0xB8,0x85,0x00,0x01,0x9F,0xB8,0x84,0x00,0x03,0x00,
    0x00,0x00,0x00,0x01,0x70,0xB8,0x84,0x00,0x01,0xEF,0xB9,0x85,0x00,0x08,0xFF,0xB8,
    0x85,0x00,0x01,0xDF,0xB8,0x85,0x00,0x01,0x30,0xB5,0x85,0x00,0x0C,0x00,0x00,0x00,
    0x00,0x01,0x20,0xB7,0x87,0x00,0x08,0xFF,0xB8,0x85,0x00,0x01,0x9F,0xB8,0x84,0x00,
    0x02,0x00,0x00,0x00,0x00,0x01,0x7F,0xB9,0x85,0x00,0x0C,0xFF,0xB8,0x85,0x00,0x01,
    0x5F,0xB9,0x84,0x00,0x0C,0x00,0x00,0x00,0x00,0x01,0xBF,0xB8,0x86,0x00,0x07,0xFF,
    0xB8,0x85,0x00,0x01,0x9F,0xB8,0x84,0x00,0x01,0x00,0x00,0x00,0x00,0x01,0x7F,0xB9,
    0x85,0x00,0x0D,0xFF,0xB8,0x85,0x00,0x01,0xEF,0xB8,0x85,0x00,0x01,0x30,0xB5,0x85,
    0x00,0x0B,0x00,0x00,0x00,0x00,0x01,0x40,0xB7,0x83,0x00,0x07,0xFF,0xB8,0x85,0x00,
    0x01,0x9F,0xB8,0x84,0x00,0x01,0x20,0xB7,0x87,0x00,0x0F,0xFF,0xB8,0x85,0x00,0x01,
    0xCF,0xB8,0x85,0x00,0x0C,0x00,0x00,0x00,0x00,0x01,0x80,0xB7,0x85,0x00,0x06,0xFF,
    0xB8,0x85,0x00,0x01,0x9F,0xB8,0x84,0x00,0x01,0xA0,0xB7,0x84,0x00,0x10,0xFF,0xB8,
    0x85,0x00,0x01,0x40,0xB7,0x83,0x00,0x0C,0x00,0x00,0x00,0x00,0x01,0x80,0xB7,0x85,
    0x00,0x05,0xFF,0xB8,0x85,0x00,0x01,0x9F,0xB8,0x84,0x00,0x11,0xFF,0xB8,0x85,0x00,
    0x01,0xB0,0xB7,0x84,0x00,0x0D,0x00,0x00,0x00,0x00,0x01,0x70,0xB6,0x84,0x00,0x01,
    0xDF,0xB8,0x86,0x00,0x03,0xFF,0xB8,0x85,0x00,0x01,0xDF,0xB8,0x85,0x00,0x11,0xFF,
    0xB8,0x85,0x00,0x01,0xDF,0xB8,0x85,0x00,0x0E,0x00,0x00,0x00,0x00,0x01,0x20,0xB7,
    0x87,0x00,0x01,0x60,0xB7,0x85,0x00,0x01,0xC0,0xB7,0x85,0x00,0x02,0xEF,0xB9,0x85,
    0x00,0x12,0xFF,0xB8,0x85,0x00,0x01,0xA0,0xB7,0x84,0x00,0x13,0xFF,0xB8,0x85,0x00,
    0x01,0xCF,0xB8,0x84,0x00,0x01,0x9F,0xB8,0x85,0x00,0x01,0x20,0xB7,0x80,0x00,0x0E,
    0x00,0x00,0x00,0x00,0x01,0x90,0xB8,0x85,0x00,0x11,0xFF,0xB8,0x85,0x00,0x01,0xEF,
    0xB9,0x85,0x00,0x04,0xFF,0xB8,0x85,0x00,0x01,0x9F,0xB8,0x85,0x00,0x01,0x10,0xAF,
    0x80,0x00,0x0C,0x00,0x00,0x00,0x00,0x01,0x60,0xB7,0x85,0x00,0x11,0xFF,0xB8,0x85,
    0x00,0x01,0xAF,0xB8,0x85,0x00,0x05,0xFF,0xB8,0x85,0x00,0x01,0xDF,0xB8,0x85,0x00,
    0x01,0x20,0xB7,0x80,0x00,0x0B,0x00,0x00,0x00,0x00,0x01,0x10,0xBF,0x80,0x00,0x01,
    0xEF,0xB9,0x85,0x00,0x0F,0xFF,0xB8,0x85,0x00,0x01,0xDF,0xB8,0x85,0x00,0x01,0x70,
    0xB8,0x84,0x00,0x06,0xFF,0xB8,0x85,0x00,0x01,0xDF,0xB8,0x85,0x00,0x01,0x10,0xAF,
    0x80,0x00,0x0B,0x00,0x00,0x00,0x00,0x01,0x80,0xB7,0x83,0x00,0x0F,0xFF,0xB8,0x85,
    0x00,0x01,0x80,0xB7,0x85,0x00,0x01,0x60,0xB7,0x85,0x00,0x07,0xFF,0xB8,0x85,0x00,
    0x01,0x8F,0xB9,0x86,0x00,0x0B,0x00,0x00,0x00,0x00,0x01,0x10,0xBF,0x80,0x00,0x01,
    0xCF,0xB9,0x85,0x00,0x0D,0xFF,0xB8,0x85,0x00,0x01,0xDF,0xB8,0x85,0x00,0x01,0x00,
    0x00,0x00,0x00,0x01,0x60,0xB7,0x85,0x00,0x08,0xFF,0xB8,0x85,0x00,0x01,0x10,0xAF,
    0x80,0x00,0x0B,0x00,0x00,0x00,0x00,0x01,0x20,0xB7,0x87,0x00,0x01,0xDF,0xB8,0x86,
    0x00,0x0B,0xFF,0xB8,0x85,0x00,0x01,0xDF,0xB8,0x85,0x00,0x01,0x20,0xB7,0x80,0x00,
    0x01,0x00,0x00,0x00,0x00,0x01,0x60,0xB7,0x85,0x00,0x08,0xFF,0xB8,0x85,0x00,0x01,
    0x70,0xB6,0x84,0x00,0x0C,0x00,0x00,0x00,0x00,0x01,0x20,0xB7,0x87,0x00,0x01,0xA0,
    0xB7,0x84,0x00,0x09,0xFF,0xB8,0x85,0x00,0x01,0xC0,0xB7,0x85,0x00,0x01,0x10,0xAF,
    0x80,0x00,0x02,0x00,0x00,0x00,0x00,0x01,0x60,0xB7,0x85,0x00,0x08,0xFF,0xB8,0x85,
    0x00,0x01,0xB0,0xB7,0x84,0x00,0x0E,0x00,0x00,0x00,0x00,0x01,0x40,0xB7,0x83,0x00,
    0x01,0xB0,0xB8,0x85,0x00,0x01,0xEF,0xB9,0x85,0x00,0x03,0xFF,0xB8,0x85,0x00,0x01,
    0xEF,0xB9,0x85,0x00,0x01,0xC0,0xB7,0x85,0x00,0x01,0x40,0xB7,0x83,0x00,0x04,0x00,
    0x00,0x00,0x00,0x01,0x60,0xB7,0x85,0x00,0x08,0xFF,0xB8,0x85,0x00,0x01,0xCF,0xB9,
    0x85,0x00,0x11,0x00,0x00,0x00,0x00,0x03,0x20,0xB7,0x80,0x00,0x07,0x00,0x00,0x00,
    0x00,0x01,0x60,0xB7,0x85,0x00,0x08,0xFF,0xB8,0x85,0x00,0x01,0xCF,0xB9,0x85,0x00,
    0x1B,0x00,0x00,0x00,0x00,0x01,0x60,0xB7,0x85,0x00,0x08,0xFF,0xB8,0x85,0x00,0x01,
    0xC0,0xB7,0x85,0x00,0x1B,0x00,0x00,0x00,0x00,0x01,0x60,0xB7,0x85,0x00,0x08,0xFF,
    0xB8,0x85,0x00,0x01,0x90,0xB6,0x83,0x00,0x1B,0x00,0x00,0x00,0x00,0x01,0x60,0xB7,
    0x85,0x00,0x08,0xFF,0xB8,0x85,0x00,0x01,0x40,0xB7,0x83,0x00,0x1B,0x00,0x00,0x00,
    0x00,0x01,0x60,0xB7,0x85,0x00,0x07,0xFF,0xB8,0x85,0x00,0x01,0xC0,0xB7,0x85,0x00,
    0x1C,0x00,0x00,0x00,0x00,0x01,0x60,0xB7,0x85,0x00,0x06,0xFF,0xB8,0x85,0x00,0x01,
    0xEF,0xB9,0x85,0x00,0x01,0x20,0xB7,0x80,0x00,0x1C,0x00,0x00,0x00,0x00,0x01,0x60,
    0xB7,0x85,0x00,0x06,0xFF,0xB8,0x85,0x00,0x01,0x50,0xB6,0x83,0x00,0x1D,0x00,0x00,
    0x00,0x00,0x01,0x60,0xB7,0x85,0x00,0x04,0xFF,0xB8,0x85,0x00,0x01,0xDF,0xB8,0x85,
    0x00,0x01,0x40,0xB7,0x83,0x00,0x1E,0x00,0x00,0x00,0x00,0x01,0x60,0xB7,0x85,0x00,
    0x02,0xFF,0xB8,0x85,0x00,0x01,0xEF,0xB9,0x85,0x00,0x01,0x80,0xB7,0x85,0x00,0x01,
    0x10,0xAF,0x80,0x00,0x1F,0x00,0x00,0x00,0x00,0x01,0x20,0xB7,0x87,0x00,0x01,0x50,
    0xB9,0x83,0x00,0x01,0x20,0xB7,0x80,0x00,0x10,0x00,0x00,0x00,0x00,
};

leImage figmaImg_imgFan =
{
    {
        LE_STREAM_LOCATION_ID_INTERNAL, // data location id
        (void*)figmaImg_imgFan_data, // data variable pointer
        1197, // data size
    },
    LE_IMAGE_FORMAT_RLE,
    {
        LE_COLOR_MODE_RGBA_8888,
        {
            37,
            38
        },
        1406,
        1197,
        (void*)figmaImg_imgFan_data, // data variable pointer
        0, // flags
    },
    0, // image flags
    {
        0x0, // color mask
    },
    NULL, // alpha mask
    NULL, // palette
};

/*********************************
 * Legato Image Asset
 * Name:   figmaImg_imgCool
 * Size:   34x34 pixels
 * Mode:   RGBA_8888
 ***********************************/

const uint8_t figmaImg_imgCool_data[1992] =
{
    0x01,0x04,0x0F,0x00,0x00,0x00,0x00,0x01,0x40,0xB7,0x83,0x00,0x03,0x9F,0xB8,0x84,
    0x00,0x1E,0x00,0x00,0x00,0x00,0x01,0x60,0xB7,0x85,0x00,0x03,0xFF,0xB8,0x85,0x00,
    0x18,0x00,0x00,0x00,0x00,0x01,0x5F,0xB9,0x84,0x00,0x01,0xCF,0xB8,0x85,0x00,0x01,
    0x10,0xAF,0x80,0x00,0x03,0x00,0x00,0x00,0x00,0x01,0x60,0xB7,0x85,0x00,0x03,0xFF,
    0xB8,0x85,0x00,0x04,0x00,0x00,0x00,0x00,0x01,0x30,0xBA,0x85,0x00,0x01,0xCF,0xB8,
    0x84,0x00,0x01,0x20,0xB7,0x80,0x00,0x10,0x00,0x00,0x00,0x00,0x01,0x5F,0xB9,0x84,
    0x00,0x02,0xFF,0xB8,0x85,0x00,0x01,0xCF,0xB8,0x85,0x00,0x01,0x10,0xAF,0x80,0x00,
    0x02,0x00,0x00,0x00,0x00,0x01,0x60,0xB7,0x85,0x00,0x03,0xFF,0xB8,0x85,0x00,0x03,
    0x00,0x00,0x00,0x00,0x01,0x30,0xBA,0x85,0x00,0x01,0xEF,0xB9,0x85,0x00,0x01,0xFF,
    0xB8,0x85,0x00,0x01,0xDF,0xB8,0x85,0x00,0x01,0x20,0xB7,0x80,0x00,0x0F,0x00,0x00,
    0x00,0x00,0x01,0xCF,0xB9,0x85,0x00,0x03,0xFF,0xB8,0x85,0x00,0x01,0xCF,0xB8,0x85,
    0x00,0x01,0x20,0xB7,0x80,0x00,0x01,0x00,0x00,0x00,0x00,0x01,0x60,0xB7,0x85,0x00,
    0x03,0xFF,0xB8,0x85,0x00,0x02,0x00,0x00,0x00,0x00,0x01,0x30,0xBA,0x85,0x00,0x01,
    0xEF,0xB9,0x85,0x00,0x03,0xFF,0xB8,0x85,0x00,0x01,0x70,0xB6,0x84,0x00,0x0F,0x00,
    0x00,0x00,0x00,0x01,0x10,0xBF,0x80,0x00,0x01,0xCF,0xB9,0x85,0x00,0x03,0xFF,0xB8,
    0x85,0x00,0x01,0xDF,0xB8,0x85,0x00,0x01,0x20,0xB7,0x80,0x00,0x01,0x60,0xB7,0x85,
    0x00,0x03,0xFF,0xB8,0x85,0x00,0x01,0x00,0x00,0x00,0x00,0x01,0x30,0xBA,0x85,0x00,
    0x01,0xEF,0xB9,0x85,0x00,0x03,0xFF,0xB8,0x85,0x00,0x01,0x80,0xB7,0x85,0x00,0x11,
    0x00,0x00,0x00,0x00,0x01,0x10,0xBF,0x80,0x00,0x01,0xCF,0xB9,0x85,0x00,0x03,0xFF,
    0xB8,0x85,0x00,0x01,0xDF,0xB8,0x85,0x00,0x01,0x7F,0xB9,0x85,0x00,0x03,0xFF,0xB8,
    0x85,0x00,0x01,0x30,0xBA,0x85,0x00,0x01,0xEF,0xB9,0x85,0x00,0x03,0xFF,0xB8,0x85,
    0x00,0x01,0x80,0xB7,0x85,0x00,0x0D,0x00,0x00,0x00,0x00,0x01,0x30,0xB5,0x85,0x00,
    0x05,0x00,0x00,0x00,0x00,0x01,0x10,0xBF,0x80,0x00,0x01,0xCF,0xB9,0x85,0x00,0x07,
    0xFF,0xB8,0x85,0x00,0x01,0xEF,0xB9,0x85,0x00,0x03,0xFF,0xB8,0x85,0x00,0x01,0x80,
    0xB7,0x85,0x00,0x05,0x00,0x00,0x00,0x00,0x01,0x10,0xAF,0x80,0x00,0x01,0x20,0xB7,
    0x80,0x00,0x06,0x00,0x00,0x00,0x00,0x01,0x5F,0xB9,0x84,0x00,0x01,0xFF,0xB8,0x85,
    0x00,0x01,0x7F,0xB9,0x85,0x00,0x05,0x00,0x00,0x00,0x00,0x01,0x10,0xBF,0x80,0x00,
    0x01,0xCF,0xB9,0x85,0x00,0x09,0xFF,0xB8,0x85,0x00,0x01,0x80,0xB7,0x85,0x00,0x05,
    0x00,0x00,0x00,0x00,0x01,0x10,0xAF,0x80,0x00,0x01,0xCF,0xB8,0x85,0x00,0x01,0xDF,
    0xB8,0x85,0x00,0x01,0x20,0xB7,0x80,0x00,0x04,0x00,0x00,0x00,0x00,0x01,0x5F,0xB9,
    0x84,0x00,0x03,0xFF,0xB8,0x85,0x00,0x01,0x7F,0xB9,0x85,0x00,0x05,0x00,0x00,0x00,
    0x00,0x01,0x10,0xBF,0x80,0x00,0x01,0xCF,0xB9,0x85,0x00,0x07,0xFF,0xB8,0x85,0x00,
    0x01,0x80,0xB7,0x85,0x00,0x05,0x00,0x00,0x00,0x00,0x01,0x10,0xAF,0x80,0x00,0x01,
    0xCF,0xB8,0x85,0x00,0x02,0xFF,0xB8,0x85,0x00,0x01,0xDF,0xB8,0x85,0x00,0x01,0x20,
    0xB7,0x80,0x00,0x03,0x00,0x00,0x00,0x00,0x01,0x30,0xBA,0x85,0x00,0x01,0xEF,0xB9,
    0x85,0x00,0x03,0xFF,0xB8,0x85,0x00,0x01,0x7F,0xB9,0x85,0x00,0x05,0x00,0x00,0x00,
    0x00,0x01,0x10,0xBF,0x80,0x00,0x01,0xCF,0xB9,0x85,0x00,0x05,0xFF,0xB8,0x85,0x00,
    0x01,0x80,0xB7,0x85,0x00,0x05,0x00,0x00,0x00,0x00,0x01,0x10,0xAF,0x80,0x00,0x01,
    0xCF,0xB8,0x85,0x00,0x03,0xFF,0xB8,0x85,0x00,0x01,0xCF,0xB8,0x85,0x00,0x01,0x10,
    0xAF,0x80,0x00,0x04,0x00,0x00,0x00,0x00,0x01,0x30,0xBA,0x85,0x00,0x01,0xEF,0xB9,
    0x85,0x00,0x03,0xFF,0xB8,0x85,0x00,0x01,0x7F,0xB9,0x85,0x00,0x05,0x00,0x00,0x00,
    0x00,0x01,0x10,0xBF,0x80,0x00,0x01,0xCF,0xB9,0x85,0x00,0x03,0xFF,0xB8,0x85,0x00,
    0x01,0x80,0xB7,0x85,0x00,0x05,0x00,0x00,0x00,0x00,0x01,0x10,0xAF,0x80,0x00,0x01,
    0xCF,0xB8,0x85,0x00,0x03,0xFF,0xB8,0x85,0x00,0x01,0xCF,0xB8,0x85,0x00,0x01,0x10,
    0xAF,0x80,0x00,0x06,0x00,0x00,0x00,0x00,0x01,0x30,0xBA,0x85,0x00,0x01,0xEF,0xB9,
    0x85,0x00,0x03,0xFF,0xB8,0x85,0x00,0x01,0x7F,0xB9,0x85,0x00,0x05,0x00,0x00,0x00,
    0x00,0x01,0x60,0xB7,0x85,0x00,0x03,0xFF,0xB8,0x85,0x00,0x05,0x00,0x00,0x00,0x00,
    0x01,0x10,0xAF,0x80,0x00,0x01,0xCF,0xB8,0x85,0x00,0x03,0xFF,0xB8,0x85,0x00,0x01,
    0xDF,0xB8,0x85,0x00,0x01,0x10,0xAF,0x80,0x00,0x08,0x00,0x00,0x00,0x00,0x01,0x30,
    0xBA,0x85,0x00,0x01,0xEF,0xB9,0x85,0x00,0x03,0xFF,0xB8,0x85,0x00,0x01,0x7F,0xB9,
    0x85,0x00,0x04,0x00,0x00,0x00,0x00,0x01,0x60,0xB7,0x85,0x00,0x03,0xFF,0xB8,0x85,
    0x00,0x04,0x00,0x00,0x00,0x00,0x01,0x10,0xAF,0x80,0x00,0x01,0xCF,0xB8,0x85,0x00,
    0x03,0xFF,0xB8,0x85,0x00,0x01,0xDF,0xB8,0x85,0x00,0x01,0x20,0xB7,0x80,0x00,0x0A,
    0x00,0x00,0x00,0x00,0x01,0x30,0xBA,0x85,0x00,0x01,0xEF,0xB9,0x85,0x00,0x03,0xFF,
    0xB8,0x85,0x00,0x01,0x7F,0xB9,0x85,0x00,0x03,0x00,0x00,0x00,0x00,0x01,0x60,0xB7,
    0x85,0x00,0x03,0xFF,0xB8,0x85,0x00,0x03,0x00,0x00,0x00,0x00,0x01,0x10,0xAF,0x80,
    0x00,0x01,0xCF,0xB8,0x85,0x00,0x03,0xFF,0xB8,0x85,0x00,0x01,0xDF,0xB8,0x85,0x00,
    0x01,0x20,0xB7,0x80,0x00,0x05,0x00,0x00,0x00,0x00,0x01,0x40,0xB7,0x83,0x00,0x06,
    0x9F,0xB8,0x84,0x00,0x01,0xBF,0xB8,0x84,0x00,0x04,0xFF,0xB8,0x85,0x00,0x01,0xAF,
    0xB8,0x85,0x00,0x02,0x9F,0xB8,0x84,0x00,0x01,0xBF,0xB8,0x84,0x00,0x03,0xFF,0xB8,
    0x85,0x00,0x03,0x9F,0xB8,0x84,0x00,0x01,0xCF,0xB8,0x85,0x00,0x04,0xFF,0xB8,0x85,
    0x00,0x01,0xBF,0xB8,0x86,0x00,0x06,0x9F,0xB8,0x84,0x00,0x01,0x60,0xB7,0x85,0x00,
    0x21,0xFF,0xB8,0x85,0x00,0x01,0x60,0xB7,0x85,0x00,0x21,0xFF,0xB8,0x85,0x00,0x01,
    0x40,0xB7,0x83,0x00,0x06,0xA0,0xB7,0x84,0x00,0x01,0xCF,0xB8,0x85,0x00,0x04,0xFF,
    0xB8,0x85,0x00,0x01,0xB0,0xB7,0x84,0x00,0x02,0xA0,0xB7,0x84,0x00,0x01,0xBF,0xB8,
    0x86,0x00,0x03,0xFF,0xB8,0x85,0x00,0x03,0xA0,0xB7,0x84,0x00,0x01,0xDF,0xB8,0x86,
    0x00,0x04,0xFF,0xB8,0x85,0x00,0x01,0xBF,0xB8,0x86,0x00,0x06,0xA0,0xB7,0x84,0x00,
    0x06,0x00,0x00,0x00,0x00,0x01,0x30,0xBA,0x85,0x00,0x01,0xEF,0xB9,0x85,0x00,0x03,
    0xFF,0xB8,0x85,0x00,0x01,0x80,0xB7,0x85,0x00,0x03,0x00,0x00,0x00,0x00,0x01,0x60,
    0xB7,0x85,0x00,0x03,0xFF,0xB8,0x85,0x00,0x03,0x00,0x00,0x00,0x00,0x01,0x10,0xBF,
    0x80,0x00,0x01,0xCF,0xB9,0x85,0x00,0x03,0xFF,0xB8,0x85,0x00,0x01,0xDF,0xB8,0x85,
    0x00,0x01,0x20,0xB7,0x80,0x00,0x0A,0x00,0x00,0x00,0x00,0x01,0x30,0xBA,0x85,0x00,
    0x01,0xEF,0xB9,0x85,0x00,0x03,0xFF,0xB8,0x85,0x00,0x01,0x80,0xB7,0x85,0x00,0x04,
    0x00,0x00,0x00,0x00,0x01,0x60,0xB7,0x85,0x00,0x03,0xFF,0xB8,0x85,0x00,0x04,0x00,
    0x00,0x00,0x00,0x01,0x10,0xBF,0x80,0x00,0x01,0xCF,0xB9,0x85,0x00,0x03,0xFF,0xB8,
    0x85,0x00,0x01,0xDF,0xB8,0x85,0x00,0x01,0x20,0xB7,0x80,0x00,0x08,0x00,0x00,0x00,
    0x00,0x01,0x30,0xBA,0x85,0x00,0x01,0xEF,0xB9,0x85,0x00,0x03,0xFF,0xB8,0x85,0x00,
    0x01,0x80,0xB7,0x85,0x00,0x05,0x00,0x00,0x00,0x00,0x01,0x60,0xB7,0x85,0x00,0x03,
    0xFF,0xB8,0x85,0x00,0x05,0x00,0x00,0x00,0x00,0x01,0x10,0xBF,0x80,0x00,0x01,0xCF,
    0xB9,0x85,0x00,0x03,0xFF,0xB8,0x85,0x00,0x01,0xCF,0xB8,0x85,0x00,0x01,0x10,0xAF,
    0x80,0x00,0x06,0x00,0x00,0x00,0x00,0x01,0x30,0xBA,0x85,0x00,0x01,0xEF,0xB9,0x85,
    0x00,0x03,0xFF,0xB8,0x85,0x00,0x01,0x80,0xB7,0x85,0x00,0x05,0x00,0x00,0x00,0x00,
    0x01,0x10,0xAF,0x80,0x00,0x01,0xCF,0xB8,0x85,0x00,0x03,0xFF,0xB8,0x85,0x00,0x01,
    0x7F,0xB9,0x85,0x00,0x05,0x00,0x00,0x00,0x00,0x01,0x10,0xBF,0x80,0x00,0x01,0xCF,
    0xB9,0x85,0x00,0x03,0xFF,0xB8,0x85,0x00,0x01,0xCF,0xB8,0x85,0x00,0x01,0x10,0xAF,
    0x80,0x00,0x04,0x00,0x00,0x00,0x00,0x01,0x30,0xBA,0x85,0x00,0x01,0xEF,0xB9,0x85,
    0x00,0x03,0xFF,0xB8,0x85,0x00,0x01,0x80,0xB7,0x85,0x00,0x05,0x00,0x00,0x00,0x00,
    0x01,0x10,0xAF,0x80,0x00,0x01,0xCF,0xB8,0x85,0x00,0x05,0xFF,0xB8,0x85,0x00,0x01,
    0x7F,0xB9,0x85,0x00,0x05,0x00,0x00,0x00,0x00,0x01,0x10,0xBF,0x80,0x00,0x01,0xCF,
    0xB9,0x85,0x00,0x03,0xFF,0xB8,0x85,0x00,0x01,0xCF,0xB8,0x85,0x00,0x01,0x10,0xAF,
    0x80,0x00,0x03,0x00,0x00,0x00,0x00,0x01,0x60,0xB7,0x85,0x00,0x03,0xFF,0xB8,0x85,
    0x00,0x01,0x80,0xB7,0x85,0x00,0x05,0x00,0x00,0x00,0x00,0x01,0x10,0xAF,0x80,0x00,
    0x01,0xCF,0xB8,0x85,0x00,0x07,0xFF,0xB8,0x85,0x00,0x01,0x7F,0xB9,0x85,0x00,0x05,
    0x00,0x00,0x00,0x00,0x01,0x10,0xBF,0x80,0x00,0x01,0xCF,0xB9,0x85,0x00,0x02,0xFF,
    0xB8,0x85,0x00,0x01,0xDF,0xB8,0x85,0x00,0x01,0x20,0xB7,0x80,0x00,0x04,0x00,0x00,
    0x00,0x00,0x01,0x60,0xB7,0x85,0x00,0x01,0xFF,0xB8,0x85,0x00,0x01,0x80,0xB7,0x85,
    0x00,0x05,0x00,0x00,0x00,0x00,0x01,0x10,0xAF,0x80,0x00,0x01,0xCF,0xB8,0x85,0x00,
    0x09,0xFF,0xB8,0x85,0x00,0x01,0x7F,0xB9,0x85,0x00,0x05,0x00,0x00,0x00,0x00,0x01,
    0x10,0xBF,0x80,0x00,0x01,0xCF,0xB9,0x85,0x00,0x01,0xDF,0xB8,0x85,0x00,0x01,0x20,
    0xB7,0x80,0x00,0x06,0x00,0x00,0x00,0x00,0x01,0x30,0xBA,0x85,0x00,0x05,0x00,0x00,
    0x00,0x00,0x01,0x10,0xAF,0x80,0x00,0x01,0xCF,0xB8,0x85,0x00,0x07,0xFF,0xB8,0x85,
    0x00,0x01,0xEF,0xB9,0x85,0x00,0x03,0xFF,0xB8,0x85,0x00,0x01,0x7F,0xB9,0x85,0x00,
    0x05,0x00,0x00,0x00,0x00,0x01,0x10,0xBF,0x80,0x00,0x01,0x20,0xB7,0x80,0x00,0x0C,
    0x00,0x00,0x00,0x00,0x01,0x10,0xAF,0x80,0x00,0x01,0xCF,0xB8,0x85,0x00,0x03,0xFF,
    0xB8,0x85,0x00,0x01,0xDF,0xB8,0x85,0x00,0x01,0x80,0xB7,0x83,0x00,0x03,0xFF,0xB8,
    0x85,0x00,0x01,0x30,0xBA,0x85,0x00,0x01,0xEF,0xB9,0x85,0x00,0x03,0xFF,0xB8,0x85,
    0x00,0x01,0x7F,0xB9,0x85,0x00,0x11,0x00,0x00,0x00,0x00,0x01,0x10,0xAF,0x80,0x00,
    0x01,0xCF,0xB8,0x85,0x00,0x03,0xFF,0xB8,0x85,0x00,0x01,0xDF,0xB8,0x85,0x00,0x01,
    0x20,0xB7,0x80,0x00,0x01,0x60,0xB7,0x85,0x00,0x03,0xFF,0xB8,0x85,0x00,0x01,0x00,
    0x00,0x00,0x00,0x01,0x30,0xBA,0x85,0x00,0x01,0xEF,0xB9,0x85,0x00,0x03,0xFF,0xB8,
    0x85,0x00,0x01,0x7F,0xB9,0x85,0x00,0x10,0x00,0x00,0x00,0x00,0x01,0xCF,0xB8,0x85,
    0x00,0x03,0xFF,0xB8,0x85,0x00,0x01,0xCF,0xB8,0x85,0x00,0x01,0x20,0xB7,0x80,0x00,
    0x01,0x00,0x00,0x00,0x00,0x01,0x60,0xB7,0x85,0x00,0x03,0xFF,0xB8,0x85,0x00,0x02,
    0x00,0x00,0x00,0x00,0x01,0x30,0xBA,0x85,0x00,0x01,0xEF,0xB9,0x85,0x00,0x03,0xFF,
    0xB8,0x85,0x00,0x01,0x70,0xB6,0x84,0x00,0x0F,0x00,0x00,0x00,0x00,0x01,0x60,0xB7,
    0x85,0x00,0x02,0xFF,0xB8,0x85,0x00,0x01,0xCF,0xB8,0x85,0x00,0x01,0x10,0xAF,0x80,
    0x00,0x02,0x00,0x00,0x00,0x00,0x01,0x60,0xB7,0x85,0x00,0x03,0xFF,0xB8,0x85,0x00,
    0x03,0x00,0x00,0x00,0x00,0x01,0x30,0xBA,0x85,0x00,0x01,0xEF,0xB9,0x85,0x00,0x01,
    0xFF,0xB8,0x85,0x00,0x01,0xDF,0xB8,0x85,0x00,0x01,0x20,0xB7,0x80,0x00,0x10,0x00,
    0x00,0x00,0x00,0x01,0x60,0xB7,0x85,0x00,0x01,0xCF,0xB8,0x85,0x00,0x01,0x10,0xAF,
    0x80,0x00,0x03,0x00,0x00,0x00,0x00,0x01,0x60,0xB7,0x85,0x00,0x03,0xFF,0xB8,0x85,
    0x00,0x04,0x00,0x00,0x00,0x00,0x01,0x30,0xBA,0x85,0x00,0x01,0xCF,0xB8,0x85,0x00,
    0x01,0x20,0xB7,0x80,0x00,0x17,0x00,0x00,0x00,0x00,0x01,0x60,0xB7,0x85,0x00,0x03,
    0xFF,0xB8,0x85,0x00,0x1E,0x00,0x00,0x00,0x00,0x01,0x40,0xB7,0x83,0x00,0x03,0xA0,
    0xB7,0x84,0x00,0x0F,0x00,0x00,0x00,0x00,
};

leImage figmaImg_imgCool =
{
    {
        LE_STREAM_LOCATION_ID_INTERNAL, // data location id
        (void*)figmaImg_imgCool_data, // data variable pointer
        1992, // data size
    },
    LE_IMAGE_FORMAT_RLE,
    {
        LE_COLOR_MODE_RGBA_8888,
        {
            34,
            34
        },
        1156,
        1992,
        (void*)figmaImg_imgCool_data, // data variable pointer
        0, // flags
    },
    0, // image flags
    {
        0x0, // color mask
    },
    NULL, // alpha mask
    NULL, // palette
};

/*********************************
 * Legato Image Asset
 * Name:   figmaImg_imgSettingsSelect
 * Size:   160x134 pixels
 * Mode:   RGBA_8888
 ***********************************/

const uint8_t figmaImg_imgSettingsSelect_data[3717] =
{
    0x01,0x04,0x81,0x60,0xB7,0x85,0x00,0x02,0x40,0xB7,0x83,0x00,0x01,0x30,0xB5,0x85,
    0x00,0x1C,0x00,0x00,0x00,0x00,0x85,0xFF,0xB8,0x85,0x00,0x01,0xCF,0xB8,0x84,0x00,
    0x01,0xAF,0xB8,0x85,0x00,0x01,0x70,0xB8,0x84,0x00,0x01,0x30,0xB5,0x85,0x00,0x17,
    0x00,0x00,0x00,0x00,0x81,0xFF,0xD2,0xB2,0x60,0x02,0xFF,0xC9,0xA3,0x40,0x01,0xFF,
    0xC0,0x94,0x20,0x05,0xFF,0xB8,0x85,0x00,0x01,0xDF,0xB8,0x85,0x00,0x01,0x9F,0xB8,
    0x85,0x00,0x01,0x30,0xB5,0x85,0x00,0x14,0x00,0x00,0x00,0x00,0x85,0xFF,0xFF,0xFF,
    0xFF,0x01,0xFF,0xF1,0xE7,0xCF,0x01,0xFF,0xE4,0xD1,0x9F,0x01,0xFF,0xD2,0xB2,0x60,
    0x01,0xFF,0xC1,0x94,0x20,0x03,0xFF,0xB8,0x85,0x00,0x01,0xCF,0xB8,0x84,0x00,0x01,
    0x60,0xB7,0x82,0x00,0x12,0x00,0x00,0x00,0x00,0x89,0xFF,0xFF,0xFF,0xFF,0x01,0xFF,
    0xF1,0xE7,0xCF,0x01,0xFF,0xD2,0xB2,0x60,0x01,0xFF,0xC1,0x94,0x20,0x02,0xFF,0xB8,
    0x85,0x00,0x01,0xDF,0xB8,0x85,0x00,0x01,0x60,0xB7,0x82,0x00,0x10,0x00,0x00,0x00,
    0x00,0x8C,0xFF,0xFF,0xFF,0xFF,0x01,0xFF,0xE4,0xD1,0x9F,0x01,0xFF,0xC1,0x94,0x20,
    0x02,0xFF,0xB8,0x85,0x00,0x01,0xCF,0xB9,0x85,0x00,0x01,0x20,0xB7,0x80,0x00,0x0E,
    0x00,0x00,0x00,0x00,0x8E,0xFF,0xFF,0xFF,0xFF,0x01,0xFF,0xE4,0xD1,0x9F,0x01,0xFF,
    0xC1,0x94,0x20,0x02,0xFF,0xB8,0x85,0x00,0x01,0x7F,0xB9,0x85,0x00,0x0D,0x00,0x00,
    0x00,0x00,0x8F,0xFF,0xFF,0xFF,0xFF,0x01,0xFF,0xF6,0xEF,0xDF,0x01,0xFF,0xD2,0xB2,
    0x60,0x02,0xFF,0xB8,0x85,0x00,0x01,0xAF,0xB8,0x85,0x00,0x01,0x10,0xAF,0x80,0x00,
    0x0B,0x00,0x00,0x00,0x00,0x91,0xFF,0xFF,0xFF,0xFF,0x01,0xFF,0xE4,0xD1,0x9F,0x01,
    0xFF,0xC1,0x94,0x20,0x01,0xFF,0xB8,0x85,0x00,0x01,0xDF,0xB8,0x85,0x00,0x01,0x20,
    0xB7,0x80,0x00,0x0A,0x00,0x00,0x00,0x00,0x92,0xFF,0xFF,0xFF,0xFF,0x01,0xFF,0xF6,
    0xEF,0xDF,0x01,0xFF,0xC1,0x94,0x20,0x01,0xFF,0xB8,0x85,0x00,0x01,0xDF,0xB8,0x85,
    0x00,0x01,0x20,0xB7,0x80,0x00,0x09,0x00,0x00,0x00,0x00,0x93,0xFF,0xFF,0xFF,0xFF,
    0x01,0xFF,0xFA,0xF7,0xEF,0x01,0xFF,0xC5,0x9B,0x30,0x01,0xFF,0xB8,0x85,0x00,0x01,
    0xDF,0xB8,0x85,0x00,0x01,0x20,0xB7,0x80,0x00,0x08,0x00,0x00,0x00,0x00,0x95,0xFF,
    0xFF,0xFF,0xFF,0x01,0xFF,0xD3,0xB2,0x5F,0x01,0xFF,0xB8,0x85,0x00,0x01,0xDF,0xB8,
    0x85,0x00,0x01,0x20,0xB7,0x80,0x00,0x07,0x00,0x00,0x00,0x00,0x95,0xFF,0xFF,0xFF,
    0xFF,0x01,0xFF,0xFA,0xF7,0xEF,0x01,0xFF,0xC5,0x9B,0x30,0x01,0xFF,0xB8,0x85,0x00,
    0x01,0xCF,0xB8,0x85,0x00,0x01,0x10,0xAF,0x80,0x00,0x06,0x00,0x00,0x00,0x00,0x96,
    0xFF,0xFF,0xFF,0xFF,0x01,0xFF,0xFA,0xF7,0xEF,0x01,0xFF,0xC1,0x94,0x20,0x01,0xFF,
    0xB8,0x85,0x00,0x01,0x8F,0xB9,0x86,0x00,0x06,0x00,0x00,0x00,0x00,0x97,0xFF,0xFF,
    0xFF,0xFF,0x01,0xFF,0xF6,0xEF,0xDF,0x01,0xFF,0xBC,0x8C,0x10,0x01,0xFF,0xB8,0x85,
    0x00,0x01,0x50,0xB6,0x83,0x00,0x05,0x00,0x00,0x00,0x00,0x98,0xFF,0xFF,0xFF,0xFF,
    0x01,0xFF,0xE0,0xC9,0x8F,0x01,0xFF,0xB8,0x85,0x00,0x01,0xEF,0xB8,0x85,0x00,0x01,
    0x10,0xAF,0x80,0x00,0x04,0x00,0x00,0x00,0x00,0x99,0xFF,0xFF,0xFF,0xFF,0x01,0xFF,
    0xCA,0xA3,0x40,0x01,0xFF,0xB8,0x85,0x00,0x01,0x8F,0xB9,0x86,0x00,0x04,0x00,0x00,
    0x00,0x00,0x99,0xFF,0xFF,0xFF,0xFF,0x01,0xFF,0xF6,0xEF,0xDF,0x01,0xFF,0xBC,0x8C,
    0x10,0x01,0xFF,0xB8,0x85,0x00,0x01,0x40,0xB7,0x83,0x00,0x03,0x00,0x00,0x00,0x00,
    0x9A,0xFF,0xFF,0xFF,0xFF,0x01,0xFF,0xDB,0xC2,0x80,0x01,0xFF,0xB8,0x85,0x00,0x01,
    0xBF,0xB8,0x86,0x00,0x03,0x00,0x00,0x00,0x00,0x9A,0xFF,0xFF,0xFF,0xFF,0x01,0xFF,
    0xFA,0xF7,0xEF,0x01,0xFF,0xBC,0x8C,0x10,0x01,0xFF,0xB8,0x85,0x00,0x01,0x40,0xB7,
    0x83,0x00,0x02,0x00,0x00,0x00,0x00,0x9B,0xFF,0xFF,0xFF,0xFF,0x01,0xFF,0xDB,0xC2,
    0x80,0x01,0xFF,0xB8,0x85,0x00,0x01,0x90,0xB6,0x83,0x00,0x02,0x00,0x00,0x00,0x00,
    0x9B,0xFF,0xFF,0xFF,0xFF,0x01,0xFF,0xF1,0xE7,0xCF,0x01,0xFF,0xB8,0x85,0x00,0x01,
    0xEF,0xB8,0x85,0x00,0x01,0x10,0xAF,0x80,0x00,0x01,0x00,0x00,0x00,0x00,0x9C,0xFF,
    0xFF,0xFF,0xFF,0x01,0xFF,0xCA,0xA3,0x40,0x01,0xFF,0xB8,0x85,0x00,0x01,0x60,0xB7,
    0x82,0x00,0x01,0x00,0x00,0x00,0x00,0x9C,0xFF,0xFF,0xFF,0xFF,0x01,0xFF,0xDF,0xC9,
    0x90,0x01,0xFF,0xB8,0x85,0x00,0x01,0x9F,0xB8,0x84,0x00,0x01,0x00,0x00,0x00,0x00,
    0x9C,0xFF,0xFF,0xFF,0xFF,0x01,0xFF,0xF6,0xF0,0xDF,0x01,0xFF,0xB8,0x85,0x00,0x01,
    0xEF,0xB8,0x85,0x00,0x01,0x00,0x00,0x00,0x00,0x9D,0xFF,0xFF,0xFF,0xFF,0x01,0xFF,
    0xC1,0x94,0x20,0x01,0xFF,0xB8,0x85,0x00,0x01,0x30,0xB5,0x85,0x00,0x9D,0xFF,0xFF,
    0xFF,0xFF,0x01,0xFF,0xD2,0xB3,0x60,0x01,0xFF,0xB8,0x85,0x00,0x01,0x70,0xB6,0x84,
    0x00,0x9D,0xFF,0xFF,0xFF,0xFF,0x01,0xFF,0xDF,0xC9,0x90,0x01,0xFF,0xB8,0x85,0x00,
    0x01,0x90,0xB6,0x83,0x00,0x9D,0xFF,0xFF,0xFF,0xFF,0x01,0xFF,0xE8,0xD8,0xB0,0x01,
    0xFF,0xB8,0x85,0x00,0x01,0xB0,0xB7,0x84,0x00,0x9D,0xFF,0xFF,0xFF,0xFF,0x01,0xFF,
    0xF6,0xF0,0xDF,0x01,0xFF,0xB8,0x85,0x00,0x01,0xDF,0xB8,0x85,0x00,0x9D,0xFF,0xFF,
    0xFF,0xFF,0x01,0xFF,0xF6,0xF0,0xDF,0x01,0xFF,0xB8,0x85,0x00,0x01,0xEF,0xB8,0x85,
    0x00,0x9E,0xFF,0xFF,0xFF,0xFF,0x02,0xFF,0xB8,0x85,0x00,0x9E,0xFF,0xFF,0xFF,0xFF,
    0x02,0xFF,0xB8,0x85,0x00,0x9E,0xFF,0xFF,0xFF,0xFF,0x02,0xFF,0xB8,0x85,0x00,0x9E,
    0xFF,0xFF,0xFF,0xFF,0x02,0xFF,0xB8,0x85,0x00,0x9E,0xFF,0xFF,0xFF,0xFF,0x02,0xFF,
    0xB8,0x85,0x00,0x9E,0xFF,0xFF,0xFF,0xFF,0x02,0xFF,0xB8,0x85,0x00,0x9E,0xFF,0xFF,
    0xFF,0xFF,0x02,0xFF,0xB8,0x85,0x00,0x9E,0xFF,0xFF,0xFF,0xFF,0x02,0xFF,0xB8,0x85,
    0x00,0x9E,0xFF,0xFF,0xFF,0xFF,0x02,0xFF,0xB8,0x85,0x00,0x9E,0xFF,0xFF,0xFF,0xFF,
    0x02,0xFF,0xB8,0x85,0x00,0x9E,0xFF,0xFF,0xFF,0xFF,0x02,0xFF,0xB8,0x85,0x00,0x9E,
    0xFF,0xFF,0xFF,0xFF,0x02,0xFF,0xB8,0x85,0x00,0x9E,0xFF,0xFF,0xFF,0xFF,0x02,0xFF,
    0xB8,0x85,0x00,0x9E,0xFF,0xFF,0xFF,0xFF,0x02,0xFF,0xB8,0x85,0x00,0x9E,0xFF,0xFF,
    0xFF,0xFF,0x02,0xFF,0xB8,0x85,0x00,0x9E,0xFF,0xFF,0xFF,0xFF,0x02,0xFF,0xB8,0x85,
    0x00,0x9E,0xFF,0xFF,0xFF,0xFF,0x02,0xFF,0xB8,0x85,0x00,0x9E,0xFF,0xFF,0xFF,0xFF,
    0x02,0xFF,0xB8,0x85,0x00,0x9E,0xFF,0xFF,0xFF,0xFF,0x02,0xFF,0xB8,0x85,0x00,0x9E,
    0xFF,0xFF,0xFF,0xFF,0x02,0xFF,0xB8,0x85,0x00,0x4B,0xFF,0xFF,0xFF,0xFF,0x01,0xFF,
    0xD7,0xBB,0x70,0x08,0xFF,0xD3,0xB3,0x60,0x01,0xFF,0xED,0xE0,0xBF,0x49,0xFF,0xFF,
    0xFF,0xFF,0x02,0xFF,0xB8,0x85,0x00,0x4B,0xFF,0xFF,0xFF,0xFF,0x09,0xFF,0xB8,0x85,
    0x00,0x01,0xFF,0xDB,0xC2,0x80,0x49,0xFF,0xFF,0xFF,0xFF,0x02,0xFF,0xB8,0x85,0x00,
    0x4A,0xFF,0xFF,0xFF,0xFF,0x01,0xFF,0xF6,0xF0,0xDF,0x09,0xFF,0xB8,0x85,0x00,0x01,
    0xFF,0xD2,0xB3,0x60,0x49,0xFF,0xFF,0xFF,0xFF,0x02,0xFF,0xB8,0x85,0x00,0x4A,0xFF,
    0xFF,0xFF,0xFF,0x01,0xFF,0xED,0xE1,0xC0,0x09,0xFF,0xB8,0x85,0x00,0x01,0xFF,0xCE,
    0xAB,0x50,0x49,0xFF,0xFF,0xFF,0xFF,0x02,0xFF,0xB8,0x85,0x00,0x43,0xFF,0xFF,0xFF,
    0xFF,0x01,0xFF,0xF6,0xF0,0xDF,0x06,0xFF,0xFF,0xFF,0xFF,0x01,0xFF,0xE8,0xD8,0xB0,
    0x09,0xFF,0xB8,0x85,0x00,0x01,0xFF,0xC1,0x94,0x20,0x06,0xFF,0xFF,0xFF,0xFF,0x01,
    0xFF,0xFB,0xF8,0xEF,0x42,0xFF,0xFF,0xFF,0xFF,0x02,0xFF,0xB8,0x85,0x00,0x43,0xFF,
    0xFF,0xFF,0xFF,0x02,0xFF,0xC1,0x94,0x20,0x01,0xFF,0xE0,0xCA,0x90,0x01,0xFF,0xF6,
    0xF0,0xDF,0x03,0xFF,0xFF,0xFF,0xFF,0x01,0xFF,0xD7,0xBB,0x70,0x0A,0xFF,0xB8,0x85,
    0x00,0x01,0xFF,0xF6,0xF0,0xDF,0x03,0xFF,0xFF,0xFF,0xFF,0x01,0xFF,0xED,0xE1,0xC0,
    0x01,0xFF,0xCA,0xA4,0x40,0x01,0xFF,0xB8,0x85,0x00,0x01,0xFF,0xE4,0xD1,0xA0,0x41,
    0xFF,0xFF,0xFF,0xFF,0x02,0xFF,0xB8,0x85,0x00,0x42,0xFF,0xFF,0xFF,0xFF,0x01,0xFF,
    0xE0,0xC9,0x90,0x04,0xFF,0xB8,0x85,0x00,0x01,0xFF,0xD3,0xB3,0x60,0x01,0xFF,0xE9,
    0xD9,0xB0,0x01,0xFF,0xC6,0x9C,0x30,0x0C,0xFF,0xB8,0x85,0x00,0x02,0xFF,0xDC,0xC2,
    0x80,0x01,0xFF,0xC5,0x9C,0x30,0x03,0xFF,0xB8,0x85,0x00,0x01,0xFF,0xBD,0x8D,0x10,
    0x01,0xFF,0xFB,0xF8,0xEF,0x40,0xFF,0xFF,0xFF,0xFF,0x02,0xFF,0xB8,0x85,0x00,0x41,
    0xFF,0xFF,0xFF,0xFF,0x01,0xFF,0xF6,0xF0,0xDF,0x01,0xFF,0xC1,0x94,0x20,0x1A,0xFF,
    0xB8,0x85,0x00,0x01,0xFF,0xDB,0xC2,0x80,0x40,0xFF,0xFF,0xFF,0xFF,0x02,0xFF,0xB8,
    0x85,0x00,0x41,0xFF,0xFF,0xFF,0xFF,0x01,0xFF,0xD3,0xB3,0x60,0x1B,0xFF,0xB8,0x85,
    0x00,0x01,0xFF,0xBD,0x8D,0x10,0x01,0xFF,0xF6,0xF0,0xDF,0x3F,0xFF,0xFF,0xFF,0xFF,
    0x02,0xFF,0xB8,0x85,0x00,0x40,0xFF,0xFF,0xFF,0xFF,0x01,0xFF,0xF6,0xF0,0xDF,0x1D,
    0xFF,0xB8,0x85,0x00,0x01,0xFF,0xCA,0xA3,0x40,0x3F,0xFF,0xFF,0xFF,0xFF,0x02,0xFF,
    0xB8,0x85,0x00,0x40,0xFF,0xFF,0xFF,0xFF,0x01,0xFF,0xC5,0x9C,0x30,0x1E,0xFF,0xB8,
    0x85,0x00,0x01,0xFF,0xED,0xE0,0xBF,0x3E,0xFF,0xFF,0xFF,0xFF,0x02,0xFF,0xB8,0x85,
    0x00,0x3F,0xFF,0xFF,0xFF,0xFF,0x01,0xFF,0xE4,0xD1,0x9F,0x0D,0xFF,0xB8,0x85,0x00,
    0x01,0xFF,0xD2,0xB2,0x60,0x01,0xFF,0xE8,0xD8,0xAF,0x01,0xFF,0xF6,0xEF,0xDF,0x01,
    0xFF,0xED,0xE0,0xBF,0x01,0xFF,0xE4,0xD1,0x9F,0x01,0xFF,0xC1,0x94,0x20,0x0C,0xFF,
    0xB8,0x85,0x00,0x01,0xFF,0xC6,0x9C,0x30,0x3E,0xFF,0xFF,0xFF,0xFF,0x02,0xFF,0xB8,
    0x85,0x00,0x3F,0xFF,0xFF,0xFF,0xFF,0x01,0xFF,0xCA,0xA3,0x40,0x0B,0xFF,0xB8,0x85,
    0x00,0x01,0xFF,0xC1,0x94,0x20,0x01,0xFF,0xF1,0xE7,0xCF,0x06,0xFF,0xFF,0xFF,0xFF,
    0x01,0xFF,0xDB,0xC1,0x7F,0x0C,0xFF,0xB8,0x85,0x00,0x01,0xFF,0xED,0xE0,0xBF,0x3D,
    0xFF,0xFF,0xFF,0xFF,0x02,0xFF,0xB8,0x85,0x00,0x3F,0xFF,0xFF,0xFF,0xFF,0x01,0xFF,
    0xF6,0xEF,0xDF,0x01,0xFF,0xCA,0xA3,0x40,0x0A,0xFF,0xB8,0x85,0x00,0x01,0xFF,0xF6,
    0xEF,0xDF,0x08,0xFF,0xFF,0xFF,0xFF,0x01,0xFF,0xDB,0xC1,0x7F,0x09,0xFF,0xB8,0x85,
    0x00,0x01,0xFF,0xBC,0x8C,0x10,0x01,0xFF,0xE0,0xC9,0x8F,0x3E,0xFF,0xFF,0xFF,0xFF,
    0x02,0xFF,0xB8,0x85,0x00,0x41,0xFF,0xFF,0xFF,0xFF,0x01,0xFF,0xDB,0xC1,0x7F,0x08,
    0xFF,0xB8,0x85,0x00,0x01,0xFF,0xD2,0xB2,0x60,0x0A,0xFF,0xFF,0xFF,0xFF,0x01,0xFF,
    0xBC,0x8C,0x10,0x07,0xFF,0xB8,0x85,0x00,0x01,0xFF,0xC1,0x94,0x20,0x01,0xFF,0xF6,
    0xEF,0xDF,0x3F,0xFF,0xFF,0xFF,0xFF,0x02,0xFF,0xB8,0x85,0x00,0x42,0xFF,0xFF,0xFF,
    0xFF,0x01,0xFF,0xE8,0xD8,0xAF,0x01,0xFF,0xBC,0x8C,0x10,0x06,0xFF,0xB8,0x85,0x00,
    0x01,0xFF,0xF2,0xE8,0xCF,0x0A,0xFF,0xFF,0xFF,0xFF,0x01,0xFF,0xD7,0xBA,0x70,0x06,
    0xFF,0xB8,0x85,0x00,0x01,0xFF,0xD2,0xB2,0x5F,0x01,0xFF,0xFB,0xF7,0xEF,0x40,0xFF,
    0xFF,0xFF,0xFF,0x02,0xFF,0xB8,0x85,0x00,0x43,0xFF,0xFF,0xFF,0xFF,0x01,0xFF,0xCA,
    0xA4,0x40,0x06,0xFF,0xB8,0x85,0x00,0x0B,0xFF,0xFF,0xFF,0xFF,0x01,0xFF,0xE4,0xD1,
    0x9F,0x06,0xFF,0xB8,0x85,0x00,0x01,0xFF,0xED,0xE0,0xBF,0x41,0xFF,0xFF,0xFF,0xFF,
    0x02,0xFF,0xB8,0x85,0x00,0x43,0xFF,0xFF,0xFF,0xFF,0x01,0xFF,0xCA,0xA4,0x40,0x06,
    0xFF,0xB8,0x85,0x00,0x0B,0xFF,0xFF,0xFF,0xFF,0x01,0xFF,0xE4,0xD1,0x9F,0x06,0xFF,
    0xB8,0x85,0x00,0x01,0xFF,0xED,0xE0,0xBF,0x41,0xFF,0xFF,0xFF,0xFF,0x02,0xFF,0xB8,
    0x85,0x00,0x42,0xFF,0xFF,0xFF,0xFF,0x01,0xFF,0xED,0xE1,0xC0,0x01,0xFF,0xBC,0x8C,
    0x10,0x06,0xFF,0xB8,0x85,0x00,0x01,0xFF,0xF2,0xE8,0xCF,0x0A,0xFF,0xFF,0xFF,0xFF,
    0x01,0xFF,0xD7,0xBA,0x70,0x06,0xFF,0xB8,0x85,0x00,0x01,0xFF,0xD7,0xBB,0x70,0x01,
    0xFF,0xFB,0xF8,0xEF,0x40,0xFF,0xFF,0xFF,0xFF,0x02,0xFF,0xB8,0x85,0x00,0x41,0xFF,
    0xFF,0xFF,0xFF,0x01,0xFF,0xDC,0xC2,0x80,0x08,0xFF,0xB8,0x85,0x00,0x01,0xFF,0xDB,
    0xC2,0x80,0x0A,0xFF,0xFF,0xFF,0xFF,0x01,0xFF,0xC1,0x94,0x20,0x07,0xFF,0xB8,0x85,
    0x00,0x01,0xFF,0xC1,0x94,0x20,0x01,0xFF,0xF6,0xF0,0xDF,0x3F,0xFF,0xFF,0xFF,0xFF,
    0x02,0xFF,0xB8,0x85,0x00,0x3F,0xFF,0xFF,0xFF,0xFF,0x01,0xFF,0xF6,0xF0,0xDF,0x01,
    0xFF,0xCA,0xA4,0x40,0x09,0xFF,0xB8,0x85,0x00,0x01,0xFF,0xBD,0x8D,0x10,0x01,0xFF,
    0xF2,0xE8,0xCF,0x08,0xFF,0xFF,0xFF,0xFF,0x01,0xFF,0xDC,0xC2,0x80,0x09,0xFF,0xB8,
    0x85,0x00,0x01,0xFF,0xBD,0x8D,0x10,0x01,0xFF,0xE4,0xD1,0xA0,0x3E,0xFF,0xFF,0xFF,
    0xFF,0x02,0xFF,0xB8,0x85,0x00,0x3F,0xFF,0xFF,0xFF,0xFF,0x01,0xFF,0xCA,0xA3,0x40,
    0x0B,0xFF,0xB8,0x85,0x00,0x01,0xFF,0xC1,0x94,0x20,0x01,0xFF,0xF6,0xF0,0xDF,0x06,
    0xFF,0xFF,0xFF,0xFF,0x01,0xFF,0xDC,0xC2,0x80,0x0C,0xFF,0xB8,0x85,0x00,0x01,0xFF,
    0xED,0xE0,0xBF,0x3D,0xFF,0xFF,0xFF,0xFF,0x02,0xFF,0xB8,0x85,0x00,0x3F,0xFF,0xFF,
    0xFF,0xFF,0x01,0xFF,0xE8,0xD8,0xAF,0x0D,0xFF,0xB8,0x85,0x00,0x01,0xFF,0xD3,0xB3,
    0x60,0x01,0xFF,0xE9,0xD9,0xB0,0x02,0xFF,0xF2,0xE9,0xD0,0x01,0xFF,0xDF,0xC9,0x90,
    0x01,0xFF,0xCA,0xA4,0x40,0x0C,0xFF,0xB8,0x85,0x00,0x01,0xFF,0xC1,0x94,0x20,0x3E,
    0xFF,0xFF,0xFF,0xFF,0x02,0xFF,0xB8,0x85,0x00,0x40,0xFF,0xFF,0xFF,0xFF,0x01,0xFF,
    0xCA,0xA3,0x40,0x1E,0xFF,0xB8,0x85,0x00,0x01,0xFF,0xF2,0xE8,0xCF,0x3E,0xFF,0xFF,
    0xFF,0xFF,0x02,0xFF,0xB8,0x85,0x00,0x40,0xFF,0xFF,0xFF,0xFF,0x01,0xFF,0xED,0xE0,
    0xBF,0x1D,0xFF,0xB8,0x85,0x00,0x01,0xFF,0xD2,0xB2,0x60,0x3F,0xFF,0xFF,0xFF,0xFF,
    0x02,0xFF,0xB8,0x85,0x00,0x41,0xFF,0xFF,0xFF,0xFF,0x01,0xFF,0xD7,0xB9,0x70,0x1C,
    0xFF,0xB8,0x85,0x00,0x01,0xFF,0xF6,0xEF,0xDF,0x3F,0xFF,0xFF,0xFF,0xFF,0x02,0xFF,
    0xB8,0x85,0x00,0x41,0xFF,0xFF,0xFF,0xFF,0x01,0xFF,0xFA,0xF7,0xEF,0x01,0xFF,0xBC,
    0x8C,0x10,0x1A,0xFF,0xB8,0x85,0x00,0x01,0xFF,0xDB,0xC1,0x7F,0x40,0xFF,0xFF,0xFF,
    0xFF,0x02,0xFF,0xB8,0x85,0x00,0x42,0xFF,0xFF,0xFF,0xFF,0x01,0xFF,0xDB,0xC2,0x80,
    0x03,0xFF,0xB8,0x85,0x00,0x01,0xFF,0xBC,0x8C,0x10,0x01,0xFF,0xCE,0xAB,0x50,0x01,
    0xFF,0xE8,0xD8,0xAF,0x01,0xFF,0xC1,0x94,0x20,0x0C,0xFF,0xB8,0x85,0x00,0x01,0xFF,
    0xDB,0xC1,0x7F,0x01,0xFF,0xE4,0xD1,0x9F,0x01,0xFF,0xC1,0x94,0x20,0x03,0xFF,0xB8,
    0x85,0x00,0x01,0xFF,0xC1,0x94,0x20,0x41,0xFF,0xFF,0xFF,0xFF,0x02,0xFF,0xB8,0x85,
    0x00,0x43,0xFF,0xFF,0xFF,0xFF,0x01,0xFF,0xC1,0x94,0x20,0x01,0xFF,0xBC,0x8C,0x10,
    0x01,0xFF,0xDB,0xC1,0x7F,0x01,0xFF,0xFB,0xF7,0xEF,0x03,0xFF,0xFF,0xFF,0xFF,0x01,
    0xFF,0xD2,0xB2,0x60,0x0A,0xFF,0xB8,0x85,0x00,0x01,0xFF,0xFB,0xF7,0xEF,0x03,0xFF,
    0xFF,0xFF,0xFF,0x01,0xFF,0xED,0xE0,0xBF,0x01,0xFF,0xCE,0xAA,0x50,0x01,0xFF,0xB8,
    0x85,0x00,0x01,0xFF,0xE4,0xD1,0xA0,0x41,0xFF,0xFF,0xFF,0xFF,0x02,0xFF,0xB8,0x85,
    0x00,0x43,0xFF,0xFF,0xFF,0xFF,0x01,0xFF,0xFB,0xF7,0xEF,0x06,0xFF,0xFF,0xFF,0xFF,
    0x01,0xFF,0xE4,0xD1,0x9F,0x09,0xFF,0xB8,0x85,0x00,0x01,0xFF,0xC5,0x9C,0x30,0x06,
    0xFF,0xFF,0xFF,0xFF,0x01,0xFF,0xFB,0xF7,0xEF,0x42,0xFF,0xFF,0xFF,0xFF,0x02,0xFF,
    0xB8,0x85,0x00,0x4A,0xFF,0xFF,0xFF,0xFF,0x01,0xFF,0xF1,0xE8,0xCF,0x09,0xFF,0xB8,
    0x85,0x00,0x01,0xFF,0xC9,0xA3,0x40,0x49,0xFF,0xFF,0xFF,0xFF,0x02,0xFF,0xB8,0x85,
    0x00,0x4A,0xFF,0xFF,0xFF,0xFF,0x01,0xFF,0xF6,0xF0,0xDF,0x09,0xFF,0xB8,0x85,0x00,
    0x01,0xFF,0xD2,0xB3,0x60,0x49,0xFF,0xFF,0xFF,0xFF,0x02,0xFF,0xB8,0x85,0x00,0x4B,
    0xFF,0xFF,0xFF,0xFF,0x09,0xFF,0xB8,0x85,0x00,0x01,0xFF,0xDB,0xC2,0x80,0x49,0xFF,
    0xFF,0xFF,0xFF,0x02,0xFF,0xB8,0x85,0x00,0x4B,0xFF,0xFF,0xFF,0xFF,0x01,0xFF,0xD7,
    0xBA,0x70,0x08,0xFF,0xD2,0xB2,0x60,0x01,0xFF,0xED,0xE0,0xBF,0x49,0xFF,0xFF,0xFF,
    0xFF,0x02,0xFF,0xB8,0x85,0x00,0x9E,0xFF,0xFF,0xFF,0xFF,0x02,0xFF,0xB8,0x85,0x00,
    0x9E,0xFF,0xFF,0xFF,0xFF,0x02,0xFF,0xB8,0x85,0x00,0x9E,0xFF,0xFF,0xFF,0xFF,0x02,
    0xFF,0xB8,0x85,0x00,0x9E,0xFF,0xFF,0xFF,0xFF,0x02,0xFF,0xB8,0x85,0x00,0x9E,0xFF,
    0xFF,0xFF,0xFF,0x02,0xFF,0xB8,0x85,0x00,0x9E,0xFF,0xFF,0xFF,0xFF,0x02,0xFF,0xB8,
    0x85,0x00,0x9E,0xFF,0xFF,0xFF,0xFF,0x02,0xFF,0xB8,0x85,0x00,0x9E,0xFF,0xFF,0xFF,
    0xFF,0x02,0xFF,0xB8,0x85,0x00,0x9E,0xFF,0xFF,0xFF,0xFF,0x02,0xFF,0xB8,0x85,0x00,
    0x9E,0xFF,0xFF,0xFF,0xFF,0x02,0xFF,0xB8,0x85,0x00,0x9E,0xFF,0xFF,0xFF,0xFF,0x02,
    0xFF,0xB8,0x85,0x00,0x9E,0xFF,0xFF,0xFF,0xFF,0x02,0xFF,0xB8,0x85,0x00,0x9E,0xFF,
    0xFF,0xFF,0xFF,0x02,0xFF,0xB8,0x85,0x00,0x9E,0xFF,0xFF,0xFF,0xFF,0x02,0xFF,0xB8,
    0x85,0x00,0x9E,0xFF,0xFF,0xFF,0xFF,0x02,0xFF,0xB8,0x85,0x00,0x9E,0xFF,0xFF,0xFF,
    0xFF,0x02,0xFF,0xB8,0x85,0x00,0x9E,0xFF,0xFF,0xFF,0xFF,0x02,0xFF,0xB8,0x85,0x00,
    0x9E,0xFF,0xFF,0xFF,0xFF,0x02,0xFF,0xB8,0x85,0x00,0x9E,0xFF,0xFF,0xFF,0xFF,0x02,
    0xFF,0xB8,0x85,0x00,0x9D,0xFF,0xFF,0xFF,0xFF,0x01,0xFF,0xF6,0xF0,0xDF,0x01,0xFF,
    0xB8,0x85,0x00,0x01,0xDF,0xB8,0x85,0x00,0x9D,0xFF,0xFF,0xFF,0xFF,0x01,0xFF,0xED,
    0xE1,0xC0,0x01,0xFF,0xB8,0x85,0x00,0x01,0xCF,0xB9,0x85,0x00,0x9D,0xFF,0xFF,0xFF,
    0xFF,0x01,0xFF,0xE8,0xD8,0xB0,0x01,0xFF,0xB8,0x85,0x00,0x01,0xB0,0xB7,0x84,0x00,
    0x9D,0xFF,0xFF,0xFF,0xFF,0x01,0xFF,0xDB,0xC2,0x80,0x01,0xFF,0xB8,0x85,0x00,0x01,
    0x80,0xB7,0x83,0x00,0x9D,0xFF,0xFF,0xFF,0xFF,0x01,0xFF,0xCA,0xA4,0x40,0x01,0xFF,
    0xB8,0x85,0x00,0x01,0x50,0xB9,0x83,0x00,0x9D,0xFF,0xFF,0xFF,0xFF,0x01,0xFF,0xBC,
    0x8C,0x10,0x01,0xFF,0xB8,0x85,0x00,0x01,0x20,0xB7,0x80,0x00,0x9C,0xFF,0xFF,0xFF,
    0xFF,0x01,0xFF,0xED,0xE1,0xC0,0x01,0xFF,0xB8,0x85,0x00,0x01,0xDF,0xB8,0x85,0x00,
    0x01,0x00,0x00,0x00,0x00,0x9C,0xFF,0xFF,0xFF,0xFF,0x01,0xFF,0xD7,0xBA,0x70,0x01,
    0xFF,0xB8,0x85,0x00,0x01,0x9F,0xB8,0x85,0x00,0x01,0x00,0x00,0x00,0x00,0x9C,0xFF,
    0xFF,0xFF,0xFF,0x01,0xFF,0xC1,0x94,0x20,0x01,0xFF,0xB8,0x85,0x00,0x01,0x40,0xB7,
    0x83,0x00,0x01,0x00,0x00,0x00,0x00,0x9B,0xFF,0xFF,0xFF,0xFF,0x01,0xFF,0xED,0xE1,
    0xC0,0x01,0xFF,0xB8,0x85,0x00,0x01,0xDF,0xB8,0x85,0x00,0x02,0x00,0x00,0x00,0x00,
    0x9B,0xFF,0xFF,0xFF,0xFF,0x01,0xFF,0xCA,0xA4,0x40,0x01,0xFF,0xB8,0x85,0x00,0x01,
    0x60,0xB7,0x82,0x00,0x02,0x00,0x00,0x00,0x00,0x9A,0xFF,0xFF,0xFF,0xFF,0x01,0xFF,
    0xF6,0xF0,0xDF,0x01,0xFF,0xB8,0x85,0x00,0x01,0xEF,0xB8,0x85,0x00,0x01,0x20,0xB7,
    0x80,0x00,0x02,0x00,0x00,0x00,0x00,0x9A,0xFF,0xFF,0xFF,0xFF,0x01,0xFF,0xCE,0xAB,
    0x50,0x01,0xFF,0xB8,0x85,0x00,0x01,0x90,0xB6,0x85,0x00,0x03,0x00,0x00,0x00,0x00,
    0x99,0xFF,0xFF,0xFF,0xFF,0x01,0xFF,0xE4,0xD1,0x9F,0x01,0xFF,0xB8,0x85,0x00,0x01,
    0xDF,0xB8,0x85,0x00,0x01,0x20,0xB7,0x80,0x00,0x03,0x00,0x00,0x00,0x00,0x98,0xFF,
    0xFF,0xFF,0xFF,0x01,0xFF,0xF6,0xF0,0xDF,0x01,0xFF,0xC1,0x94,0x20,0x01,0xFF,0xB8,
    0x85,0x00,0x01,0x60,0xB7,0x82,0x00,0x04,0x00,0x00,0x00,0x00,0x98,0xFF,0xFF,0xFF,
    0xFF,0x01,0xFF,0xD3,0xB3,0x60,0x01,0xFF,0xB8,0x85,0x00,0x01,0xDF,0xB8,0x85,0x00,
    0x05,0x00,0x00,0x00,0x00,0x97,0xFF,0xFF,0xFF,0xFF,0x01,0xFF,0xE0,0xC9,0x90,0x01,
    0xFF,0xB8,0x85,0x00,0x01,0xEF,0xB9,0x85,0x00,0x01,0x20,0xB7,0x80,0x00,0x05,0x00,
    0x00,0x00,0x00,0x96,0xFF,0xFF,0xFF,0xFF,0x01,0xFF,0xF1,0xE8,0xCF,0x02,0xFF,0xB8,
    0x85,0x00,0x01,0x70,0xB6,0x84,0x00,0x06,0x00,0x00,0x00,0x00,0x95,0xFF,0xFF,0xFF,
    0xFF,0x01,0xFF,0xF6,0xF0,0xDF,0x01,0xFF,0xC1,0x94,0x20,0x01,0xFF,0xB8,0x85,0x00,
    0x01,0x80,0xB7,0x85,0x00,0x07,0x00,0x00,0x00,0x00,0x94,0xFF,0xFF,0xFF,0xFF,0x01,
    0xFF,0xF6,0xF0,0xDF,0x01,0xFF,0xC1,0x94,0x20,0x01,0xFF,0xB8,0x85,0x00,0x01,0xA0,
    0xB7,0x86,0x00,0x08,0x00,0x00,0x00,0x00,0x93,0xFF,0xFF,0xFF,0xFF,0x01,0xFF,0xF1,
    0xE8,0xCF,0x01,0xFF,0xBC,0x8C,0x10,0x01,0xFF,0xB8,0x85,0x00,0x01,0xCF,0xB8,0x85,
    0x00,0x09,0x00,0x00,0x00,0x00,0x92,0xFF,0xFF,0xFF,0xFF,0x01,0xFF,0xE0,0xC9,0x90,
    0x01,0xFF,0xBC,0x8C,0x10,0x01,0xFF,0xB8,0x85,0x00,0x01,0xA0,0xB7,0x86,0x00,0x0A,
    0x00,0x00,0x00,0x00,0x90,0xFF,0xFF,0xFF,0xFF,0x01,0xFF,0xFB,0xF8,0xEF,0x01,0xFF,
    0xD7,0xBA,0x70,0x02,0xFF,0xB8,0x85,0x00,0x01,0x90,0xB6,0x85,0x00,0x0B,0x00,0x00,
    0x00,0x00,0x8F,0xFF,0xFF,0xFF,0xFF,0x01,0xFF,0xED,0xE1,0xC0,0x01,0xFF,0xC1,0x94,
    0x20,0x01,0xFF,0xB8,0x85,0x00,0x01,0xEF,0xB9,0x85,0x00,0x01,0x70,0xB6,0x84,0x00,
    0x0C,0x00,0x00,0x00,0x00,0x8D,0xFF,0xFF,0xFF,0xFF,0x01,0xFF,0xED,0xE1,0xC0,0x01,
    0xFF,0xCA,0xA4,0x40,0x02,0xFF,0xB8,0x85,0x00,0x01,0xC0,0xB7,0x85,0x00,0x01,0x20,
    0xB7,0x80,0x00,0x0D,0x00,0x00,0x00,0x00,0x8B,0xFF,0xFF,0xFF,0xFF,0x01,0xFF,0xED,
    0xE1,0xC0,0x01,0xFF,0xCA,0xA4,0x40,0x02,0xFF,0xB8,0x85,0x00,0x01,0xEF,0xB9,0x85,
    0x00,0x01,0x70,0xB6,0x84,0x00,0x0F,0x00,0x00,0x00,0x00,0x88,0xFF,0xFF,0xFF,0xFF,
    0x01,0xFF,0xED,0xE1,0xC0,0x01,0xFF,0xDC,0xC2,0x80,0x01,0xFF,0xBC,0x8C,0x10,0x02,
    0xFF,0xB8,0x85,0x00,0x01,0xEF,0xB9,0x85,0x00,0x01,0x80,0xB7,0x85,0x00,0x01,0x10,
    0xAF,0x80,0x00,0x10,0x00,0x00,0x00,0x00,0x82,0xFF,0xFF,0xFF,0xFF,0x01,0xFF,0xF6,
    0xF0,0xE0,0x01,0xFF,0xF2,0xE9,0xD0,0x01,0xFF,0xE4,0xD2,0xA0,0x01,0xFF,0xD7,0xBB,
    0x70,0x01,0xFF,0xCE,0xAC,0x50,0x01,0xFF,0xBC,0x8C,0x10,0x03,0xFF,0xB8,0x85,0x00,
    0x01,0xEF,0xB9,0x85,0x00,0x01,0x80,0xB7,0x85,0x00,0x01,0x10,0xAF,0x80,0x00,0x12,
    0x00,0x00,0x00,0x00,0x88,0xFF,0xB8,0x85,0x00,0x01,0xE0,0xB7,0x85,0x00,0x01,0x90,
    0xB6,0x83,0x00,0x01,0x40,0xB7,0x83,0x00,0x15,0x00,0x00,0x00,0x00,0x82,0xFF,0xB8,
    0x85,0x00,0x01,0xE0,0xB7,0x85,0x00,0x01,0xD0,0xB8,0x84,0x00,0x01,0xB0,0xB8,0x85,
    0x00,0x01,0x90,0xB6,0x83,0x00,0x01,0x60,0xB7,0x85,0x00,0x01,0x20,0xB7,0x80,0x00,
    0x18,0x00,0x00,0x00,0x00,
};

leImage figmaImg_imgSettingsSelect =
{
    {
        LE_STREAM_LOCATION_ID_INTERNAL, // data location id
        (void*)figmaImg_imgSettingsSelect_data, // data variable pointer
        3717, // data size
    },
    LE_IMAGE_FORMAT_RLE,
    {
        LE_COLOR_MODE_RGBA_8888,
        {
            160,
            134
        },
        21440,
        3717,
        (void*)figmaImg_imgSettingsSelect_data, // data variable pointer
        0, // flags
    },
    0, // image flags
    {
        0x0, // color mask
    },
    NULL, // alpha mask
    NULL, // palette
};

/*********************************
 * Legato Image Asset
 * Name:   figmaImg_imgWifiDefault
 * Size:   160x134 pixels
 * Mode:   RGBA_8888
 ***********************************/

const uint8_t figmaImg_imgWifiDefault_data[2696] =
{
    0x02,0x04,0x82,0x00,0xFF,0xFF,0xFF,0xFF,0x01,0x00,0xDF,0xFF,0xFF,0xFF,0x01,0x00,
    0xCF,0xFF,0xFF,0xFF,0x01,0x00,0xAF,0xFF,0xFF,0xFF,0x01,0x00,0x80,0xFF,0xFF,0xFF,
    0x01,0x00,0x50,0xFF,0xFF,0xFF,0x01,0x00,0x20,0xFF,0xFF,0xFF,0x18,0x00,0x00,0x00,
    0x00,0x00,0x88,0x00,0xFF,0xFF,0xFF,0xFF,0x01,0x00,0xDF,0xFF,0xFF,0xFF,0x01,0x00,
    0x9F,0xFF,0xFF,0xFF,0x01,0x00,0x40,0xFF,0xFF,0xFF,0x15,0x00,0x00,0x00,0x00,0x00,
    0x8B,0x00,0xFF,0xFF,0xFF,0xFF,0x01,0x00,0xDF,0xFF,0xFF,0xFF,0x01,0x00,0x60,0xFF,
    0xFF,0xFF,0x01,0x00,0x20,0xFF,0xFF,0xFF,0x12,0x00,0x00,0x00,0x00,0x00,0x8D,0x00,
    0xFF,0xFF,0xFF,0xFF,0x01,0x00,0xEF,0xFF,0xFF,0xFF,0x01,0x00,0x8F,0xFF,0xFF,0xFF,
    0x01,0x00,0x20,0xFF,0xFF,0xFF,0x10,0x00,0x00,0x00,0x00,0x00,0x8F,0x00,0xFF,0xFF,
    0xFF,0xFF,0x01,0x00,0xDF,0xFF,0xFF,0xFF,0x01,0x00,0x60,0xFF,0xFF,0xFF,0x0F,0x00,
    0x00,0x00,0x00,0x00,0x91,0x00,0xFF,0xFF,0xFF,0xFF,0x01,0x00,0xDF,0xFF,0xFF,0xFF,
    0x01,0x00,0x20,0xFF,0xFF,0xFF,0x0D,0x00,0x00,0x00,0x00,0x00,0x92,0x00,0xFF,0xFF,
    0xFF,0xFF,0x01,0x00,0xEF,0xFF,0xFF,0xFF,0x01,0x00,0x70,0xFF,0xFF,0xFF,0x0C,0x00,
    0x00,0x00,0x00,0x00,0x94,0x00,0xFF,0xFF,0xFF,0xFF,0x01,0x00,0x7F,0xFF,0xFF,0xFF,
    0x0B,0x00,0x00,0x00,0x00,0x00,0x95,0x00,0xFF,0xFF,0xFF,0xFF,0x01,0x00,0x9F,0xFF,
    0xFF,0xFF,0x0A,0x00,0x00,0x00,0x00,0x00,0x96,0x00,0xFF,0xFF,0xFF,0xFF,0x01,0x00,
    0xCF,0xFF,0xFF,0xFF,0x09,0x00,0x00,0x00,0x00,0x00,0x97,0x00,0xFF,0xFF,0xFF,0xFF,
    0x01,0x00,0x9F,0xFF,0xFF,0xFF,0x08,0x00,0x00,0x00,0x00,0x00,0x98,0x00,0xFF,0xFF,
    0xFF,0xFF,0x01,0x00,0x8F,0xFF,0xFF,0xFF,0x07,0x00,0x00,0x00,0x00,0x00,0x99,0x00,
    0xFF,0xFF,0xFF,0xFF,0x01,0x00,0x70,0xFF,0xFF,0xFF,0x06,0x00,0x00,0x00,0x00,0x00,
    0x99,0x00,0xFF,0xFF,0xFF,0xFF,0x01,0x00,0xEF,0xFF,0xFF,0xFF,0x01,0x00,0x20,0xFF,
    0xFF,0xFF,0x05,0x00,0x00,0x00,0x00,0x00,0x9A,0x00,0xFF,0xFF,0xFF,0xFF,0x01,0x00,
    0xBF,0xFF,0xFF,0xFF,0x05,0x00,0x00,0x00,0x00,0x00,0x9B,0x00,0xFF,0xFF,0xFF,0xFF,
    0x01,0x00,0x70,0xFF,0xFF,0xFF,0x04,0x00,0x00,0x00,0x00,0x00,0x9B,0x00,0xFF,0xFF,
    0xFF,0xFF,0x01,0x00,0xEF,0xFF,0xFF,0xFF,0x01,0x00,0x10,0xFF,0xFF,0xFF,0x03,0x00,
    0x00,0x00,0x00,0x00,0x9C,0x00,0xFF,0xFF,0xFF,0xFF,0x01,0x00,0x80,0xFF,0xFF,0xFF,
    0x03,0x00,0x00,0x00,0x00,0x00,0x9C,0x00,0xFF,0xFF,0xFF,0xFF,0x01,0x00,0xEF,0xFF,
    0xFF,0xFF,0x01,0x00,0x10,0xFF,0xFF,0xFF,0x02,0x00,0x00,0x00,0x00,0x00,0x9D,0x00,
    0xFF,0xFF,0xFF,0xFF,0x01,0x00,0x80,0xFF,0xFF,0xFF,0x02,0x00,0x00,0x00,0x00,0x00,
    0x9D,0x00,0xFF,0xFF,0xFF,0xFF,0x01,0x00,0xEF,0xFF,0xFF,0xFF,0x02,0x00,0x00,0x00,
    0x00,0x00,0x9E,0x00,0xFF,0xFF,0xFF,0xFF,0x01,0x00,0x40,0xFF,0xFF,0xFF,0x01,0x00,
    0x00,0x00,0x00,0x00,0x9E,0x00,0xFF,0xFF,0xFF,0xFF,0x01,0x00,0x90,0xFF,0xFF,0xFF,
    0x01,0x00,0x00,0x00,0x00,0x00,0x9E,0x00,0xFF,0xFF,0xFF,0xFF,0x01,0x00,0xDF,0xFF,
    0xFF,0xFF,0x01,0x00,0x00,0x00,0x00,0x00,0x9F,0x00,0xFF,0xFF,0xFF,0xFF,0x01,0x00,
    0x20,0xFF,0xFF,0xFF,0x9F,0x00,0xFF,0xFF,0xFF,0xFF,0x01,0x00,0x60,0xFF,0xFF,0xFF,
    0x9F,0x00,0xFF,0xFF,0xFF,0xFF,0x01,0x00,0x90,0xFF,0xFF,0xFF,0x9F,0x00,0xFF,0xFF,
    0xFF,0xFF,0x01,0x00,0xB0,0xFF,0xFF,0xFF,0x9F,0x00,0xFF,0xFF,0xFF,0xFF,0x01,0x00,
    0xCF,0xFF,0xFF,0xFF,0x9F,0x00,0xFF,0xFF,0xFF,0xFF,0x01,0x00,0xDF,0xFF,0xFF,0xFF,
    0xAA,0x0E,0xFF,0xFF,0xFF,0xFF,0x01,0x00,0xFF,0xF6,0xF0,0xE0,0x01,0x00,0xFF,0xE4,
    0xD2,0xA0,0x01,0x00,0xFF,0xDF,0xC9,0x90,0x01,0x00,0xFF,0xD7,0xBB,0x70,0x04,0x00,
    0xFF,0xD3,0xB3,0x60,0x01,0x00,0xFF,0xD7,0xBB,0x70,0x01,0x00,0xFF,0xDB,0xC2,0x80,
    0x01,0x00,0xFF,0xE9,0xD9,0xB0,0x01,0x00,0xFF,0xF2,0xE9,0xD0,0x90,0x00,0xFF,0xFF,
    0xFF,0xFF,0x01,0x00,0xFF,0xFB,0xF8,0xEF,0x01,0x00,0xFF,0xDF,0xC9,0x90,0x01,0x00,
    0xFF,0xCE,0xAC,0x50,0x01,0x00,0xFF,0xBC,0x8C,0x10,0x0C,0x00,0xFF,0xB8,0x85,0x00,
    0x01,0x00,0xFF,0xBC,0x8C,0x10,0x01,0x00,0xFF,0xCE,0xAC,0x50,0x01,0x00,0xFF,0xE4,
    0xD1,0xA0,0x01,0x00,0xFF,0xF6,0xF0,0xDF,0x8A,0x00,0xFF,0xFF,0xFF,0xFF,0x01,0x00,
    0xFF,0xED,0xE1,0xC0,0x01,0x00,0xFF,0xCA,0xA4,0x40,0x14,0x00,0xFF,0xB8,0x85,0x00,
    0x01,0x00,0xFF,0xD3,0xB3,0x60,0x01,0x00,0xFF,0xED,0xE1,0xC0,0x86,0x00,0xFF,0xFF,
    0xFF,0xFF,0x01,0x00,0xFF,0xED,0xE1,0xC0,0x01,0x00,0xFF,0xCA,0xA4,0x40,0x18,0x00,
    0xFF,0xB8,0x85,0x00,0x01,0x00,0xFF,0xC6,0x9C,0x30,0x01,0x00,0xFF,0xED,0xE1,0xC0,
    0x82,0x00,0xFF,0xFF,0xFF,0xFF,0x01,0x00,0xFF,0xF6,0xF0,0xDF,0x01,0x00,0xFF,0xCA,
    0xA4,0x40,0x1C,0x00,0xFF,0xB8,0x85,0x00,0x01,0x00,0xFF,0xD3,0xB3,0x60,0x01,0x00,
    0xFF,0xF6,0xF0,0xDF,0x7F,0x00,0xFF,0xFF,0xFF,0xFF,0x01,0x00,0xFF,0xE0,0xC9,0x90,
    0x01,0x00,0xFF,0xBC,0x8C,0x10,0x09,0x00,0xFF,0xB8,0x85,0x00,0x01,0x00,0xFF,0xBC,
    0x8C,0x10,0x01,0x00,0xFF,0xC9,0xA3,0x40,0x01,0x00,0xFF,0xD7,0xBA,0x70,0x01,0x00,
    0xFF,0xDF,0xC9,0x90,0x04,0x00,0xFF,0xE4,0xD1,0x9F,0x01,0x00,0xFF,0xDB,0xC2,0x80,
    0x01,0x00,0xFF,0xD7,0xBA,0x70,0x01,0x00,0xFF,0xC9,0xA3,0x40,0x01,0x00,0xFF,0xBC,
    0x8C,0x10,0x09,0x00,0xFF,0xB8,0x85,0x00,0x01,0x00,0xFF,0xC1,0x94,0x20,0x01,0x00,
    0xFF,0xE4,0xD1,0xA0,0x7D,0x00,0xFF,0xFF,0xFF,0xFF,0x01,0x00,0xFF,0xD7,0xBA,0x70,
    0x08,0x00,0xFF,0xB8,0x85,0x00,0x01,0x00,0xFF,0xBC,0x8C,0x10,0x01,0x00,0xFF,0xD7,
    0xBA,0x70,0x01,0x00,0xFF,0xED,0xE0,0xBF,0x0C,0x00,0xFF,0xFF,0xFF,0xFF,0x01,0x00,
    0xFF,0xED,0xE0,0xBF,0x01,0x00,0xFF,0xD2,0xB2,0x60,0x01,0x00,0xFF,0xC1,0x94,0x20,
    0x08,0x00,0xFF,0xB8,0x85,0x00,0x01,0x00,0xFF,0xD7,0xBB,0x70,0x7A,0x00,0xFF,0xFF,
    0xFF,0xFF,0x01,0x00,0xFF,0xFB,0xF8,0xEF,0x01,0x00,0xFF,0xCA,0xA4,0x40,0x07,0x00,
    0xFF,0xB8,0x85,0x00,0x01,0x00,0xFF,0xC9,0xA3,0x40,0x01,0x00,0xFF,0xED,0xE0,0xBF,
    0x12,0x00,0xFF,0xFF,0xFF,0xFF,0x01,0x00,0xFF,0xE4,0xD1,0x9F,0x01,0x00,0xFF,0xC1,
    0x94,0x20,0x07,0x00,0xFF,0xB8,0x85,0x00,0x01,0x00,0xFF,0xC6,0x9C,0x30,0x01,0x00,
    0xFF,0xFB,0xF8,0xEF,0x78,0x00,0xFF,0xFF,0xFF,0xFF,0x01,0x00,0xFF,0xCA,0xA3,0x40,
    0x06,0x00,0xFF,0xB8,0x85,0x00,0x01,0x00,0xFF,0xC1,0x94,0x20,0x01,0x00,0xFF,0xE4,
    0xD1,0xA0,0x16,0x00,0xFF,0xFF,0xFF,0xFF,0x01,0x00,0xFF,0xE4,0xD1,0x9F,0x01,0x00,
    0xFF,0xC1,0x94,0x20,0x06,0x00,0xFF,0xB8,0x85,0x00,0x01,0x00,0xFF,0xC9,0xA3,0x40,
    0x78,0x00,0xFF,0xFF,0xFF,0xFF,0x01,0x00,0xFF,0xF1,0xE7,0xCF,0x01,0x00,0xFF,0xBC,
    0x8C,0x10,0x04,0x00,0xFF,0xB8,0x85,0x00,0x01,0x00,0xFF,0xD7,0xBA,0x70,0x01,0x00,
    0xFF,0xFB,0xF7,0xEF,0x18,0x00,0xFF,0xFF,0xFF,0xFF,0x01,0x00,0xFF,0xF6,0xEF,0xDF,
    0x01,0x00,0xFF,0xD2,0xB2,0x60,0x04,0x00,0xFF,0xB8,0x85,0x00,0x01,0x00,0xFF,0xBC,
    0x8C,0x10,0x01,0x00,0xFF,0xF1,0xE7,0xCF,0x79,0x00,0xFF,0xFF,0xFF,0xFF,0x01,0x00,
    0xFF,0xF1,0xE7,0xCF,0x01,0x00,0xFF,0xBC,0x8C,0x10,0x02,0x00,0xFF,0xB8,0x85,0x00,
    0x01,0x00,0xFF,0xE0,0xC9,0x8F,0x09,0x00,0xFF,0xFF,0xFF,0xFF,0x01,0x00,0xFF,0xF6,
    0xF0,0xE0,0x01,0x00,0xFF,0xE4,0xD2,0xA0,0x01,0x00,0xFF,0xDB,0xC2,0x80,0x04,0x00,
    0xFF,0xD3,0xB3,0x60,0x01,0x00,0xFF,0xDB,0xC2,0x80,0x01,0x00,0xFF,0xE9,0xD9,0xB0,
    0x01,0x00,0xFF,0xF6,0xF0,0xDF,0x09,0x00,0xFF,0xFF,0xFF,0xFF,0x01,0x00,0xFF,0xE0,
    0xC9,0x8F,0x02,0x00,0xFF,0xB8,0x85,0x00,0x01,0x00,0xFF,0xBC,0x8C,0x10,0x01,0x00,
    0xFF,0xF1,0xE7,0xCF,0x7B,0x00,0xFF,0xFF,0xFF,0xFF,0x01,0x00,0xFF,0xF1,0xE7,0xCF,
    0x01,0x00,0xFF,0xC1,0x94,0x20,0x01,0x00,0xFF,0xF1,0xE7,0xCF,0x07,0x00,0xFF,0xFF,
    0xFF,0xFF,0x01,0x00,0xFF,0xFB,0xF8,0xEF,0x01,0x00,0xFF,0xDC,0xC2,0x80,0x01,0x00,
    0xFF,0xC1,0x95,0x20,0x0A,0x00,0xFF,0xB8,0x85,0x00,0x01,0x00,0xFF,0xC6,0x9C,0x30,
    0x01,0x00,0xFF,0xE4,0xD1,0xA0,0x01,0x00,0xFF,0xF6,0xF0,0xDF,0x07,0x00,0xFF,0xFF,
    0xFF,0xFF,0x01,0x00,0xFF,0xF1,0xE7,0xCF,0x01,0x00,0xFF,0xC1,0x94,0x20,0x01,0x00,
    0xFF,0xF1,0xE7,0xCF,0x84,0x00,0xFF,0xFF,0xFF,0xFF,0x01,0x00,0xFF,0xFB,0xF8,0xEF,
    0x01,0x00,0xFF,0xDC,0xC2,0x80,0x01,0x00,0xFF,0xBC,0x8C,0x10,0x0F,0x00,0xFF,0xB8,
    0x85,0x00,0x01,0x00,0xFF,0xD7,0xBB,0x70,0x01,0x00,0xFF,0xF6,0xF0,0xDF,0x8B,0x00,
    0xFF,0xFF,0xFF,0xFF,0x01,0x00,0xFF,0xE0,0xC9,0x90,0x01,0x00,0xFF,0xBC,0x8C,0x10,
    0x12,0x00,0xFF,0xB8,0x85,0x00,0x01,0x00,0xFF,0xC1,0x94,0x20,0x01,0x00,0xFF,0xE4,
    0xD1,0xA0,0x89,0x00,0xFF,0xFF,0xFF,0xFF,0x01,0x00,0xFF,0xD7,0xBA,0x70,0x16,0x00,
    0xFF,0xB8,0x85,0x00,0x01,0x00,0xFF,0xDC,0xC2,0x80,0x87,0x00,0xFF,0xFF,0xFF,0xFF,
    0x01,0x00,0xFF,0xDB,0xC2,0x80,0x08,0x00,0xFF,0xB8,0x85,0x00,0x01,0x00,0xFF,0xC9,
    0xA3,0x40,0x01,0x00,0xFF,0xD7,0xBA,0x70,0x03,0x00,0xFF,0xE4,0xD1,0x9F,0x01,0x00,
    0xFF,0xDF,0xC9,0x90,0x01,0x00,0xFF,0xD7,0xBA,0x70,0x01,0x00,0xFF,0xC9,0xA3,0x40,
    0x08,0x00,0xFF,0xB8,0x85,0x00,0x01,0x00,0xFF,0xD7,0xBA,0x70,0x86,0x00,0xFF,0xFF,
    0xFF,0xFF,0x01,0x00,0xFF,0xF6,0xEF,0xDF,0x01,0x00,0xFF,0xC1,0x94,0x20,0x04,0x00,
    0xFF,0xB8,0x85,0x00,0x01,0x00,0xFF,0xBC,0x8C,0x10,0x01,0x00,0xFF,0xDB,0xC1,0x7F,
    0x01,0x00,0xFF,0xFB,0xF7,0xEF,0x08,0x00,0xFF,0xFF,0xFF,0xFF,0x01,0x00,0xFF,0xF6,
    0xEF,0xDF,0x01,0x00,0xFF,0xD2,0xB2,0x60,0x01,0x00,0xFF,0xC1,0x94,0x20,0x04,0x00,
    0xFF,0xB8,0x85,0x00,0x01,0x00,0xFF,0xBC,0x8C,0x10,0x01,0x00,0xFF,0xF1,0xE7,0xCF,
    0x87,0x00,0xFF,0xFF,0xFF,0xFF,0x01,0x00,0xFF,0xF6,0xEF,0xDF,0x01,0x00,0xFF,0xBC,
    0x8C,0x10,0x02,0x00,0xFF,0xB8,0x85,0x00,0x01,0x00,0xFF,0xCE,0xAA,0x50,0x01,0x00,
    0xFF,0xFB,0xF7,0xEF,0x0C,0x00,0xFF,0xFF,0xFF,0xFF,0x01,0x00,0xFF,0xF6,0xEF,0xDF,
    0x01,0x00,0xFF,0xD2,0xB2,0x60,0x02,0x00,0xFF,0xB8,0x85,0x00,0x01,0x00,0xFF,0xBC,
    0x8C,0x10,0x01,0x00,0xFF,0xF1,0xE7,0xCF,0x89,0x00,0xFF,0xFF,0xFF,0xFF,0x01,0x00,
    0xFF,0xF1,0xE7,0xCF,0x01,0x00,0xFF,0xBC,0x8C,0x10,0x01,0x00,0xFF,0xE0,0xC9,0x8F,
    0x10,0x00,0xFF,0xFF,0xFF,0xFF,0x01,0x00,0xFF,0xDB,0xC1,0x7F,0x01,0x00,0xFF,0xBC,
    0x8C,0x10,0x01,0x00,0xFF,0xF1,0xE7,0xCF,0x8B,0x00,0xFF,0xFF,0xFF,0xFF,0x01,0x00,
    0xFF,0xFB,0xF7,0xEF,0x12,0x00,0xFF,0xFF,0xFF,0xFF,0x01,0x00,0xFF,0xFA,0xF7,0xEF,
    0x93,0x00,0xFF,0xFF,0xFF,0xFF,0x01,0x00,0xFF,0xFB,0xF8,0xEF,0x01,0x00,0xFF,0xDF,
    0xC9,0x90,0x02,0x00,0xFF,0xD3,0xB3,0x60,0x01,0x00,0xFF,0xE4,0xD1,0xA0,0x9A,0x00,
    0xFF,0xFF,0xFF,0xFF,0x01,0x00,0xFF,0xF6,0xF0,0xDF,0x01,0x00,0xFF,0xC6,0x9C,0x30,
    0x04,0x00,0xFF,0xB8,0x85,0x00,0x01,0x00,0xFF,0xC1,0x94,0x20,0x01,0x00,0xFF,0xFB,
    0xF8,0xEF,0x98,0x00,0xFF,0xFF,0xFF,0xFF,0x01,0x00,0xFF,0xD3,0xB3,0x60,0x06,0x00,
    0xFF,0xB8,0x85,0x00,0x01,0x00,0xFF,0xCA,0xA3,0x40,0x97,0x00,0xFF,0xFF,0xFF,0xFF,
    0x01,0x00,0xFF,0xFA,0xF7,0xEF,0x08,0x00,0xFF,0xB8,0x85,0x00,0x01,0x00,0xFF,0xFB,
    0xF8,0xEF,0x96,0x00,0xFF,0xFF,0xFF,0xFF,0x01,0x00,0xFF,0xF6,0xF0,0xDF,0x08,0x00,
    0xFF,0xB8,0x85,0x00,0x01,0x00,0xFF,0xF6,0xF0,0xE0,0x96,0x00,0xFF,0xFF,0xFF,0xFF,
    0x01,0x00,0xFF,0xFA,0xF7,0xEF,0x08,0x00,0xFF,0xB8,0x85,0x00,0x01,0x00,0xFF,0xFB,
    0xF8,0xEF,0x97,0x00,0xFF,0xFF,0xFF,0xFF,0x01,0x00,0xFF,0xCA,0xA3,0x40,0x06,0x00,
    0xFF,0xB8,0x85,0x00,0x01,0x00,0xFF,0xD2,0xB2,0x60,0x98,0x00,0xFF,0xFF,0xFF,0xFF,
    0x01,0x00,0xFF,0xFA,0xF7,0xEF,0x01,0x00,0xFF,0xC1,0x94,0x20,0x04,0x00,0xFF,0xB8,
    0x85,0x00,0x01,0x00,0xFF,0xC6,0x9C,0x30,0x01,0x00,0xFF,0xF6,0xEF,0xDF,0x9A,0x00,
    0xFF,0xFF,0xFF,0xFF,0x01,0x00,0xFF,0xE4,0xD1,0x9F,0x02,0x00,0xFF,0xD2,0xB2,0x60,
    0x01,0x00,0xFF,0xDF,0xC9,0x90,0x01,0x00,0xFF,0xFB,0xF7,0xEF,0x0C,0x0E,0xFF,0xFF,
    0xFF,0xFF,0x01,0x00,0xEF,0xFF,0xFF,0xFF,0x9F,0x00,0xFF,0xFF,0xFF,0xFF,0x01,0x00,
    0xCF,0xFF,0xFF,0xFF,0x9F,0x00,0xFF,0xFF,0xFF,0xFF,0x01,0x00,0xC0,0xFF,0xFF,0xFF,
    0x9F,0x00,0xFF,0xFF,0xFF,0xFF,0x01,0x00,0x90,0xFF,0xFF,0xFF,0x9F,0x00,0xFF,0xFF,
    0xFF,0xFF,0x01,0x00,0x70,0xFF,0xFF,0xFF,0x9F,0x00,0xFF,0xFF,0xFF,0xFF,0x01,0x00,
    0x30,0xFF,0xFF,0xFF,0x9E,0x00,0xFF,0xFF,0xFF,0xFF,0x01,0x00,0xEF,0xFF,0xFF,0xFF,
    0x01,0x00,0x00,0x00,0x00,0x00,0x9E,0x00,0xFF,0xFF,0xFF,0xFF,0x01,0x00,0xB0,0xFF,
    0xFF,0xFF,0x01,0x00,0x00,0x00,0x00,0x00,0x9E,0x00,0xFF,0xFF,0xFF,0xFF,0x01,0x00,
    0x60,0xFF,0xFF,0xFF,0x01,0x00,0x00,0x00,0x00,0x00,0x9D,0x00,0xFF,0xFF,0xFF,0xFF,
    0x01,0x00,0xEF,0xFF,0xFF,0xFF,0x01,0x00,0x10,0xFF,0xFF,0xFF,0x01,0x00,0x00,0x00,
    0x00,0x00,0x9D,0x00,0xFF,0xFF,0xFF,0xFF,0x01,0x00,0x9F,0xFF,0xFF,0xFF,0x02,0x00,
    0x00,0x00,0x00,0x00,0x9D,0x00,0xFF,0xFF,0xFF,0xFF,0x01,0x00,0x20,0xFF,0xFF,0xFF,
    0x02,0x00,0x00,0x00,0x00,0x00,0x9C,0x00,0xFF,0xFF,0xFF,0xFF,0x01,0x00,0x9F,0xFF,
    0xFF,0xFF,0x03,0x00,0x00,0x00,0x00,0x00,0x9C,0x00,0xFF,0xFF,0xFF,0xFF,0x01,0x00,
    0x20,0xFF,0xFF,0xFF,0x03,0x00,0x00,0x00,0x00,0x00,0x9B,0x00,0xFF,0xFF,0xFF,0xFF,
    0x01,0x00,0x9F,0xFF,0xFF,0xFF,0x04,0x00,0x00,0x00,0x00,0x00,0x9A,0x00,0xFF,0xFF,
    0xFF,0xFF,0x01,0x00,0xDF,0xFF,0xFF,0xFF,0x01,0x00,0x20,0xFF,0xFF,0xFF,0x04,0x00,
    0x00,0x00,0x00,0x00,0x9A,0x00,0xFF,0xFF,0xFF,0xFF,0x01,0x00,0x60,0xFF,0xFF,0xFF,
    0x05,0x00,0x00,0x00,0x00,0x00,0x99,0x00,0xFF,0xFF,0xFF,0xFF,0x01,0x00,0x90,0xFF,
    0xFF,0xFF,0x06,0x00,0x00,0x00,0x00,0x00,0x98,0x00,0xFF,0xFF,0xFF,0xFF,0x01,0x00,
    0xDF,0xFF,0xFF,0xFF,0x01,0x00,0x10,0xFF,0xFF,0xFF,0x06,0x00,0x00,0x00,0x00,0x00,
    0x97,0x00,0xFF,0xFF,0xFF,0xFF,0x01,0x00,0xDF,0xFF,0xFF,0xFF,0x01,0x00,0x20,0xFF,
    0xFF,0xFF,0x07,0x00,0x00,0x00,0x00,0x00,0x96,0x00,0xFF,0xFF,0xFF,0xFF,0x01,0x00,
    0xDF,0xFF,0xFF,0xFF,0x01,0x00,0x20,0xFF,0xFF,0xFF,0x08,0x00,0x00,0x00,0x00,0x00,
    0x95,0x00,0xFF,0xFF,0xFF,0xFF,0x01,0x00,0xDF,0xFF,0xFF,0xFF,0x01,0x00,0x20,0xFF,
    0xFF,0xFF,0x09,0x00,0x00,0x00,0x00,0x00,0x94,0x00,0xFF,0xFF,0xFF,0xFF,0x01,0x00,
    0xDF,0xFF,0xFF,0xFF,0x01,0x00,0x20,0xFF,0xFF,0xFF,0x0A,0x00,0x00,0x00,0x00,0x00,
    0x93,0x00,0xFF,0xFF,0xFF,0xFF,0x01,0x00,0xAF,0xFF,0xFF,0xFF,0x01,0x00,0x10,0xFF,
    0xFF,0xFF,0x0B,0x00,0x00,0x00,0x00,0x00,0x91,0x00,0xFF,0xFF,0xFF,0xFF,0x01,0x00,
    0xEF,0xFF,0xFF,0xFF,0x01,0x00,0x70,0xFF,0xFF,0xFF,0x0D,0x00,0x00,0x00,0x00,0x00,
    0x90,0x00,0xFF,0xFF,0xFF,0xFF,0x01,0x00,0xC0,0xFF,0xFF,0xFF,0x01,0x00,0x20,0xFF,
    0xFF,0xFF,0x0E,0x00,0x00,0x00,0x00,0x00,0x8E,0x00,0xFF,0xFF,0xFF,0xFF,0x01,0x00,
    0xDF,0xFF,0xFF,0xFF,0x01,0x00,0x50,0xFF,0xFF,0xFF,0x10,0x00,0x00,0x00,0x00,0x00,
    0x8C,0x00,0xFF,0xFF,0xFF,0xFF,0x01,0x00,0xC0,0xFF,0xFF,0xFF,0x01,0x00,0x60,0xFF,
    0xFF,0xFF,0x12,0x00,0x00,0x00,0x00,0x00,0x89,0x00,0xFF,0xFF,0xFF,0xFF,0x01,0x00,
    0xEF,0xFF,0xFF,0xFF,0x01,0x00,0x90,0xFF,0xFF,0xFF,0x01,0x00,0x40,0xFF,0xFF,0xFF,
    0x14,0x00,0x00,0x00,0x00,0x00,0x85,0x00,0xFF,0xFF,0xFF,0xFF,0x01,0x00,0xE0,0xFF,
    0xFF,0xFF,0x01,0x00,0xA0,0xFF,0xFF,0xFF,0x01,0x00,0x70,0xFF,0xFF,0xFF,0x01,0x00,
    0x30,0xFF,0xFF,0xFF,0x17,0x00,0x00,0x00,0x00,0x00,0x81,0x00,0x60,0xFF,0xFF,0xFF,
    0x01,0x00,0x50,0xFF,0xFF,0xFF,0x01,0x00,0x40,0xFF,0xFF,0xFF,0x01,0x00,0x20,0xFF,
    0xFF,0xFF,0x1C,0x00,0x00,0x00,0x00,0x00,
};

leImage figmaImg_imgWifiDefault =
{
    {
        LE_STREAM_LOCATION_ID_INTERNAL, // data location id
        (void*)figmaImg_imgWifiDefault_data, // data variable pointer
        2696, // data size
    },
    LE_IMAGE_FORMAT_RLE,
    {
        LE_COLOR_MODE_RGBA_8888,
        {
            160,
            134
        },
        21440,
        2696,
        (void*)figmaImg_imgWifiDefault_data, // data variable pointer
        0, // flags
    },
    0, // image flags
    {
        0x0, // color mask
    },
    NULL, // alpha mask
    NULL, // palette
};

/*********************************
 * Legato Image Asset
 * Name:   figmaImg_imgHomeSelect
 * Size:   160x134 pixels
 * Mode:   RGBA_8888
 ***********************************/

const uint8_t figmaImg_imgHomeSelect_data[3437] =
{
    0x01,0x04,0x82,0xFF,0xB8,0x85,0x00,0x01,0xDF,0xB8,0x85,0x00,0x01,0xCF,0xB8,0x84,
    0x00,0x01,0xAF,0xB8,0x85,0x00,0x01,0x80,0xB7,0x83,0x00,0x01,0x50,0xB6,0x83,0x00,
    0x01,0x20,0xB7,0x80,0x00,0x18,0x00,0x00,0x00,0x00,0x88,0xFF,0xB8,0x85,0x00,0x01,
    0xDF,0xB8,0x85,0x00,0x01,0x9F,0xB8,0x85,0x00,0x01,0x40,0xB7,0x83,0x00,0x15,0x00,
    0x00,0x00,0x00,0x82,0xFF,0xFF,0xFF,0xFF,0x01,0xFF,0xF6,0xEF,0xDF,0x01,0xFF,0xED,
    0xE0,0xBF,0x01,0xFF,0xE8,0xD8,0xAF,0x01,0xFF,0xDB,0xC2,0x80,0x01,0xFF,0xC9,0xA3,
    0x40,0x01,0xFF,0xBC,0x8C,0x10,0x03,0xFF,0xB8,0x85,0x00,0x01,0xDF,0xB8,0x85,0x00,
    0x01,0x60,0xB7,0x82,0x00,0x01,0x20,0xB7,0x80,0x00,0x12,0x00,0x00,0x00,0x00,0x88,
    0xFF,0xFF,0xFF,0xFF,0x01,0xFF,0xED,0xE0,0xBF,0x01,0xFF,0xD7,0xBA,0x70,0x01,0xFF,
    0xC1,0x94,0x20,0x02,0xFF,0xB8,0x85,0x00,0x01,0xEF,0xB9,0x85,0x00,0x01,0x8F,0xB9,
    0x86,0x00,0x01,0x20,0xB7,0x80,0x00,0x10,0x00,0x00,0x00,0x00,0x8B,0xFF,0xFF,0xFF,
    0xFF,0x01,0xFF,0xED,0xE0,0xBF,0x01,0xFF,0xC9,0xA3,0x40,0x02,0xFF,0xB8,0x85,0x00,
    0x01,0xDF,0xB8,0x85,0x00,0x01,0x60,0xB7,0x82,0x00,0x0F,0x00,0x00,0x00,0x00,0x8D,
    0xFF,0xFF,0xFF,0xFF,0x01,0xFF,0xF6,0xEF,0xDF,0x01,0xFF,0xCE,0xAA,0x50,0x02,0xFF,
    0xB8,0x85,0x00,0x01,0xDF,0xB8,0x85,0x00,0x01,0x20,0xB7,0x80,0x00,0x0D,0x00,0x00,
    0x00,0x00,0x8F,0xFF,0xFF,0xFF,0xFF,0x01,0xFF,0xE4,0xD1,0x9F,0x01,0xFF,0xC1,0x94,
    0x20,0x01,0xFF,0xB8,0x85,0x00,0x01,0xEF,0xB8,0x85,0x00,0x01,0x70,0xB6,0x84,0x00,
    0x0C,0x00,0x00,0x00,0x00,0x90,0xFF,0xFF,0xFF,0xFF,0x01,0xFF,0xF6,0xEF,0xDF,0x01,
    0xFF,0xD2,0xB2,0x60,0x02,0xFF,0xB8,0x85,0x00,0x01,0x7F,0xB9,0x85,0x00,0x0B,0x00,
    0x00,0x00,0x00,0x92,0xFF,0xFF,0xFF,0xFF,0x01,0xFF,0xE0,0xC9,0x8F,0x02,0xFF,0xB8,
    0x85,0x00,0x01,0x9F,0xB8,0x85,0x00,0x0A,0x00,0x00,0x00,0x00,0x93,0xFF,0xFF,0xFF,
    0xFF,0x01,0xFF,0xF1,0xE7,0xCF,0x01,0xFF,0xC1,0x94,0x20,0x01,0xFF,0xB8,0x85,0x00,
    0x01,0xCF,0xB8,0x85,0x00,0x09,0x00,0x00,0x00,0x00,0x94,0xFF,0xFF,0xFF,0xFF,0x01,
    0xFF,0xF6,0xEF,0xDF,0x01,0xFF,0xC1,0x94,0x20,0x01,0xFF,0xB8,0x85,0x00,0x01,0x9F,
    0xB8,0x85,0x00,0x08,0x00,0x00,0x00,0x00,0x95,0xFF,0xFF,0xFF,0xFF,0x01,0xFF,0xF6,
    0xEF,0xDF,0x01,0xFF,0xBC,0x8C,0x10,0x01,0xFF,0xB8,0x85,0x00,0x01,0x8F,0xB9,0x86,
    0x00,0x07,0x00,0x00,0x00,0x00,0x96,0xFF,0xFF,0xFF,0xFF,0x01,0xFF,0xF1,0xE7,0xCF,
    0x01,0xFF,0xBC,0x8C,0x10,0x01,0xFF,0xB8,0x85,0x00,0x01,0x70,0xB6,0x84,0x00,0x06,
    0x00,0x00,0x00,0x00,0x97,0xFF,0xFF,0xFF,0xFF,0x01,0xFF,0xE0,0xC9,0x8F,0x01,0xFF,
    0xB8,0x85,0x00,0x01,0xEF,0xB8,0x85,0x00,0x01,0x20,0xB7,0x80,0x00,0x05,0x00,0x00,
    0x00,0x00,0x98,0xFF,0xFF,0xFF,0xFF,0x01,0xFF,0xD7,0xB9,0x70,0x01,0xFF,0xB8,0x85,
    0x00,0x01,0xBF,0xB8,0x86,0x00,0x05,0x00,0x00,0x00,0x00,0x98,0xFF,0xFF,0xFF,0xFF,
    0x01,0xFF,0xFA,0xF7,0xEF,0x01,0xFF,0xC1,0x94,0x20,0x01,0xFF,0xB8,0x85,0x00,0x01,
    0x70,0xB6,0x84,0x00,0x04,0x00,0x00,0x00,0x00,0x99,0xFF,0xFF,0xFF,0xFF,0x01,0xFF,
    0xED,0xE0,0xBF,0x01,0xFF,0xB8,0x85,0x00,0x01,0xEF,0xB8,0x85,0x00,0x01,0x10,0xAF,
    0x80,0x00,0x03,0x00,0x00,0x00,0x00,0x9A,0xFF,0xFF,0xFF,0xFF,0x01,0xFF,0xCA,0xA3,
    0x40,0x01,0xFF,0xB8,0x85,0x00,0x01,0x80,0xB7,0x83,0x00,0x03,0x00,0x00,0x00,0x00,
    0x9A,0xFF,0xFF,0xFF,0xFF,0x01,0xFF,0xED,0xE0,0xBF,0x01,0xFF,0xB8,0x85,0x00,0x01,
    0xEF,0xB8,0x85,0x00,0x01,0x10,0xAF,0x80,0x00,0x02,0x00,0x00,0x00,0x00,0x9B,0xFF,
    0xFF,0xFF,0xFF,0x01,0xFF,0xCA,0xA3,0x40,0x01,0xFF,0xB8,0x85,0x00,0x01,0x80,0xB7,
    0x83,0x00,0x02,0x00,0x00,0x00,0x00,0x9B,0xFF,0xFF,0xFF,0xFF,0x01,0xFF,0xED,0xE0,
    0xBF,0x01,0xFF,0xB8,0x85,0x00,0x01,0xEF,0xB8,0x85,0x00,0x02,0x00,0x00,0x00,0x00,
    0x9C,0xFF,0xFF,0xFF,0xFF,0x01,0xFF,0xBC,0x8C,0x10,0x01,0xFF,0xB8,0x85,0x00,0x01,
    0x40,0xB7,0x83,0x00,0x01,0x00,0x00,0x00,0x00,0x9C,0xFF,0xFF,0xFF,0xFF,0x01,0xFF,
    0xDB,0xC2,0x80,0x01,0xFF,0xB8,0x85,0x00,0x01,0x90,0xB6,0x83,0x00,0x01,0x00,0x00,
    0x00,0x00,0x9C,0xFF,0xFF,0xFF,0xFF,0x01,0xFF,0xED,0xE0,0xBF,0x01,0xFF,0xB8,0x85,
    0x00,0x01,0xDF,0xB8,0x85,0x00,0x01,0x00,0x00,0x00,0x00,0x9D,0xFF,0xFF,0xFF,0xFF,
    0x01,0xFF,0xBC,0x8C,0x10,0x01,0xFF,0xB8,0x85,0x00,0x01,0x20,0xB7,0x80,0x00,0x9D,
    0xFF,0xFF,0xFF,0xFF,0x01,0xFF,0xCE,0xAB,0x50,0x01,0xFF,0xB8,0x85,0x00,0x01,0x60,
    0xB7,0x82,0x00,0x9D,0xFF,0xFF,0xFF,0xFF,0x01,0xFF,0xD7,0xBA,0x70,0x01,0xFF,0xB8,
    0x85,0x00,0x01,0x90,0xB6,0x83,0x00,0x9D,0xFF,0xFF,0xFF,0xFF,0x01,0xFF,0xE4,0xD1,
    0x9F,0x01,0xFF,0xB8,0x85,0x00,0x01,0xB0,0xB7,0x84,0x00,0x9D,0xFF,0xFF,0xFF,0xFF,
    0x01,0xFF,0xF1,0xE8,0xCF,0x01,0xFF,0xB8,0x85,0x00,0x01,0xCF,0xB9,0x85,0x00,0x9D,
    0xFF,0xFF,0xFF,0xFF,0x01,0xFF,0xF6,0xF0,0xDF,0x01,0xFF,0xB8,0x85,0x00,0x01,0xDF,
    0xB8,0x85,0x00,0x9E,0xFF,0xFF,0xFF,0xFF,0x02,0xFF,0xB8,0x85,0x00,0x9E,0xFF,0xFF,
    0xFF,0xFF,0x02,0xFF,0xB8,0x85,0x00,0x9E,0xFF,0xFF,0xFF,0xFF,0x02,0xFF,0xB8,0x85,
    0x00,0x9E,0xFF,0xFF,0xFF,0xFF,0x02,0xFF,0xB8,0x85,0x00,0x9E,0xFF,0xFF,0xFF,0xFF,
    0x02,0xFF,0xB8,0x85,0x00,0x9E,0xFF,0xFF,0xFF,0xFF,0x02,0xFF,0xB8,0x85,0x00,0x9E,
    0xFF,0xFF,0xFF,0xFF,0x02,0xFF,0xB8,0x85,0x00,0x9E,0xFF,0xFF,0xFF,0xFF,0x02,0xFF,
    0xB8,0x85,0x00,0x9E,0xFF,0xFF,0xFF,0xFF,0x02,0xFF,0xB8,0x85,0x00,0x9E,0xFF,0xFF,
    0xFF,0xFF,0x02,0xFF,0xB8,0x85,0x00,0x9E,0xFF,0xFF,0xFF,0xFF,0x02,0xFF,0xB8,0x85,
    0x00,0x9E,0xFF,0xFF,0xFF,0xFF,0x02,0xFF,0xB8,0x85,0x00,0x9E,0xFF,0xFF,0xFF,0xFF,
    0x02,0xFF,0xB8,0x85,0x00,0x9E,0xFF,0xFF,0xFF,0xFF,0x02,0xFF,0xB8,0x85,0x00,0x9E,
    0xFF,0xFF,0xFF,0xFF,0x02,0xFF,0xB8,0x85,0x00,0x9E,0xFF,0xFF,0xFF,0xFF,0x02,0xFF,
    0xB8,0x85,0x00,0x9E,0xFF,0xFF,0xFF,0xFF,0x02,0xFF,0xB8,0x85,0x00,0x9E,0xFF,0xFF,
    0xFF,0xFF,0x02,0xFF,0xB8,0x85,0x00,0x9E,0xFF,0xFF,0xFF,0xFF,0x02,0xFF,0xB8,0x85,
    0x00,0x9E,0xFF,0xFF,0xFF,0xFF,0x02,0xFF,0xB8,0x85,0x00,0x9E,0xFF,0xFF,0xFF,0xFF,
    0x02,0xFF,0xB8,0x85,0x00,0x4F,0xFF,0xFF,0xFF,0xFF,0x01,0xFF,0xED,0xE1,0xC0,0x01,
    0xFF,0xE9,0xD9,0xAF,0x4D,0xFF,0xFF,0xFF,0xFF,0x02,0xFF,0xB8,0x85,0x00,0x4E,0xFF,
    0xFF,0xFF,0xFF,0x01,0xFF,0xD7,0xBA,0x70,0x02,0xFF,0xB8,0x85,0x00,0x01,0xFF,0xDC,
    0xC2,0x80,0x4C,0xFF,0xFF,0xFF,0xFF,0x02,0xFF,0xB8,0x85,0x00,0x4C,0xFF,0xFF,0xFF,
    0xFF,0x01,0xFF,0xF6,0xF0,0xDF,0x01,0xFF,0xCA,0xA4,0x40,0x04,0xFF,0xB8,0x85,0x00,
    0x01,0xFF,0xC6,0x9C,0x30,0x01,0xFF,0xF6,0xF0,0xDF,0x4A,0xFF,0xFF,0xFF,0xFF,0x02,
    0xFF,0xB8,0x85,0x00,0x4B,0xFF,0xFF,0xFF,0xFF,0x01,0xFF,0xED,0xE1,0xC0,0x01,0xFF,
    0xBC,0x8C,0x10,0x06,0xFF,0xB8,0x85,0x00,0x01,0xFF,0xC1,0x94,0x20,0x01,0xFF,0xE9,
    0xD9,0xAF,0x49,0xFF,0xFF,0xFF,0xFF,0x02,0xFF,0xB8,0x85,0x00,0x4A,0xFF,0xFF,0xFF,
    0xFF,0x01,0xFF,0xD7,0xBA,0x70,0x0A,0xFF,0xB8,0x85,0x00,0x01,0xFF,0xDC,0xC2,0x80,
    0x48,0xFF,0xFF,0xFF,0xFF,0x02,0xFF,0xB8,0x85,0x00,0x48,0xFF,0xFF,0xFF,0xFF,0x01,
    0xFF,0xF6,0xF0,0xDF,0x01,0xFF,0xCA,0xA4,0x40,0x0C,0xFF,0xB8,0x85,0x00,0x01,0xFF,
    0xC6,0x9C,0x30,0x01,0xFF,0xF6,0xF0,0xDF,0x46,0xFF,0xFF,0xFF,0xFF,0x02,0xFF,0xB8,
    0x85,0x00,0x47,0xFF,0xFF,0xFF,0xFF,0x01,0xFF,0xED,0xE1,0xC0,0x01,0xFF,0xBC,0x8C,
    0x10,0x0E,0xFF,0xB8,0x85,0x00,0x01,0xFF,0xC1,0x94,0x20,0x01,0xFF,0xE9,0xD9,0xAF,
    0x45,0xFF,0xFF,0xFF,0xFF,0x02,0xFF,0xB8,0x85,0x00,0x46,0xFF,0xFF,0xFF,0xFF,0x01,
    0xFF,0xD7,0xBA,0x70,0x12,0xFF,0xB8,0x85,0x00,0x01,0xFF,0xDC,0xC2,0x80,0x44,0xFF,
    0xFF,0xFF,0xFF,0x02,0xFF,0xB8,0x85,0x00,0x44,0xFF,0xFF,0xFF,0xFF,0x01,0xFF,0xF6,
    0xF0,0xDF,0x01,0xFF,0xCA,0xA4,0x40,0x14,0xFF,0xB8,0x85,0x00,0x01,0xFF,0xC6,0x9C,
    0x30,0x01,0xFF,0xF6,0xF0,0xDF,0x42,0xFF,0xFF,0xFF,0xFF,0x02,0xFF,0xB8,0x85,0x00,
    0x43,0xFF,0xFF,0xFF,0xFF,0x01,0xFF,0xED,0xE1,0xC0,0x01,0xFF,0xBC,0x8C,0x10,0x16,
    0xFF,0xB8,0x85,0x00,0x01,0xFF,0xC1,0x94,0x20,0x01,0xFF,0xE9,0xD9,0xAF,0x41,0xFF,
    0xFF,0xFF,0xFF,0x02,0xFF,0xB8,0x85,0x00,0x42,0xFF,0xFF,0xFF,0xFF,0x01,0xFF,0xE8,
    0xD8,0xB0,0x1A,0xFF,0xB8,0x85,0x00,0x01,0xFF,0xE9,0xD9,0xB0,0x40,0xFF,0xFF,0xFF,
    0xFF,0x02,0xFF,0xB8,0x85,0x00,0x42,0xFF,0xFF,0xFF,0xFF,0x01,0xFF,0xE4,0xD1,0x9F,
    0x1A,0xFF,0xB8,0x85,0x00,0x01,0xFF,0xE4,0xD1,0xA0,0x40,0xFF,0xFF,0xFF,0xFF,0x02,
    0xFF,0xB8,0x85,0x00,0x42,0xFF,0xFF,0xFF,0xFF,0x01,0xFF,0xE4,0xD1,0x9F,0x1A,0xFF,
    0xB8,0x85,0x00,0x01,0xFF,0xE4,0xD1,0xA0,0x40,0xFF,0xFF,0xFF,0xFF,0x02,0xFF,0xB8,
    0x85,0x00,0x42,0xFF,0xFF,0xFF,0xFF,0x01,0xFF,0xE4,0xD1,0x9F,0x1A,0xFF,0xB8,0x85,
    0x00,0x01,0xFF,0xE4,0xD1,0xA0,0x40,0xFF,0xFF,0xFF,0xFF,0x02,0xFF,0xB8,0x85,0x00,
    0x42,0xFF,0xFF,0xFF,0xFF,0x01,0xFF,0xE4,0xD1,0x9F,0x1A,0xFF,0xB8,0x85,0x00,0x01,
    0xFF,0xE4,0xD1,0xA0,0x40,0xFF,0xFF,0xFF,0xFF,0x02,0xFF,0xB8,0x85,0x00,0x42,0xFF,
    0xFF,0xFF,0xFF,0x01,0xFF,0xE4,0xD1,0x9F,0x1A,0xFF,0xB8,0x85,0x00,0x01,0xFF,0xE4,
    0xD1,0xA0,0x40,0xFF,0xFF,0xFF,0xFF,0x02,0xFF,0xB8,0x85,0x00,0x42,0xFF,0xFF,0xFF,
    0xFF,0x01,0xFF,0xE4,0xD1,0x9F,0x1A,0xFF,0xB8,0x85,0x00,0x01,0xFF,0xE4,0xD1,0xA0,
    0x40,0xFF,0xFF,0xFF,0xFF,0x02,0xFF,0xB8,0x85,0x00,0x42,0xFF,0xFF,0xFF,0xFF,0x01,
    0xFF,0xE4,0xD1,0x9F,0x1A,0xFF,0xB8,0x85,0x00,0x01,0xFF,0xE4,0xD1,0xA0,0x40,0xFF,
    0xFF,0xFF,0xFF,0x02,0xFF,0xB8,0x85,0x00,0x42,0xFF,0xFF,0xFF,0xFF,0x01,0xFF,0xE4,
    0xD1,0x9F,0x09,0xFF,0xB8,0x85,0x00,0x01,0xFF,0xC1,0x94,0x20,0x06,0xFF,0xD2,0xB2,
    0x60,0x01,0xFF,0xC1,0x94,0x20,0x09,0xFF,0xB8,0x85,0x00,0x01,0xFF,0xE4,0xD1,0xA0,
    0x40,0xFF,0xFF,0xFF,0xFF,0x02,0xFF,0xB8,0x85,0x00,0x42,0xFF,0xFF,0xFF,0xFF,0x01,
    0xFF,0xE4,0xD1,0x9F,0x09,0xFF,0xB8,0x85,0x00,0x01,0xFF,0xD2,0xB3,0x60,0x06,0xFF,
    0xFF,0xFF,0xFF,0x01,0xFF,0xD2,0xB3,0x60,0x09,0xFF,0xB8,0x85,0x00,0x01,0xFF,0xE4,
    0xD1,0xA0,0x40,0xFF,0xFF,0xFF,0xFF,0x02,0xFF,0xB8,0x85,0x00,0x42,0xFF,0xFF,0xFF,
    0xFF,0x01,0xFF,0xE4,0xD1,0x9F,0x09,0xFF,0xB8,0x85,0x00,0x01,0xFF,0xD2,0xB3,0x60,
    0x06,0xFF,0xFF,0xFF,0xFF,0x01,0xFF,0xD2,0xB3,0x60,0x09,0xFF,0xB8,0x85,0x00,0x01,
    0xFF,0xE4,0xD1,0xA0,0x40,0xFF,0xFF,0xFF,0xFF,0x02,0xFF,0xB8,0x85,0x00,0x42,0xFF,
    0xFF,0xFF,0xFF,0x01,0xFF,0xE4,0xD1,0x9F,0x09,0xFF,0xB8,0x85,0x00,0x01,0xFF,0xD2,
    0xB3,0x60,0x06,0xFF,0xFF,0xFF,0xFF,0x01,0xFF,0xD2,0xB3,0x60,0x09,0xFF,0xB8,0x85,
    0x00,0x01,0xFF,0xE4,0xD1,0xA0,0x40,0xFF,0xFF,0xFF,0xFF,0x02,0xFF,0xB8,0x85,0x00,
    0x42,0xFF,0xFF,0xFF,0xFF,0x01,0xFF,0xE4,0xD1,0x9F,0x09,0xFF,0xB8,0x85,0x00,0x01,
    0xFF,0xD2,0xB3,0x60,0x06,0xFF,0xFF,0xFF,0xFF,0x01,0xFF,0xD2,0xB3,0x60,0x09,0xFF,
    0xB8,0x85,0x00,0x01,0xFF,0xE4,0xD1,0xA0,0x40,0xFF,0xFF,0xFF,0xFF,0x02,0xFF,0xB8,
    0x85,0x00,0x42,0xFF,0xFF,0xFF,0xFF,0x01,0xFF,0xE4,0xD1,0x9F,0x09,0xFF,0xB8,0x85,
    0x00,0x01,0xFF,0xD2,0xB3,0x60,0x06,0xFF,0xFF,0xFF,0xFF,0x01,0xFF,0xD2,0xB3,0x60,
    0x09,0xFF,0xB8,0x85,0x00,0x01,0xFF,0xE4,0xD1,0xA0,0x40,0xFF,0xFF,0xFF,0xFF,0x02,
    0xFF,0xB8,0x85,0x00,0x42,0xFF,0xFF,0xFF,0xFF,0x01,0xFF,0xE4,0xD1,0x9F,0x09,0xFF,
    0xB8,0x85,0x00,0x01,0xFF,0xD2,0xB3,0x60,0x06,0xFF,0xFF,0xFF,0xFF,0x01,0xFF,0xD2,
    0xB3,0x60,0x09,0xFF,0xB8,0x85,0x00,0x01,0xFF,0xE4,0xD1,0xA0,0x40,0xFF,0xFF,0xFF,
    0xFF,0x02,0xFF,0xB8,0x85,0x00,0x42,0xFF,0xFF,0xFF,0xFF,0x01,0xFF,0xE4,0xD1,0x9F,
    0x09,0xFF,0xB8,0x85,0x00,0x01,0xFF,0xD2,0xB3,0x60,0x06,0xFF,0xFF,0xFF,0xFF,0x01,
    0xFF,0xD2,0xB3,0x60,0x09,0xFF,0xB8,0x85,0x00,0x01,0xFF,0xE4,0xD1,0xA0,0x40,0xFF,
    0xFF,0xFF,0xFF,0x02,0xFF,0xB8,0x85,0x00,0x42,0xFF,0xFF,0xFF,0xFF,0x01,0xFF,0xE4,
    0xD1,0x9F,0x09,0xFF,0xB8,0x85,0x00,0x01,0xFF,0xD2,0xB3,0x60,0x06,0xFF,0xFF,0xFF,
    0xFF,0x01,0xFF,0xD2,0xB3,0x60,0x09,0xFF,0xB8,0x85,0x00,0x01,0xFF,0xE4,0xD1,0xA0,
    0x40,0xFF,0xFF,0xFF,0xFF,0x02,0xFF,0xB8,0x85,0x00,0x42,0xFF,0xFF,0xFF,0xFF,0x01,
    0xFF,0xE4,0xD1,0x9F,0x09,0xFF,0xB8,0x85,0x00,0x01,0xFF,0xD2,0xB3,0x60,0x06,0xFF,
    0xFF,0xFF,0xFF,0x01,0xFF,0xD2,0xB3,0x60,0x09,0xFF,0xB8,0x85,0x00,0x01,0xFF,0xE4,
    0xD1,0xA0,0x40,0xFF,0xFF,0xFF,0xFF,0x02,0xFF,0xB8,0x85,0x00,0x42,0xFF,0xFF,0xFF,
    0xFF,0x01,0xFF,0xE4,0xD1,0x9F,0x09,0xFF,0xB8,0x85,0x00,0x01,0xFF,0xD2,0xB3,0x60,
    0x06,0xFF,0xFF,0xFF,0xFF,0x01,0xFF,0xD2,0xB3,0x60,0x09,0xFF,0xB8,0x85,0x00,0x01,
    0xFF,0xE4,0xD1,0xA0,0x40,0xFF,0xFF,0xFF,0xFF,0x02,0xFF,0xB8,0x85,0x00,0x42,0xFF,
    0xFF,0xFF,0xFF,0x01,0xFF,0xE4,0xD1,0x9F,0x09,0xFF,0xB8,0x85,0x00,0x01,0xFF,0xD2,
    0xB3,0x60,0x06,0xFF,0xFF,0xFF,0xFF,0x01,0xFF,0xD2,0xB3,0x60,0x09,0xFF,0xB8,0x85,
    0x00,0x01,0xFF,0xE4,0xD1,0xA0,0x40,0xFF,0xFF,0xFF,0xFF,0x02,0xFF,0xB8,0x85,0x00,
    0x42,0xFF,0xFF,0xFF,0xFF,0x01,0xFF,0xF6,0xEF,0xDF,0x09,0xFF,0xE4,0xD1,0x9F,0x01,
    0xFF,0xED,0xE0,0xBF,0x06,0xFF,0xFF,0xFF,0xFF,0x01,0xFF,0xED,0xE0,0xBF,0x09,0xFF,
    0xE4,0xD1,0x9F,0x01,0xFF,0xF6,0xEF,0xDF,0x40,0xFF,0xFF,0xFF,0xFF,0x02,0xFF,0xB8,
    0x85,0x00,0x9E,0xFF,0xFF,0xFF,0xFF,0x02,0xFF,0xB8,0x85,0x00,0x9E,0xFF,0xFF,0xFF,
    0xFF,0x02,0xFF,0xB8,0x85,0x00,0x9E,0xFF,0xFF,0xFF,0xFF,0x02,0xFF,0xB8,0x85,0x00,
    0x9E,0xFF,0xFF,0xFF,0xFF,0x02,0xFF,0xB8,0x85,0x00,0x9E,0xFF,0xFF,0xFF,0xFF,0x02,
    0xFF,0xB8,0x85,0x00,0x9E,0xFF,0xFF,0xFF,0xFF,0x02,0xFF,0xB8,0x85,0x00,0x9E,0xFF,
    0xFF,0xFF,0xFF,0x02,0xFF,0xB8,0x85,0x00,0x9E,0xFF,0xFF,0xFF,0xFF,0x02,0xFF,0xB8,
    0x85,0x00,0x9E,0xFF,0xFF,0xFF,0xFF,0x02,0xFF,0xB8,0x85,0x00,0x9E,0xFF,0xFF,0xFF,
    0xFF,0x02,0xFF,0xB8,0x85,0x00,0x9E,0xFF,0xFF,0xFF,0xFF,0x02,0xFF,0xB8,0x85,0x00,
    0x9E,0xFF,0xFF,0xFF,0xFF,0x02,0xFF,0xB8,0x85,0x00,0x9E,0xFF,0xFF,0xFF,0xFF,0x02,
    0xFF,0xB8,0x85,0x00,0x9E,0xFF,0xFF,0xFF,0xFF,0x02,0xFF,0xB8,0x85,0x00,0x9E,0xFF,
    0xFF,0xFF,0xFF,0x02,0xFF,0xB8,0x85,0x00,0x9E,0xFF,0xFF,0xFF,0xFF,0x02,0xFF,0xB8,
    0x85,0x00,0x9E,0xFF,0xFF,0xFF,0xFF,0x02,0xFF,0xB8,0x85,0x00,0x9E,0xFF,0xFF,0xFF,
    0xFF,0x02,0xFF,0xB8,0x85,0x00,0x9E,0xFF,0xFF,0xFF,0xFF,0x02,0xFF,0xB8,0x85,0x00,
    0x9E,0xFF,0xFF,0xFF,0xFF,0x02,0xFF,0xB8,0x85,0x00,0x9E,0xFF,0xFF,0xFF,0xFF,0x02,
    0xFF,0xB8,0x85,0x00,0x9D,0xFF,0xFF,0xFF,0xFF,0x01,0xFF,0xFA,0xF7,0xEF,0x01,0xFF,
    0xB8,0x85,0x00,0x01,0xEF,0xB8,0x85,0x00,0x9D,0xFF,0xFF,0xFF,0xFF,0x01,0xFF,0xF1,
    0xE8,0xCF,0x01,0xFF,0xB8,0x85,0x00,0x01,0xCF,0xB9,0x85,0x00,0x9D,0xFF,0xFF,0xFF,
    0xFF,0x01,0xFF,0xED,0xE1,0xC0,0x01,0xFF,0xB8,0x85,0x00,0x01,0xC0,0xB7,0x85,0x00,
    0x9D,0xFF,0xFF,0xFF,0xFF,0x01,0xFF,0xDF,0xC9,0x90,0x01,0xFF,0xB8,0x85,0x00,0x01,
    0x90,0xB6,0x83,0x00,0x9D,0xFF,0xFF,0xFF,0xFF,0x01,0xFF,0xCE,0xAB,0x50,0x01,0xFF,
    0xB8,0x85,0x00,0x01,0x70,0xB6,0x84,0x00,0x9D,0xFF,0xFF,0xFF,0xFF,0x01,0xFF,0xC1,
    0x94,0x20,0x01,0xFF,0xB8,0x85,0x00,0x01,0x30,0xB5,0x85,0x00,0x9C,0xFF,0xFF,0xFF,
    0xFF,0x01,0xFF,0xF6,0xF0,0xDF,0x01,0xFF,0xB8,0x85,0x00,0x01,0xEF,0xB8,0x85,0x00,
    0x01,0x00,0x00,0x00,0x00,0x9C,0xFF,0xFF,0xFF,0xFF,0x01,0xFF,0xE4,0xD1,0x9F,0x01,
    0xFF,0xB8,0x85,0x00,0x01,0xB0,0xB7,0x84,0x00,0x01,0x00,0x00,0x00,0x00,0x9C,0xFF,
    0xFF,0xFF,0xFF,0x01,0xFF,0xCA,0xA4,0x40,0x01,0xFF,0xB8,0x85,0x00,0x01,0x60,0xB7,
    0x82,0x00,0x01,0x00,0x00,0x00,0x00,0x9B,0xFF,0xFF,0xFF,0xFF,0x01,0xFF,0xF6,0xF0,
    0xDF,0x01,0xFF,0xB8,0x85,0x00,0x01,0xEF,0xB8,0x85,0x00,0x01,0x10,0xAF,0x80,0x00,
    0x01,0x00,0x00,0x00,0x00,0x9B,0xFF,0xFF,0xFF,0xFF,0x01,0xFF,0xD3,0xB3,0x60,0x01,
    0xFF,0xB8,0x85,0x00,0x01,0x9F,0xB8,0x85,0x00,0x02,0x00,0x00,0x00,0x00,0x9A,0xFF,
    0xFF,0xFF,0xFF,0x01,0xFF,0xF6,0xF0,0xDF,0x02,0xFF,0xB8,0x85,0x00,0x01,0x20,0xB7,
    0x80,0x00,0x02,0x00,0x00,0x00,0x00,0x9A,0xFF,0xFF,0xFF,0xFF,0x01,0xFF,0xD3,0xB3,
    0x60,0x01,0xFF,0xB8,0x85,0x00,0x01,0x9F,0xB8,0x85,0x00,0x03,0x00,0x00,0x00,0x00,
    0x99,0xFF,0xFF,0xFF,0xFF,0x01,0xFF,0xF6,0xF0,0xDF,0x02,0xFF,0xB8,0x85,0x00,0x01,
    0x20,0xB7,0x80,0x00,0x03,0x00,0x00,0x00,0x00,0x99,0xFF,0xFF,0xFF,0xFF,0x01,0xFF,
    0xD3,0xB3,0x60,0x01,0xFF,0xB8,0x85,0x00,0x01,0x9F,0xB8,0x85,0x00,0x04,0x00,0x00,
    0x00,0x00,0x98,0xFF,0xFF,0xFF,0xFF,0x01,0xFF,0xE0,0xC9,0x90,0x01,0xFF,0xB8,0x85,
    0x00,0x01,0xDF,0xB8,0x85,0x00,0x01,0x20,0xB7,0x80,0x00,0x04,0x00,0x00,0x00,0x00,
    0x97,0xFF,0xFF,0xFF,0xFF,0x01,0xFF,0xF6,0xF0,0xDF,0x01,0xFF,0xBC,0x8C,0x10,0x01,
    0xFF,0xB8,0x85,0x00,0x01,0x60,0xB7,0x82,0x00,0x05,0x00,0x00,0x00,0x00,0x96,0xFF,
    0xFF,0xFF,0xFF,0x01,0xFF,0xF6,0xF0,0xDF,0x01,0xFF,0xC1,0x94,0x20,0x01,0xFF,0xB8,
    0x85,0x00,0x01,0x90,0xB6,0x85,0x00,0x06,0x00,0x00,0x00,0x00,0x95,0xFF,0xFF,0xFF,
    0xFF,0x01,0xFF,0xFB,0xF8,0xEF,0x01,0xFF,0xC6,0x9C,0x30,0x01,0xFF,0xB8,0x85,0x00,
    0x01,0xDF,0xB8,0x85,0x00,0x01,0x10,0xAF,0x80,0x00,0x06,0x00,0x00,0x00,0x00,0x95,
    0xFF,0xFF,0xFF,0xFF,0x01,0xFF,0xCE,0xAB,0x50,0x01,0xFF,0xB8,0x85,0x00,0x01,0xDF,
    0xB8,0x85,0x00,0x01,0x20,0xB7,0x80,0x00,0x07,0x00,0x00,0x00,0x00,0x93,0xFF,0xFF,
    0xFF,0xFF,0x01,0xFF,0xFB,0xF8,0xEF,0x01,0xFF,0xC6,0x9C,0x30,0x01,0xFF,0xB8,0x85,
    0x00,0x01,0xDF,0xB8,0x85,0x00,0x01,0x20,0xB7,0x80,0x00,0x08,0x00,0x00,0x00,0x00,
    0x92,0xFF,0xFF,0xFF,0xFF,0x01,0xFF,0xF6,0xF0,0xDF,0x01,0xFF,0xC1,0x94,0x20,0x01,
    0xFF,0xB8,0x85,0x00,0x01,0xDF,0xB8,0x85,0x00,0x01,0x20,0xB7,0x80,0x00,0x09,0x00,
    0x00,0x00,0x00,0x91,0xFF,0xFF,0xFF,0xFF,0x01,0xFF,0xED,0xE1,0xC0,0x01,0xFF,0xBC,
    0x8C,0x10,0x01,0xFF,0xB8,0x85,0x00,0x01,0xDF,0xB8,0x85,0x00,0x01,0x20,0xB7,0x80,
    0x00,0x0A,0x00,0x00,0x00,0x00,0x8F,0xFF,0xFF,0xFF,0xFF,0x01,0xFF,0xFB,0xF8,0xEF,
    0x01,0xFF,0xD7,0xBA,0x70,0x02,0xFF,0xB8,0x85,0x00,0x01,0xAF,0xB9,0x86,0x00,0x01,
    0x10,0xAF,0x80,0x00,0x0B,0x00,0x00,0x00,0x00,0x8E,0xFF,0xFF,0xFF,0xFF,0x01,0xFF,
    0xE0,0xC9,0x90,0x01,0xFF,0xBC,0x8C,0x10,0x01,0xFF,0xB8,0x85,0x00,0x01,0xEF,0xB9,
    0x85,0x00,0x01,0x70,0xB6,0x84,0x00,0x0D,0x00,0x00,0x00,0x00,0x8B,0xFF,0xFF,0xFF,
    0xFF,0x01,0xFF,0xFB,0xF8,0xEF,0x01,0xFF,0xDF,0xC9,0x90,0x01,0xFF,0xC1,0x94,0x20,
    0x02,0xFF,0xB8,0x85,0x00,0x01,0xC0,0xB7,0x85,0x00,0x01,0x20,0xB7,0x80,0x00,0x0E,
    0x00,0x00,0x00,0x00,0x89,0xFF,0xFF,0xFF,0xFF,0x01,0xFF,0xED,0xE1,0xC0,0x01,0xFF,
    0xD7,0xBB,0x70,0x01,0xFF,0xBC,0x8C,0x10,0x02,0xFF,0xB8,0x85,0x00,0x01,0xDF,0xB8,
    0x85,0x00,0x01,0x50,0xB6,0x83,0x00,0x10,0x00,0x00,0x00,0x00,0x85,0xFF,0xFF,0xFF,
    0xFF,0x01,0xFF,0xF6,0xF0,0xE0,0x01,0xFF,0xE4,0xD2,0xA0,0x01,0xFF,0xD3,0xB3,0x60,
    0x01,0xFF,0xBC,0x8C,0x10,0x03,0xFF,0xB8,0x85,0x00,0x01,0xC0,0xB7,0x85,0x00,0x01,
    0x60,0xB7,0x82,0x00,0x12,0x00,0x00,0x00,0x00,0x81,0xFF,0xD3,0xB3,0x60,0x01,0xFF,
    0xCE,0xAC,0x50,0x01,0xFF,0xCA,0xA4,0x40,0x01,0xFF,0xC1,0x95,0x20,0x05,0xFF,0xB8,
    0x85,0x00,0x01,0xEF,0xB9,0x85,0x00,0x01,0x90,0xB6,0x83,0x00,0x01,0x40,0xB7,0x83,
    0x00,0x14,0x00,0x00,0x00,0x00,0x85,0xFF,0xB8,0x85,0x00,0x01,0xE0,0xB7,0x85,0x00,
    0x01,0xA0,0xB7,0x84,0x00,0x01,0x70,0xB8,0x84,0x00,0x01,0x30,0xBA,0x85,0x00,0x17,
    0x00,0x00,0x00,0x00,0x81,0x60,0xB7,0x85,0x00,0x01,0x50,0xB9,0x83,0x00,0x01,0x40,
    0xB7,0x83,0x00,0x01,0x20,0xB7,0x80,0x00,0x1C,0x00,0x00,0x00,0x00,
};

leImage figmaImg_imgHomeSelect =
{
    {
        LE_STREAM_LOCATION_ID_INTERNAL, // data location id
        (void*)figmaImg_imgHomeSelect_data, // data variable pointer
        3437, // data size
    },
    LE_IMAGE_FORMAT_RLE,
    {
        LE_COLOR_MODE_RGBA_8888,
        {
            160,
            134
        },
        21440,
        3437,
        (void*)figmaImg_imgHomeSelect_data, // data variable pointer
        0, // flags
    },
    0, // image flags
    {
        0x0, // color mask
    },
    NULL, // alpha mask
    NULL, // palette
};

/*********************************
 * Legato Image Asset
 * Name:   figmaImg_imgUp
 * Size:   57x35 pixels
 * Mode:   RGBA_8888
 ***********************************/

const uint8_t figmaImg_imgUp_data[1387] =
{
    0x01,0x04,0x1C,0x00,0x00,0x00,0x00,0x01,0x70,0xB6,0xB6,0xB6,0x01,0x20,0xB7,0xB7,
    0xB7,0x36,0x00,0x00,0x00,0x00,0x01,0x7F,0xB7,0xB7,0xB7,0x01,0xFF,0xB7,0xB7,0xB7,
    0x01,0xDF,0xB7,0xB7,0xB7,0x01,0x20,0xB7,0xB7,0xB7,0x34,0x00,0x00,0x00,0x00,0x01,
    0x7F,0xB7,0xB7,0xB7,0x03,0xFF,0xB7,0xB7,0xB7,0x01,0xDF,0xB7,0xB7,0xB7,0x01,0x20,
    0xB7,0xB7,0xB7,0x32,0x00,0x00,0x00,0x00,0x01,0x7F,0xB7,0xB7,0xB7,0x05,0xFF,0xB7,
    0xB7,0xB7,0x01,0xDF,0xB7,0xB7,0xB7,0x01,0x20,0xB7,0xB7,0xB7,0x30,0x00,0x00,0x00,
    0x00,0x01,0x7F,0xB7,0xB7,0xB7,0x07,0xFF,0xB7,0xB7,0xB7,0x01,0xDF,0xB7,0xB7,0xB7,
    0x01,0x20,0xB7,0xB7,0xB7,0x2E,0x00,0x00,0x00,0x00,0x01,0x7F,0xB7,0xB7,0xB7,0x09,
    0xFF,0xB7,0xB7,0xB7,0x01,0xDF,0xB7,0xB7,0xB7,0x01,0x20,0xB7,0xB7,0xB7,0x2C,0x00,
    0x00,0x00,0x00,0x01,0x7F,0xB7,0xB7,0xB7,0x0B,0xFF,0xB7,0xB7,0xB7,0x01,0xDF,0xB7,
    0xB7,0xB7,0x01,0x20,0xB7,0xB7,0xB7,0x2A,0x00,0x00,0x00,0x00,0x01,0x7F,0xB7,0xB7,
    0xB7,0x0D,0xFF,0xB7,0xB7,0xB7,0x01,0xDF,0xB7,0xB7,0xB7,0x01,0x20,0xB7,0xB7,0xB7,
    0x28,0x00,0x00,0x00,0x00,0x01,0x7F,0xB7,0xB7,0xB7,0x0F,0xFF,0xB7,0xB7,0xB7,0x01,
    0xDF,0xB7,0xB7,0xB7,0x01,0x20,0xB7,0xB7,0xB7,0x26,0x00,0x00,0x00,0x00,0x01,0x7F,
    0xB7,0xB7,0xB7,0x11,0xFF,0xB7,0xB7,0xB7,0x01,0xDF,0xB7,0xB7,0xB7,0x01,0x20,0xB7,
    0xB7,0xB7,0x24,0x00,0x00,0x00,0x00,0x01,0x7F,0xB7,0xB7,0xB7,0x13,0xFF,0xB7,0xB7,
    0xB7,0x01,0xDF,0xB7,0xB7,0xB7,0x01,0x20,0xB7,0xB7,0xB7,0x22,0x00,0x00,0x00,0x00,
    0x01,0x7F,0xB7,0xB7,0xB7,0x15,0xFF,0xB7,0xB7,0xB7,0x01,0xDF,0xB7,0xB7,0xB7,0x01,
    0x20,0xB7,0xB7,0xB7,0x20,0x00,0x00,0x00,0x00,0x01,0x7F,0xB7,0xB7,0xB7,0x17,0xFF,
    0xB7,0xB7,0xB7,0x01,0xDF,0xB7,0xB7,0xB7,0x01,0x20,0xB7,0xB7,0xB7,0x1E,0x00,0x00,
    0x00,0x00,0x01,0x7F,0xB7,0xB7,0xB7,0x0C,0xFF,0xB7,0xB7,0xB7,0x01,0x90,0xB6,0xB6,
    0xB6,0x01,0xDF,0xB7,0xB7,0xB7,0x0B,0xFF,0xB7,0xB7,0xB7,0x01,0xDF,0xB7,0xB7,0xB7,
    0x01,0x20,0xB7,0xB7,0xB7,0x1C,0x00,0x00,0x00,0x00,0x01,0x7F,0xB7,0xB7,0xB7,0x0C,
    0xFF,0xB7,0xB7,0xB7,0x01,0x80,0xB7,0xB7,0xB7,0x01,0x00,0x00,0x00,0x00,0x01,0x20,
    0xB7,0xB7,0xB7,0x01,0xDF,0xB7,0xB7,0xB7,0x0B,0xFF,0xB7,0xB7,0xB7,0x01,0xDF,0xB7,
    0xB7,0xB7,0x01,0x20,0xB7,0xB7,0xB7,0x1A,0x00,0x00,0x00,0x00,0x01,0x7F,0xB7,0xB7,
    0xB7,0x0C,0xFF,0xB7,0xB7,0xB7,0x01,0x80,0xB7,0xB7,0xB7,0x03,0x00,0x00,0x00,0x00,
    0x01,0x20,0xB7,0xB7,0xB7,0x01,0xDF,0xB7,0xB7,0xB7,0x0B,0xFF,0xB7,0xB7,0xB7,0x01,
    0xDF,0xB7,0xB7,0xB7,0x01,0x20,0xB7,0xB7,0xB7,0x18,0x00,0x00,0x00,0x00,0x01,0x7F,
    0xB7,0xB7,0xB7,0x0C,0xFF,0xB7,0xB7,0xB7,0x01,0x80,0xB7,0xB7,0xB7,0x05,0x00,0x00,
    0x00,0x00,0x01,0x20,0xB7,0xB7,0xB7,0x01,0xDF,0xB7,0xB7,0xB7,0x0B,0xFF,0xB7,0xB7,
    0xB7,0x01,0xDF,0xB7,0xB7,0xB7,0x01,0x20,0xB7,0xB7,0xB7,0x16,0x00,0x00,0x00,0x00,
    0x01,0x7F,0xB7,0xB7,0xB7,0x0C,0xFF,0xB7,0xB7,0xB7,0x01,0x80,0xB7,0xB7,0xB7,0x07,
    0x00,0x00,0x00,0x00,0x01,0x20,0xB7,0xB7,0xB7,0x01,0xDF,0xB7,0xB7,0xB7,0x0B,0xFF,
    0xB7,0xB7,0xB7,0x01,0xDF,0xB7,0xB7,0xB7,0x01,0x20,0xB7,0xB7,0xB7,0x14,0x00,0x00,
    0x00,0x00,0x01,0x7F,0xB7,0xB7,0xB7,0x0C,0xFF,0xB7,0xB7,0xB7,0x01,0x80,0xB7,0xB7,
    0xB7,0x09,0x00,0x00,0x00,0x00,0x01,0x20,0xB7,0xB7,0xB7,0x01,0xDF,0xB7,0xB7,0xB7,
    0x0B,0xFF,0xB7,0xB7,0xB7,0x01,0xDF,0xB7,0xB7,0xB7,0x01,0x20,0xB7,0xB7,0xB7,0x12,
    0x00,0x00,0x00,0x00,0x01,0x7F,0xB7,0xB7,0xB7,0x0C,0xFF,0xB7,0xB7,0xB7,0x01,0x80,
    0xB7,0xB7,0xB7,0x0B,0x00,0x00,0x00,0x00,0x01,0x20,0xB7,0xB7,0xB7,0x01,0xDF,0xB7,
    0xB7,0xB7,0x0B,0xFF,0xB7,0xB7,0xB7,0x01,0xDF,0xB7,0xB7,0xB7,0x01,0x20,0xB7,0xB7,
    0xB7,0x10,0x00,0x00,0x00,0x00,0x01,0x7F,0xB7,0xB7,0xB7,0x0C,0xFF,0xB7,0xB7,0xB7,
    0x01,0x80,0xB7,0xB7,0xB7,0x0D,0x00,0x00,0x00,0x00,0x01,0x20,0xB7,0xB7,0xB7,0x01,
    0xDF,0xB7,0xB7,0xB7,0x0B,0xFF,0xB7,0xB7,0xB7,0x01,0xDF,0xB7,0xB7,0xB7,0x01,0x20,
    0xB7,0xB7,0xB7,0x0E,0x00,0x00,0x00,0x00,0x01,0x7F,0xB7,0xB7,0xB7,0x0C,0xFF,0xB7,
    0xB7,0xB7,0x01,0x80,0xB7,0xB7,0xB7,0x0F,0x00,0x00,0x00,0x00,0x01,0x20,0xB7,0xB7,
    0xB7,0x01,0xDF,0xB7,0xB7,0xB7,0x0B,0xFF,0xB7,0xB7,0xB7,0x01,0xDF,0xB7,0xB7,0xB7,
    0x01,0x20,0xB7,0xB7,0xB7,0x0C,0x00,0x00,0x00,0x00,0x01,0x7F,0xB7,0xB7,0xB7,0x0C,
    0xFF,0xB7,0xB7,0xB7,0x01,0x80,0xB7,0xB7,0xB7,0x11,0x00,0x00,0x00,0x00,0x01,0x20,
    0xB7,0xB7,0xB7,0x01,0xDF,0xB7,0xB7,0xB7,0x0B,0xFF,0xB7,0xB7,0xB7,0x01,0xDF,0xB7,
    0xB7,0xB7,0x01,0x20,0xB7,0xB7,0xB7,0x0A,0x00,0x00,0x00,0x00,0x01,0x7F,0xB7,0xB7,
    0xB7,0x0C,0xFF,0xB7,0xB7,0xB7,0x01,0x80,0xB7,0xB7,0xB7,0x13,0x00,0x00,0x00,0x00,
    0x01,0x20,0xB7,0xB7,0xB7,0x01,0xDF,0xB7,0xB7,0xB7,0x0B,0xFF,0xB7,0xB7,0xB7,0x01,
    0xDF,0xB7,0xB7,0xB7,0x01,0x20,0xB7,0xB7,0xB7,0x08,0x00,0x00,0x00,0x00,0x01,0x7F,
    0xB7,0xB7,0xB7,0x0C,0xFF,0xB7,0xB7,0xB7,0x01,0x80,0xB7,0xB7,0xB7,0x15,0x00,0x00,
    0x00,0x00,0x01,0x20,0xB7,0xB7,0xB7,0x01,0xDF,0xB7,0xB7,0xB7,0x0B,0xFF,0xB7,0xB7,
    0xB7,0x01,0xDF,0xB7,0xB7,0xB7,0x01,0x20,0xB7,0xB7,0xB7,0x06,0x00,0x00,0x00,0x00,
    0x01,0x7F,0xB7,0xB7,0xB7,0x0C,0xFF,0xB7,0xB7,0xB7,0x01,0x80,0xB7,0xB7,0xB7,0x17,
    0x00,0x00,0x00,0x00,0x01,0x20,0xB7,0xB7,0xB7,0x01,0xDF,0xB7,0xB7,0xB7,0x0B,0xFF,
    0xB7,0xB7,0xB7,0x01,0xDF,0xB7,0xB7,0xB7,0x01,0x20,0xB7,0xB7,0xB7,0x04,0x00,0x00,
    0x00,0x00,0x01,0x7F,0xB7,0xB7,0xB7,0x0C,0xFF,0xB7,0xB7,0xB7,0x01,0x80,0xB7,0xB7,
    0xB7,0x19,0x00,0x00,0x00,0x00,0x01,0x20,0xB7,0xB7,0xB7,0x01,0xDF,0xB7,0xB7,0xB7,
    0x0B,0xFF,0xB7,0xB7,0xB7,0x01,0xDF,0xB7,0xB7,0xB7,0x01,0x20,0xB7,0xB7,0xB7,0x02,
    0x00,0x00,0x00,0x00,0x01,0x7F,0xB7,0xB7,0xB7,0x0C,0xFF,0xB7,0xB7,0xB7,0x01,0x80,
    0xB7,0xB7,0xB7,0x1B,0x00,0x00,0x00,0x00,0x01,0x20,0xB7,0xB7,0xB7,0x01,0xDF,0xB7,
    0xB7,0xB7,0x0B,0xFF,0xB7,0xB7,0xB7,0x01,0xDF,0xB7,0xB7,0xB7,0x01,0x20,0xB7,0xB7,
    0xB7,0x01,0x10,0xBF,0xBF,0xBF,0x01,0xDF,0xB7,0xB7,0xB7,0x0B,0xFF,0xB7,0xB7,0xB7,
    0x01,0x80,0xB7,0xB7,0xB7,0x1D,0x00,0x00,0x00,0x00,0x01,0x20,0xB7,0xB7,0xB7,0x01,
    0xDF,0xB7,0xB7,0xB7,0x0B,0xFF,0xB7,0xB7,0xB7,0x01,0x70,0xB6,0xB6,0xB6,0x01,0x00,
    0x00,0x00,0x00,0x01,0x20,0xB7,0xB7,0xB7,0x01,0xDF,0xB7,0xB7,0xB7,0x09,0xFF,0xB7,
    0xB7,0xB7,0x01,0x80,0xB7,0xB7,0xB7,0x1F,0x00,0x00,0x00,0x00,0x01,0x20,0xB7,0xB7,
    0xB7,0x01,0xDF,0xB7,0xB7,0xB7,0x09,0xFF,0xB7,0xB7,0xB7,0x01,0x80,0xB7,0xB7,0xB7,
    0x03,0x00,0x00,0x00,0x00,0x01,0x20,0xB7,0xB7,0xB7,0x01,0xDF,0xB7,0xB7,0xB7,0x07,
    0xFF,0xB7,0xB7,0xB7,0x01,0x80,0xB7,0xB7,0xB7,0x21,0x00,0x00,0x00,0x00,0x01,0x20,
    0xB7,0xB7,0xB7,0x01,0xDF,0xB7,0xB7,0xB7,0x07,0xFF,0xB7,0xB7,0xB7,0x01,0x80,0xB7,
    0xB7,0xB7,0x05,0x00,0x00,0x00,0x00,0x01,0x20,0xB7,0xB7,0xB7,0x01,0xDF,0xB7,0xB7,
    0xB7,0x05,0xFF,0xB7,0xB7,0xB7,0x01,0x80,0xB7,0xB7,0xB7,0x23,0x00,0x00,0x00,0x00,
    0x01,0x20,0xB7,0xB7,0xB7,0x01,0xDF,0xB7,0xB7,0xB7,0x05,0xFF,0xB7,0xB7,0xB7,0x01,
    0x80,0xB7,0xB7,0xB7,0x07,0x00,0x00,0x00,0x00,0x01,0x20,0xB7,0xB7,0xB7,0x01,0xDF,
    0xB7,0xB7,0xB7,0x03,0xFF,0xB7,0xB7,0xB7,0x01,0x80,0xB7,0xB7,0xB7,0x25,0x00,0x00,
    0x00,0x00,0x01,0x20,0xB7,0xB7,0xB7,0x01,0xDF,0xB7,0xB7,0xB7,0x03,0xFF,0xB7,0xB7,
    0xB7,0x01,0x80,0xB7,0xB7,0xB7,0x09,0x00,0x00,0x00,0x00,0x01,0x20,0xB7,0xB7,0xB7,
    0x01,0xDF,0xB7,0xB7,0xB7,0x01,0xFF,0xB7,0xB7,0xB7,0x01,0x80,0xB7,0xB7,0xB7,0x27,
    0x00,0x00,0x00,0x00,0x01,0x20,0xB7,0xB7,0xB7,0x01,0xDF,0xB7,0xB7,0xB7,0x01,0xFF,
    0xB7,0xB7,0xB7,0x01,0x80,0xB7,0xB7,0xB7,0x0B,0x00,0x00,0x00,0x00,0x01,0x20,0xB7,
    0xB7,0xB7,0x01,0x70,0xB6,0xB6,0xB6,0x29,0x00,0x00,0x00,0x00,0x01,0x20,0xB7,0xB7,
    0xB7,0x01,0x70,0xB6,0xB6,0xB6,0x06,0x00,0x00,0x00,0x00,
};

leImage figmaImg_imgUp =
{
    {
        LE_STREAM_LOCATION_ID_INTERNAL, // data location id
        (void*)figmaImg_imgUp_data, // data variable pointer
        1387, // data size
    },
    LE_IMAGE_FORMAT_RLE,
    {
        LE_COLOR_MODE_RGBA_8888,
        {
            57,
            35
        },
        1995,
        1387,
        (void*)figmaImg_imgUp_data, // data variable pointer
        0, // flags
    },
    0, // image flags
    {
        0x0, // color mask
    },
    NULL, // alpha mask
    NULL, // palette
};

/*********************************
 * Legato Image Asset
 * Name:   figmaImg_imgDown
 * Size:   57x35 pixels
 * Mode:   RGBA_8888
 ***********************************/

const uint8_t figmaImg_imgDown_data[1392] =
{
    0x01,0x04,0x06,0x00,0x00,0x00,0x00,0x01,0x20,0xB7,0xB7,0xB7,0x01,0x6F,0xB8,0xB8,
    0xB8,0x29,0x00,0x00,0x00,0x00,0x01,0x20,0xB7,0xB7,0xB7,0x01,0x6F,0xB8,0xB8,0xB8,
    0x0B,0x00,0x00,0x00,0x00,0x01,0x20,0xB7,0xB7,0xB7,0x01,0xDF,0xB7,0xB7,0xB7,0x01,
    0xFF,0xB7,0xB7,0xB7,0x01,0x7F,0xB7,0xB7,0xB7,0x27,0x00,0x00,0x00,0x00,0x01,0x20,
    0xB7,0xB7,0xB7,0x01,0xDF,0xB7,0xB7,0xB7,0x01,0xFF,0xB7,0xB7,0xB7,0x01,0x7F,0xB7,
    0xB7,0xB7,0x09,0x00,0x00,0x00,0x00,0x01,0x20,0xB7,0xB7,0xB7,0x01,0xDF,0xB7,0xB7,
    0xB7,0x03,0xFF,0xB7,0xB7,0xB7,0x01,0x7F,0xB7,0xB7,0xB7,0x25,0x00,0x00,0x00,0x00,
    0x01,0x20,0xB7,0xB7,0xB7,0x01,0xDF,0xB7,0xB7,0xB7,0x03,0xFF,0xB7,0xB7,0xB7,0x01,
    0x7F,0xB7,0xB7,0xB7,0x07,0x00,0x00,0x00,0x00,0x01,0x20,0xB7,0xB7,0xB7,0x01,0xDF,
    0xB7,0xB7,0xB7,0x05,0xFF,0xB7,0xB7,0xB7,0x01,0x7F,0xB7,0xB7,0xB7,0x23,0x00,0x00,
    0x00,0x00,0x01,0x20,0xB7,0xB7,0xB7,0x01,0xDF,0xB7,0xB7,0xB7,0x05,0xFF,0xB7,0xB7,
    0xB7,0x01,0x7F,0xB7,0xB7,0xB7,0x05,0x00,0x00,0x00,0x00,0x01,0x20,0xB7,0xB7,0xB7,
    0x01,0xDF,0xB7,0xB7,0xB7,0x07,0xFF,0xB7,0xB7,0xB7,0x01,0x7F,0xB7,0xB7,0xB7,0x21,
    0x00,0x00,0x00,0x00,0x01,0x20,0xB7,0xB7,0xB7,0x01,0xDF,0xB7,0xB7,0xB7,0x07,0xFF,
    0xB7,0xB7,0xB7,0x01,0x7F,0xB7,0xB7,0xB7,0x03,0x00,0x00,0x00,0x00,0x01,0x20,0xB7,
    0xB7,0xB7,0x01,0xDF,0xB7,0xB7,0xB7,0x09,0xFF,0xB7,0xB7,0xB7,0x01,0x7F,0xB7,0xB7,
    0xB7,0x1F,0x00,0x00,0x00,0x00,0x01,0x20,0xB7,0xB7,0xB7,0x01,0xDF,0xB7,0xB7,0xB7,
    0x09,0xFF,0xB7,0xB7,0xB7,0x01,0x7F,0xB7,0xB7,0xB7,0x01,0x00,0x00,0x00,0x00,0x01,
    0x10,0xBF,0xBF,0xBF,0x01,0xDF,0xB7,0xB7,0xB7,0x0B,0xFF,0xB7,0xB7,0xB7,0x01,0x7F,
    0xB7,0xB7,0xB7,0x1D,0x00,0x00,0x00,0x00,0x01,0x20,0xB7,0xB7,0xB7,0x01,0xDF,0xB7,
    0xB7,0xB7,0x0B,0xFF,0xB7,0xB7,0xB7,0x01,0x70,0xB6,0xB6,0xB6,0x01,0x00,0x00,0x00,
    0x00,0x01,0x80,0xB7,0xB7,0xB7,0x0C,0xFF,0xB7,0xB7,0xB7,0x01,0x7F,0xB7,0xB7,0xB7,
    0x1B,0x00,0x00,0x00,0x00,0x01,0x20,0xB7,0xB7,0xB7,0x01,0xDF,0xB7,0xB7,0xB7,0x0B,
    0xFF,0xB7,0xB7,0xB7,0x01,0xDF,0xB7,0xB7,0xB7,0x01,0x20,0xB7,0xB7,0xB7,0x02,0x00,
    0x00,0x00,0x00,0x01,0x80,0xB7,0xB7,0xB7,0x0C,0xFF,0xB7,0xB7,0xB7,0x01,0x7F,0xB7,
    0xB7,0xB7,0x19,0x00,0x00,0x00,0x00,0x01,0x20,0xB7,0xB7,0xB7,0x01,0xDF,0xB7,0xB7,
    0xB7,0x0B,0xFF,0xB7,0xB7,0xB7,0x01,0xDF,0xB7,0xB7,0xB7,0x01,0x20,0xB7,0xB7,0xB7,
    0x04,0x00,0x00,0x00,0x00,0x01,0x80,0xB7,0xB7,0xB7,0x0C,0xFF,0xB7,0xB7,0xB7,0x01,
    0x7F,0xB7,0xB7,0xB7,0x17,0x00,0x00,0x00,0x00,0x01,0x20,0xB7,0xB7,0xB7,0x01,0xDF,
    0xB7,0xB7,0xB7,0x0B,0xFF,0xB7,0xB7,0xB7,0x01,0xDF,0xB7,0xB7,0xB7,0x01,0x20,0xB7,
    0xB7,0xB7,0x06,0x00,0x00,0x00,0x00,0x01,0x80,0xB7,0xB7,0xB7,0x0C,0xFF,0xB7,0xB7,
    0xB7,0x01,0x7F,0xB7,0xB7,0xB7,0x15,0x00,0x00,0x00,0x00,0x01,0x20,0xB7,0xB7,0xB7,
    0x01,0xDF,0xB7,0xB7,0xB7,0x0B,0xFF,0xB7,0xB7,0xB7,0x01,0xDF,0xB7,0xB7,0xB7,0x01,
    0x20,0xB7,0xB7,0xB7,0x08,0x00,0x00,0x00,0x00,0x01,0x80,0xB7,0xB7,0xB7,0x0C,0xFF,
    0xB7,0xB7,0xB7,0x01,0x7F,0xB7,0xB7,0xB7,0x13,0x00,0x00,0x00,0x00,0x01,0x20,0xB7,
    0xB7,0xB7,0x01,0xDF,0xB7,0xB7,0xB7,0x0B,0xFF,0xB7,0xB7,0xB7,0x01,0xDF,0xB7,0xB7,
    0xB7,0x01,0x20,0xB7,0xB7,0xB7,0x0A,0x00,0x00,0x00,0x00,0x01,0x80,0xB7,0xB7,0xB7,
    0x0C,0xFF,0xB7,0xB7,0xB7,0x01,0x7F,0xB7,0xB7,0xB7,0x11,0x00,0x00,0x00,0x00,0x01,
    0x20,0xB7,0xB7,0xB7,0x01,0xDF,0xB7,0xB7,0xB7,0x0B,0xFF,0xB7,0xB7,0xB7,0x01,0xDF,
    0xB7,0xB7,0xB7,0x01,0x20,0xB7,0xB7,0xB7,0x0C,0x00,0x00,0x00,0x00,0x01,0x80,0xB7,
    0xB7,0xB7,0x0C,0xFF,0xB7,0xB7,0xB7,0x01,0x7F,0xB7,0xB7,0xB7,0x0F,0x00,0x00,0x00,
    0x00,0x01,0x20,0xB7,0xB7,0xB7,0x01,0xDF,0xB7,0xB7,0xB7,0x0B,0xFF,0xB7,0xB7,0xB7,
    0x01,0xDF,0xB7,0xB7,0xB7,0x01,0x20,0xB7,0xB7,0xB7,0x0E,0x00,0x00,0x00,0x00,0x01,
    0x80,0xB7,0xB7,0xB7,0x0C,0xFF,0xB7,0xB7,0xB7,0x01,0x7F,0xB7,0xB7,0xB7,0x0D,0x00,
    0x00,0x00,0x00,0x01,0x20,0xB7,0xB7,0xB7,0x01,0xDF,0xB7,0xB7,0xB7,0x0B,0xFF,0xB7,
    0xB7,0xB7,0x01,0xDF,0xB7,0xB7,0xB7,0x01,0x20,0xB7,0xB7,0xB7,0x10,0x00,0x00,0x00,
    0x00,0x01,0x80,0xB7,0xB7,0xB7,0x0C,0xFF,0xB7,0xB7,0xB7,0x01,0x7F,0xB7,0xB7,0xB7,
    0x0B,0x00,0x00,0x00,0x00,0x01,0x20,0xB7,0xB7,0xB7,0x01,0xDF,0xB7,0xB7,0xB7,0x0B,
    0xFF,0xB7,0xB7,0xB7,0x01,0xDF,0xB7,0xB7,0xB7,0x01,0x20,0xB7,0xB7,0xB7,0x12,0x00,
    0x00,0x00,0x00,0x01,0x80,0xB7,0xB7,0xB7,0x0C,0xFF,0xB7,0xB7,0xB7,0x01,0x7F,0xB7,
    0xB7,0xB7,0x09,0x00,0x00,0x00,0x00,0x01,0x20,0xB7,0xB7,0xB7,0x01,0xDF,0xB7,0xB7,
    0xB7,0x0B,0xFF,0xB7,0xB7,0xB7,0x01,0xDF,0xB7,0xB7,0xB7,0x01,0x20,0xB7,0xB7,0xB7,
    0x14,0x00,0x00,0x00,0x00,0x01,0x80,0xB7,0xB7,0xB7,0x0C,0xFF,0xB7,0xB7,0xB7,0x01,
    0x7F,0xB7,0xB7,0xB7,0x07,0x00,0x00,0x00,0x00,0x01,0x20,0xB7,0xB7,0xB7,0x01,0xDF,
    0xB7,0xB7,0xB7,0x0B,0xFF,0xB7,0xB7,0xB7,0x01,0xDF,0xB7,0xB7,0xB7,0x01,0x20,0xB7,
    0xB7,0xB7,0x16,0x00,0x00,0x00,0x00,0x01,0x80,0xB7,0xB7,0xB7,0x0C,0xFF,0xB7,0xB7,
    0xB7,0x01,0x7F,0xB7,0xB7,0xB7,0x05,0x00,0x00,0x00,0x00,0x01,0x20,0xB7,0xB7,0xB7,
    0x01,0xDF,0xB7,0xB7,0xB7,0x0B,0xFF,0xB7,0xB7,0xB7,0x01,0xDF,0xB7,0xB7,0xB7,0x01,
    0x20,0xB7,0xB7,0xB7,0x18,0x00,0x00,0x00,0x00,0x01,0x80,0xB7,0xB7,0xB7,0x0C,0xFF,
    0xB7,0xB7,0xB7,0x01,0x7F,0xB7,0xB7,0xB7,0x03,0x00,0x00,0x00,0x00,0x01,0x20,0xB7,
    0xB7,0xB7,0x01,0xDF,0xB7,0xB7,0xB7,0x0B,0xFF,0xB7,0xB7,0xB7,0x01,0xDF,0xB7,0xB7,
    0xB7,0x01,0x20,0xB7,0xB7,0xB7,0x1A,0x00,0x00,0x00,0x00,0x01,0x80,0xB7,0xB7,0xB7,
    0x0C,0xFF,0xB7,0xB7,0xB7,0x01,0x7F,0xB7,0xB7,0xB7,0x01,0x00,0x00,0x00,0x00,0x01,
    0x20,0xB7,0xB7,0xB7,0x01,0xDF,0xB7,0xB7,0xB7,0x0B,0xFF,0xB7,0xB7,0xB7,0x01,0xDF,
    0xB7,0xB7,0xB7,0x01,0x20,0xB7,0xB7,0xB7,0x1C,0x00,0x00,0x00,0x00,0x01,0x80,0xB7,
    0xB7,0xB7,0x0C,0xFF,0xB7,0xB7,0xB7,0x01,0x8F,0xB6,0xB6,0xB6,0x01,0xDF,0xB7,0xB7,
    0xB7,0x0B,0xFF,0xB7,0xB7,0xB7,0x01,0xDF,0xB7,0xB7,0xB7,0x01,0x20,0xB7,0xB7,0xB7,
    0x1E,0x00,0x00,0x00,0x00,0x01,0x80,0xB7,0xB7,0xB7,0x17,0xFF,0xB7,0xB7,0xB7,0x01,
    0xDF,0xB7,0xB7,0xB7,0x01,0x20,0xB7,0xB7,0xB7,0x20,0x00,0x00,0x00,0x00,0x01,0x80,
    0xB7,0xB7,0xB7,0x15,0xFF,0xB7,0xB7,0xB7,0x01,0xDF,0xB7,0xB7,0xB7,0x01,0x20,0xB7,
    0xB7,0xB7,0x22,0x00,0x00,0x00,0x00,0x01,0x80,0xB7,0xB7,0xB7,0x13,0xFF,0xB7,0xB7,
    0xB7,0x01,0xDF,0xB7,0xB7,0xB7,0x01,0x20,0xB7,0xB7,0xB7,0x24,0x00,0x00,0x00,0x00,
    0x01,0x80,0xB7,0xB7,0xB7,0x11,0xFF,0xB7,0xB7,0xB7,0x01,0xDF,0xB7,0xB7,0xB7,0x01,
    0x20,0xB7,0xB7,0xB7,0x26,0x00,0x00,0x00,0x00,0x01,0x80,0xB7,0xB7,0xB7,0x0F,0xFF,
    0xB7,0xB7,0xB7,0x01,0xDF,0xB7,0xB7,0xB7,0x01,0x20,0xB7,0xB7,0xB7,0x28,0x00,0x00,
    0x00,0x00,0x01,0x80,0xB7,0xB7,0xB7,0x0D,0xFF,0xB7,0xB7,0xB7,0x01,0xDF,0xB7,0xB7,
    0xB7,0x01,0x20,0xB7,0xB7,0xB7,0x2A,0x00,0x00,0x00,0x00,0x01,0x80,0xB7,0xB7,0xB7,
    0x0B,0xFF,0xB7,0xB7,0xB7,0x01,0xDF,0xB7,0xB7,0xB7,0x01,0x20,0xB7,0xB7,0xB7,0x2C,
    0x00,0x00,0x00,0x00,0x01,0x80,0xB7,0xB7,0xB7,0x09,0xFF,0xB7,0xB7,0xB7,0x01,0xDF,
    0xB7,0xB7,0xB7,0x01,0x20,0xB7,0xB7,0xB7,0x2E,0x00,0x00,0x00,0x00,0x01,0x80,0xB7,
    0xB7,0xB7,0x07,0xFF,0xB7,0xB7,0xB7,0x01,0xDF,0xB7,0xB7,0xB7,0x01,0x20,0xB7,0xB7,
    0xB7,0x30,0x00,0x00,0x00,0x00,0x01,0x80,0xB7,0xB7,0xB7,0x05,0xFF,0xB7,0xB7,0xB7,
    0x01,0xDF,0xB7,0xB7,0xB7,0x01,0x20,0xB7,0xB7,0xB7,0x32,0x00,0x00,0x00,0x00,0x01,
    0x80,0xB7,0xB7,0xB7,0x03,0xFF,0xB7,0xB7,0xB7,0x01,0xDF,0xB7,0xB7,0xB7,0x01,0x20,
    0xB7,0xB7,0xB7,0x34,0x00,0x00,0x00,0x00,0x01,0x80,0xB7,0xB7,0xB7,0x01,0xFF,0xB7,
    0xB7,0xB7,0x01,0xDF,0xB7,0xB7,0xB7,0x01,0x20,0xB7,0xB7,0xB7,0x36,0x00,0x00,0x00,
    0x00,0x01,0x70,0xB8,0xB8,0xB8,0x01,0x20,0xB7,0xB7,0xB7,0x1B,0x00,0x00,0x00,0x00,
};

leImage figmaImg_imgDown =
{
    {
        LE_STREAM_LOCATION_ID_INTERNAL, // data location id
        (void*)figmaImg_imgDown_data, // data variable pointer
        1392, // data size
    },
    LE_IMAGE_FORMAT_RLE,
    {
        LE_COLOR_MODE_RGBA_8888,
        {
            57,
            35
        },
        1995,
        1392,
        (void*)figmaImg_imgDown_data, // data variable pointer
        0, // flags
    },
    0, // image flags
    {
        0x0, // color mask
    },
    NULL, // alpha mask
    NULL, // palette
};

/*********************************
 * Legato Image Asset
 * Name:   figmaImg_imgEllipse
 * Size:   382x197 pixels
 * Mode:   RGBA_8888
 ***********************************/

const uint8_t figmaImg_imgEllipse_data[11096] =
{
    0x02,0x04,0xAC,0x00,0x00,0x00,0x00,0x00,0x01,0x00,0x20,0xFF,0xFF,0xFF,0x01,0x00,
    0x30,0xFF,0xFF,0xFF,0x01,0x00,0x50,0xFF,0xFF,0xFF,0x01,0x00,0x60,0xFF,0xFF,0xFF,
    0x01,0x00,0x70,0xFF,0xFF,0xFF,0x01,0x00,0x80,0xFF,0xFF,0xFF,0x02,0x00,0x9F,0xFF,
    0xFF,0xFF,0x01,0x00,0xAF,0xFF,0xFF,0xFF,0x01,0x00,0xBF,0xFF,0xFF,0xFF,0x01,0x00,
    0xCF,0xFF,0xFF,0xFF,0x03,0x00,0xDF,0xFF,0xFF,0xFF,0x0A,0x00,0xFF,0xFF,0xFF,0xFF,
    0x03,0x00,0xDF,0xFF,0xFF,0xFF,0x01,0x00,0xCF,0xFF,0xFF,0xFF,0x02,0x00,0xBF,0xFF,
    0xFF,0xFF,0x02,0x00,0x9F,0xFF,0xFF,0xFF,0x01,0x00,0x80,0xFF,0xFF,0xFF,0x01,0x00,
    0x70,0xFF,0xFF,0xFF,0x01,0x00,0x60,0xFF,0xFF,0xFF,0x02,0x00,0x40,0xFF,0xFF,0xFF,
    0x01,0x00,0x20,0xFF,0xFF,0xFF,0x50,0x01,0x00,0x00,0x00,0x00,0x01,0x00,0x20,0xFF,
    0xFF,0xFF,0x01,0x00,0x50,0xFF,0xFF,0xFF,0x01,0x00,0x70,0xFF,0xFF,0xFF,0x01,0x00,
    0x90,0xFF,0xFF,0xFF,0x01,0x00,0x9F,0xFF,0xFF,0xFF,0x01,0x00,0xCF,0xFF,0xFF,0xFF,
    0x01,0x00,0xDF,0xFF,0xFF,0xFF,0x28,0x00,0xFF,0xFF,0xFF,0xFF,0x01,0x00,0xDF,0xFF,
    0xFF,0xFF,0x01,0x00,0xBF,0xFF,0xFF,0xFF,0x01,0x00,0xAF,0xFF,0xFF,0xFF,0x01,0x00,
    0x90,0xFF,0xFF,0xFF,0x01,0x00,0x70,0xFF,0xFF,0xFF,0x01,0x00,0x40,0xFF,0xFF,0xFF,
    0x01,0x00,0x30,0xFF,0xFF,0xFF,0x41,0x01,0x00,0x00,0x00,0x00,0x01,0x00,0x10,0xFF,
    0xFF,0xFF,0x01,0x00,0x30,0xFF,0xFF,0xFF,0x01,0x00,0x60,0xFF,0xFF,0xFF,0x01,0x00,
    0x90,0xFF,0xFF,0xFF,0x01,0x00,0xAF,0xFF,0xFF,0xFF,0x01,0x00,0xDF,0xFF,0xFF,0xFF,
    0x38,0x00,0xFF,0xFF,0xFF,0xFF,0x01,0x00,0xCF,0xFF,0xFF,0xFF,0x01,0x00,0xBF,0xFF,
    0xFF,0xFF,0x01,0x00,0x90,0xFF,0xFF,0xFF,0x01,0x00,0x60,0xFF,0xFF,0xFF,0x01,0x00,
    0x40,0xFF,0xFF,0xFF,0x01,0x00,0x10,0xFF,0xFF,0xFF,0x35,0x01,0x00,0x00,0x00,0x00,
    0x01,0x00,0x10,0xFF,0xFF,0xFF,0x01,0x00,0x50,0xFF,0xFF,0xFF,0x01,0x00,0x70,0xFF,
    0xFF,0xFF,0x01,0x00,0x9F,0xFF,0xFF,0xFF,0x01,0x00,0xDF,0xFF,0xFF,0xFF,0x44,0x00,
    0xFF,0xFF,0xFF,0xFF,0x01,0x00,0xCF,0xFF,0xFF,0xFF,0x01,0x00,0xAF,0xFF,0xFF,0xFF,
    0x01,0x00,0x80,0xFF,0xFF,0xFF,0x01,0x00,0x40,0xFF,0xFF,0xFF,0x01,0x00,0x10,0xFF,
    0xFF,0xFF,0x2C,0x01,0x00,0x00,0x00,0x00,0x01,0x00,0x30,0xFF,0xFF,0xFF,0x01,0x00,
    0x70,0xFF,0xFF,0xFF,0x01,0x00,0x9F,0xFF,0xFF,0xFF,0x01,0x00,0xDF,0xFF,0xFF,0xFF,
    0x4E,0x00,0xFF,0xFF,0xFF,0xFF,0x01,0x00,0xDF,0xFF,0xFF,0xFF,0x01,0x00,0xAF,0xFF,
    0xFF,0xFF,0x01,0x00,0x70,0xFF,0xFF,0xFF,0x01,0x00,0x40,0xFF,0xFF,0xFF,0x23,0x01,
    0x00,0x00,0x00,0x00,0x01,0x00,0x10,0xFF,0xFF,0xFF,0x01,0x00,0x40,0xFF,0xFF,0xFF,
    0x01,0x00,0x7F,0xFF,0xFF,0xFF,0x01,0x00,0xBF,0xFF,0xFF,0xFF,0x01,0x00,0xEF,0xFF,
    0xFF,0xFF,0x56,0x00,0xFF,0xFF,0xFF,0xFF,0x01,0x00,0xEF,0xFF,0xFF,0xFF,0x01,0x00,
    0xBF,0xFF,0xFF,0xFF,0x01,0x00,0x80,0xFF,0xFF,0xFF,0x01,0x00,0x40,0xFF,0xFF,0xFF,
    0x1C,0x01,0x00,0x00,0x00,0x00,0x01,0x00,0x40,0xFF,0xFF,0xFF,0x01,0x00,0x70,0xFF,
    0xFF,0xFF,0x01,0x00,0xBF,0xFF,0xFF,0xFF,0x01,0x00,0xEF,0xFF,0xFF,0xFF,0x5F,0x00,
    0xFF,0xFF,0xFF,0xFF,0x01,0x00,0xBF,0xFF,0xFF,0xFF,0x01,0x00,0x70,0xFF,0xFF,0xFF,
    0x01,0x00,0x30,0xFF,0xFF,0xFF,0x14,0x01,0x00,0x00,0x00,0x00,0x01,0x00,0x10,0xFF,
    0xFF,0xFF,0x01,0x00,0x60,0xFF,0xFF,0xFF,0x01,0x00,0x9F,0xFF,0xFF,0xFF,0x01,0x00,
    0xEF,0xFF,0xFF,0xFF,0x66,0x00,0xFF,0xFF,0xFF,0xFF,0x01,0x00,0xDF,0xFF,0xFF,0xFF,
    0x01,0x00,0x9F,0xFF,0xFF,0xFF,0x01,0x00,0x60,0xFF,0xFF,0xFF,0x01,0x00,0x20,0xFF,
    0xFF,0xFF,0x0D,0x01,0x00,0x00,0x00,0x00,0x01,0x00,0x20,0xFF,0xFF,0xFF,0x01,0x00,
    0x70,0xFF,0xFF,0xFF,0x01,0x00,0xBF,0xFF,0xFF,0xFF,0x6E,0x00,0xFF,0xFF,0xFF,0xFF,
    0x01,0x00,0xBF,0xFF,0xFF,0xFF,0x01,0x00,0x70,0xFF,0xFF,0xFF,0x01,0x00,0x20,0xFF,
    0xFF,0xFF,0x07,0x01,0x00,0x00,0x00,0x00,0x01,0x00,0x20,0xFF,0xFF,0xFF,0x01,0x00,
    0x7F,0xFF,0xFF,0xFF,0x01,0x00,0xBF,0xFF,0xFF,0xFF,0x74,0x00,0xFF,0xFF,0xFF,0xFF,
    0x01,0x00,0xCF,0xFF,0xFF,0xFF,0x01,0x00,0x70,0xFF,0xFF,0xFF,0x01,0x00,0x20,0xFF,
    0xFF,0xFF,0x01,0x01,0x00,0x00,0x00,0x00,0x01,0x00,0x20,0xFF,0xFF,0xFF,0x01,0x00,
    0x7F,0xFF,0xFF,0xFF,0x01,0x00,0xBF,0xFF,0xFF,0xFF,0x7A,0x00,0xFF,0xFF,0xFF,0xFF,
    0x01,0x00,0xCF,0xFF,0xFF,0xFF,0x01,0x00,0x70,0xFF,0xFF,0xFF,0x01,0x00,0x20,0xFF,
    0xFF,0xFF,0xFB,0x00,0x00,0x00,0x00,0x00,0x01,0x00,0x10,0xFF,0xFF,0xFF,0x01,0x00,
    0x70,0xFF,0xFF,0xFF,0x01,0x00,0xBF,0xFF,0xFF,0xFF,0x80,0x00,0xFF,0xFF,0xFF,0xFF,
    0x01,0x00,0xBF,0xFF,0xFF,0xFF,0x01,0x00,0x60,0xFF,0xFF,0xFF,0x01,0x00,0x20,0xFF,
    0xFF,0xFF,0xF6,0x00,0x00,0x00,0x00,0x00,0x01,0x00,0x40,0xFF,0xFF,0xFF,0x01,0x00,
    0xBF,0xFF,0xFF,0xFF,0x01,0x00,0xEF,0xFF,0xFF,0xFF,0x2F,0x00,0xFF,0xFF,0xFF,0xFF,
    0x01,0x00,0xEF,0xFF,0xFF,0xFF,0x01,0x00,0xE0,0xFF,0xFF,0xFF,0x01,0x00,0xC0,0xFF,
    0xFF,0xFF,0x02,0x00,0xA0,0xFF,0xFF,0xFF,0x01,0x00,0x80,0xFF,0xFF,0xFF,0x01,0x00,
    0x70,0xFF,0xFF,0xFF,0x01,0x00,0x60,0xFF,0xFF,0xFF,0x01,0x00,0x50,0xFF,0xFF,0xFF,
    0x01,0x00,0x40,0xFF,0xFF,0xFF,0x01,0x00,0x30,0xFF,0xFF,0xFF,0x03,0x00,0x20,0xFF,
    0xFF,0xFF,0x01,0x00,0x10,0xFF,0xFF,0xFF,0x09,0x00,0x00,0x00,0x00,0x00,0x03,0x00,
    0x20,0xFF,0xFF,0xFF,0x03,0x00,0x40,0xFF,0xFF,0xFF,0x01,0x00,0x60,0xFF,0xFF,0xFF,
    0x01,0x00,0x70,0xFF,0xFF,0xFF,0x01,0x00,0x80,0xFF,0xFF,0xFF,0x01,0x00,0xA0,0xFF,
    0xFF,0xFF,0x01,0x00,0xB0,0xFF,0xFF,0xFF,0x01,0x00,0xC0,0xFF,0xFF,0xFF,0x01,0x00,
    0xE0,0xFF,0xFF,0xFF,0x31,0x00,0xFF,0xFF,0xFF,0xFF,0x01,0x00,0x9F,0xFF,0xFF,0xFF,
    0x01,0x00,0x50,0xFF,0xFF,0xFF,0xF1,0x00,0x00,0x00,0x00,0x00,0x01,0x00,0x10,0xFF,
    0xFF,0xFF,0x01,0x00,0x7F,0xFF,0xFF,0xFF,0x01,0x00,0xEF,0xFF,0xFF,0xFF,0x2A,0x00,
    0xFF,0xFF,0xFF,0xFF,0x01,0x00,0xEF,0xFF,0xFF,0xFF,0x01,0x00,0xE0,0xFF,0xFF,0xFF,
    0x01,0x00,0xB0,0xFF,0xFF,0xFF,0x01,0x00,0x90,0xFF,0xFF,0xFF,0x01,0x00,0x70,0xFF,
    0xFF,0xFF,0x01,0x00,0x50,0xFF,0xFF,0xFF,0x01,0x00,0x20,0xFF,0xFF,0xFF,0x01,0x00,
    0x10,0xFF,0xFF,0xFF,0x26,0x00,0x00,0x00,0x00,0x00,0x01,0x00,0x10,0xFF,0xFF,0xFF,
    0x01,0x00,0x30,0xFF,0xFF,0xFF,0x01,0x00,0x40,0xFF,0xFF,0xFF,0x01,0x00,0x70,0xFF,
    0xFF,0xFF,0x01,0x00,0x90,0xFF,0xFF,0xFF,0x01,0x00,0xB0,0xFF,0xFF,0xFF,0x01,0x00,
    0xD0,0xFF,0xFF,0xFF,0x2B,0x00,0xFF,0xFF,0xFF,0xFF,0x01,0x00,0xDF,0xFF,0xFF,0xFF,
    0x01,0x00,0x90,0xFF,0xFF,0xFF,0x01,0x00,0x20,0xFF,0xFF,0xFF,0xEC,0x00,0x00,0x00,
    0x00,0x00,0x01,0x00,0x40,0xFF,0xFF,0xFF,0x01,0x00,0xBF,0xFF,0xFF,0xFF,0x27,0x00,
    0xFF,0xFF,0xFF,0xFF,0x01,0x00,0xEF,0xFF,0xFF,0xFF,0x01,0x00,0xD0,0xFF,0xFF,0xFF,
    0x01,0x00,0xA0,0xFF,0xFF,0xFF,0x01,0x00,0x70,0xFF,0xFF,0xFF,0x01,0x00,0x50,0xFF,
    0xFF,0xFF,0x01,0x00,0x20,0xFF,0xFF,0xFF,0x36,0x00,0x00,0x00,0x00,0x00,0x01,0x00,
    0x30,0xFF,0xFF,0xFF,0x01,0x00,0x40,0xFF,0xFF,0xFF,0x01,0x00,0x70,0xFF,0xFF,0xFF,
    0x01,0x00,0xB0,0xFF,0xFF,0xFF,0x01,0x00,0xC0,0xFF,0xFF,0xFF,0x28,0x00,0xFF,0xFF,
    0xFF,0xFF,0x01,0x00,0xAF,0xFF,0xFF,0xFF,0x01,0x00,0x50,0xFF,0xFF,0xFF,0xE7,0x00,
    0x00,0x00,0x00,0x00,0x01,0x00,0x10,0xFF,0xFF,0xFF,0x01,0x00,0x7F,0xFF,0xFF,0xFF,
    0x01,0x00,0xDF,0xFF,0xFF,0xFF,0x24,0x00,0xFF,0xFF,0xFF,0xFF,0x01,0x00,0xEF,0xFF,
    0xFF,0xFF,0x01,0x00,0xC0,0xFF,0xFF,0xFF,0x01,0x00,0x90,0xFF,0xFF,0xFF,0x01,0x00,
    0x60,0xFF,0xFF,0xFF,0x01,0x00,0x20,0xFF,0xFF,0xFF,0x42,0x00,0x00,0x00,0x00,0x00,
    0x01,0x00,0x30,0xFF,0xFF,0xFF,0x01,0x00,0x50,0xFF,0xFF,0xFF,0x01,0x00,0x90,0xFF,
    0xFF,0xFF,0x01,0x00,0xC0,0xFF,0xFF,0xFF,0x01,0x00,0xEF,0xFF,0xFF,0xFF,0x24,0x00,
    0xFF,0xFF,0xFF,0xFF,0x01,0x00,0xDF,0xFF,0xFF,0xFF,0x01,0x00,0x60,0xFF,0xFF,0xFF,
    0x01,0x00,0x20,0xFF,0xFF,0xFF,0xE2,0x00,0x00,0x00,0x00,0x00,0x01,0x00,0x20,0xFF,
    0xFF,0xFF,0x01,0x00,0x7F,0xFF,0xFF,0xFF,0x01,0x00,0xEF,0xFF,0xFF,0xFF,0x22,0x00,
    0xFF,0xFF,0xFF,0xFF,0x01,0x00,0xE0,0xFF,0xFF,0xFF,0x01,0x00,0xA0,0xFF,0xFF,0xFF,
    0x01,0x00,0x70,0xFF,0xFF,0xFF,0x01,0x00,0x30,0xFF,0xFF,0xFF,0x4C,0x00,0x00,0x00,
    0x00,0x00,0x01,0x00,0x30,0xFF,0xFF,0xFF,0x01,0x00,0x70,0xFF,0xFF,0xFF,0x01,0x00,
    0xB0,0xFF,0xFF,0xFF,0x01,0x00,0xDF,0xFF,0xFF,0xFF,0x22,0x00,0xFF,0xFF,0xFF,0xFF,
    0x01,0x00,0xEF,0xFF,0xFF,0xFF,0x01,0x00,0x9F,0xFF,0xFF,0xFF,0x01,0x00,0x20,0xFF,
    0xFF,0xFF,0xDE,0x00,0x00,0x00,0x00,0x00,0x01,0x00,0x40,0xFF,0xFF,0xFF,0x01,0x00,
    0xBF,0xFF,0xFF,0xFF,0x21,0x00,0xFF,0xFF,0xFF,0xFF,0x01,0x00,0xE0,0xFF,0xFF,0xFF,
    0x01,0x00,0xA0,0xFF,0xFF,0xFF,0x01,0x00,0x60,0xFF,0xFF,0xFF,0x01,0x00,0x20,0xFF,
    0xFF,0xFF,0x54,0x00,0x00,0x00,0x00,0x00,0x01,0x00,0x20,0xFF,0xFF,0xFF,0x01,0x00,
    0x60,0xFF,0xFF,0xFF,0x01,0x00,0xA0,0xFF,0xFF,0xFF,0x01,0x00,0xDF,0xFF,0xFF,0xFF,
    0x21,0x00,0xFF,0xFF,0xFF,0xFF,0x01,0x00,0x9F,0xFF,0xFF,0xFF,0x01,0x00,0x20,0xFF,
    0xFF,0xFF,0xDA,0x00,0x00,0x00,0x00,0x00,0x01,0x00,0x40,0xFF,0xFF,0xFF,0x01,0x00,
    0xBF,0xFF,0xFF,0xFF,0x1F,0x00,0xFF,0xFF,0xFF,0xFF,0x01,0x00,0xEF,0xFF,0xFF,0xFF,
    0x01,0x00,0xC0,0xFF,0xFF,0xFF,0x01,0x00,0x70,0xFF,0xFF,0xFF,0x01,0x00,0x20,0xFF,
    0xFF,0xFF,0x5C,0x00,0x00,0x00,0x00,0x00,0x01,0x00,0x20,0xFF,0xFF,0xFF,0x01,0x00,
    0x60,0xFF,0xFF,0xFF,0x01,0x00,0xB0,0xFF,0xFF,0xFF,0x01,0x00,0xEF,0xFF,0xFF,0xFF,
    0x1F,0x00,0xFF,0xFF,0xFF,0xFF,0x01,0x00,0xBF,0xFF,0xFF,0xFF,0x01,0x00,0x40,0xFF,
    0xFF,0xFF,0xD6,0x00,0x00,0x00,0x00,0x00,0x01,0x00,0x40,0xFF,0xFF,0xFF,0x01,0x00,
    0xBF,0xFF,0xFF,0xFF,0x1E,0x00,0xFF,0xFF,0xFF,0xFF,0x01,0x00,0xE0,0xFF,0xFF,0xFF,
    0x01,0x00,0x90,0xFF,0xFF,0xFF,0x01,0x00,0x40,0xFF,0xFF,0xFF,0x01,0x00,0x10,0xFF,
    0xFF,0xFF,0x63,0x00,0x00,0x00,0x00,0x00,0x01,0x00,0x40,0xFF,0xFF,0xFF,0x01,0x00,
    0xA0,0xFF,0xFF,0xFF,0x01,0x00,0xDF,0xFF,0xFF,0xFF,0x1E,0x00,0xFF,0xFF,0xFF,0xFF,
    0x01,0x00,0xBF,0xFF,0xFF,0xFF,0x01,0x00,0x60,0xFF,0xFF,0xFF,0xD2,0x00,0x00,0x00,
    0x00,0x00,0x01,0x00,0x40,0xFF,0xFF,0xFF,0x01,0x00,0xBF,0xFF,0xFF,0xFF,0x1D,0x00,
    0xFF,0xFF,0xFF,0xFF,0x01,0x00,0xC0,0xFF,0xFF,0xFF,0x01,0x00,0x80,0xFF,0xFF,0xFF,
    0x01,0x00,0x40,0xFF,0xFF,0xFF,0x6A,0x00,0x00,0x00,0x00,0x00,0x01,0x00,0x30,0xFF,
    0xFF,0xFF,0x01,0x00,0x80,0xFF,0xFF,0xFF,0x01,0x00,0xD0,0xFF,0xFF,0xFF,0x1D,0x00,
    0xFF,0xFF,0xFF,0xFF,0x01,0x00,0xDF,0xFF,0xFF,0xFF,0x01,0x00,0x60,0xFF,0xFF,0xFF,
    0xCE,0x00,0x00,0x00,0x00,0x00,0x01,0x00,0x40,0xFF,0xFF,0xFF,0x01,0x00,0xBF,0xFF,
    0xFF,0xFF,0x1C,0x00,0xFF,0xFF,0xFF,0xFF,0x01,0x00,0xC0,0xFF,0xFF,0xFF,0x01,0x00,
    0x80,0xFF,0xFF,0xFF,0x01,0x00,0x20,0xFF,0xFF,0xFF,0x70,0x00,0x00,0x00,0x00,0x00,
    0x01,0x00,0x20,0xFF,0xFF,0xFF,0x01,0x00,0x70,0xFF,0xFF,0xFF,0x01,0x00,0xDF,0xFF,
    0xFF,0xFF,0x1C,0x00,0xFF,0xFF,0xFF,0xFF,0x01,0x00,0xCF,0xFF,0xFF,0xFF,0x01,0x00,
    0x40,0xFF,0xFF,0xFF,0xCA,0x00,0x00,0x00,0x00,0x00,0x01,0x00,0x40,0xFF,0xFF,0xFF,
    0x01,0x00,0xBF,0xFF,0xFF,0xFF,0x1B,0x00,0xFF,0xFF,0xFF,0xFF,0x01,0x00,0xEF,0xFF,
    0xFF,0xFF,0x01,0x00,0x80,0xFF,0xFF,0xFF,0x01,0x00,0x40,0xFF,0xFF,0xFF,0x76,0x00,
    0x00,0x00,0x00,0x00,0x01,0x00,0x30,0xFF,0xFF,0xFF,0x01,0x00,0xA0,0xFF,0xFF,0xFF,
    0x01,0x00,0xDF,0xFF,0xFF,0xFF,0x1B,0x00,0xFF,0xFF,0xFF,0xFF,0x01,0x00,0xBF,0xFF,
    0xFF,0xFF,0x01,0x00,0x20,0xFF,0xFF,0xFF,0xC6,0x00,0x00,0x00,0x00,0x00,0x01,0x00,
    0x20,0xFF,0xFF,0xFF,0x01,0x00,0xAF,0xFF,0xFF,0xFF,0x1A,0x00,0xFF,0xFF,0xFF,0xFF,
    0x01,0x00,0xEF,0xFF,0xFF,0xFF,0x01,0x00,0xA0,0xFF,0xFF,0xFF,0x01,0x00,0x40,0xFF,
    0xFF,0xFF,0x7C,0x00,0x00,0x00,0x00,0x00,0x01,0x00,0x40,0xFF,0xFF,0xFF,0x01,0x00,
    0xA0,0xFF,0xFF,0xFF,0x1B,0x00,0xFF,0xFF,0xFF,0xFF,0x01,0x00,0x9F,0xFF,0xFF,0xFF,
    0x01,0x00,0x20,0xFF,0xFF,0xFF,0xC2,0x00,0x00,0x00,0x00,0x00,0x01,0x00,0x10,0xFF,
    0xFF,0xFF,0x01,0x00,0x7F,0xFF,0xFF,0xFF,0x01,0x00,0xEF,0xFF,0xFF,0xFF,0x19,0x00,
    0xFF,0xFF,0xFF,0xFF,0x01,0x00,0xC0,0xFF,0xFF,0xFF,0x01,0x00,0x70,0xFF,0xFF,0xFF,
    0x01,0x00,0x10,0xFF,0xFF,0xFF,0x80,0x00,0x00,0x00,0x00,0x00,0x01,0x00,0x20,0xFF,
    0xFF,0xFF,0x01,0x00,0x60,0xFF,0xFF,0xFF,0x01,0x00,0xD0,0xFF,0xFF,0xFF,0x1A,0x00,
    0xFF,0xFF,0xFF,0xFF,0x01,0x00,0x8F,0xFF,0xFF,0xFF,0x01,0x00,0x20,0xFF,0xFF,0xFF,
    0xBF,0x00,0x00,0x00,0x00,0x00,0x01,0x00,0x70,0xFF,0xFF,0xFF,0x01,0x00,0xEF,0xFF,
    0xFF,0xFF,0x18,0x00,0xFF,0xFF,0xFF,0xFF,0x01,0x00,0xEF,0xFF,0xFF,0xFF,0x01,0x00,
    0x90,0xFF,0xFF,0xFF,0x01,0x00,0x40,0xFF,0xFF,0xFF,0x86,0x00,0x00,0x00,0x00,0x00,
    0x01,0x00,0x40,0xFF,0xFF,0xFF,0x01,0x00,0xA0,0xFF,0xFF,0xFF,0x19,0x00,0xFF,0xFF,
    0xFF,0xFF,0x01,0x00,0xDF,0xFF,0xFF,0xFF,0x01,0x00,0x60,0xFF,0xFF,0xFF,0xBC,0x00,
    0x00,0x00,0x00,0x00,0x01,0x00,0x40,0xFF,0xFF,0xFF,0x01,0x00,0xCF,0xFF,0xFF,0xFF,
    0x18,0x00,0xFF,0xFF,0xFF,0xFF,0x01,0x00,0xEF,0xFF,0xFF,0xFF,0x01,0x00,0x80,0xFF,
    0xFF,0xFF,0x01,0x00,0x10,0xFF,0xFF,0xFF,0x8A,0x00,0x00,0x00,0x00,0x00,0x01,0x00,
    0x20,0xFF,0xFF,0xFF,0x01,0x00,0x60,0xFF,0xFF,0xFF,0x01,0x00,0xDF,0xFF,0xFF,0xFF,
    0x18,0x00,0xFF,0xFF,0xFF,0xFF,0x01,0x00,0xDF,0xFF,0xFF,0xFF,0x01,0x00,0x30,0xFF,
    0xFF,0xFF,0xB8,0x00,0x00,0x00,0x00,0x00,0x01,0x00,0x10,0xFF,0xFF,0xFF,0x01,0x00,
    0xA0,0xFF,0xFF,0xFF,0x18,0x00,0xFF,0xFF,0xFF,0xFF,0x01,0x00,0xC0,0xFF,0xFF,0xFF,
    0x01,0x00,0x40,0xFF,0xFF,0xFF,0x90,0x00,0x00,0x00,0x00,0x00,0x01,0x00,0x60,0xFF,
    0xFF,0xFF,0x01,0x00,0xD0,0xFF,0xFF,0xFF,0x18,0x00,0xFF,0xFF,0xFF,0xFF,0x01,0x00,
    0x9F,0xFF,0xFF,0xFF,0x01,0x00,0x20,0xFF,0xFF,0xFF,0xB5,0x00,0x00,0x00,0x00,0x00,
    0x01,0x00,0x70,0xFF,0xFF,0xFF,0x01,0x00,0xEF,0xFF,0xFF,0xFF,0x17,0x00,0xFF,0xFF,
    0xFF,0xFF,0x01,0x00,0xC0,0xFF,0xFF,0xFF,0x01,0x00,0x40,0xFF,0xFF,0xFF,0x94,0x00,
    0x00,0x00,0x00,0x00,0x01,0x00,0x40,0xFF,0xFF,0xFF,0x01,0x00,0xA0,0xFF,0xFF,0xFF,
    0x17,0x00,0xFF,0xFF,0xFF,0xFF,0x01,0x00,0xDF,0xFF,0xFF,0xFF,0x01,0x00,0x70,0xFF,
    0xFF,0xFF,0xB2,0x00,0x00,0x00,0x00,0x00,0x01,0x00,0x30,0xFF,0xFF,0xFF,0x01,0x00,
    0xBF,0xFF,0xFF,0xFF,0x17,0x00,0xFF,0xFF,0xFF,0xFF,0x01,0x00,0x9F,0xFF,0xFF,0xFF,
    0x01,0x00,0x40,0xFF,0xFF,0xFF,0x98,0x00,0x00,0x00,0x00,0x00,0x01,0x00,0x20,0xFF,
    0xFF,0xFF,0x01,0x00,0xA0,0xFF,0xFF,0xFF,0x17,0x00,0xFF,0xFF,0xFF,0xFF,0x01,0x00,
    0xDF,0xFF,0xFF,0xFF,0x01,0x00,0x20,0xFF,0xFF,0xFF,0xAE,0x00,0x00,0x00,0x00,0x00,
    0x01,0x00,0x10,0xFF,0xFF,0xFF,0x01,0x00,0x7F,0xFF,0xFF,0xFF,0x17,0x00,0xFF,0xFF,
    0xFF,0xFF,0x01,0x00,0x9F,0xFF,0xFF,0xFF,0x01,0x00,0x20,0xFF,0xFF,0xFF,0x9C,0x00,
    0x00,0x00,0x00,0x00,0x01,0x00,0x20,0xFF,0xFF,0xFF,0x01,0x00,0xA0,0xFF,0xFF,0xFF,
    0x17,0x00,0xFF,0xFF,0xFF,0xFF,0x01,0x00,0x7F,0xFF,0xFF,0xFF,0xAC,0x00,0x00,0x00,
    0x00,0x00,0x01,0x00,0x40,0xFF,0xFF,0xFF,0x01,0x00,0xDF,0xFF,0xFF,0xFF,0x16,0x00,
    0xFF,0xFF,0xFF,0xFF,0x01,0x00,0x9F,0xFF,0xFF,0xFF,0x01,0x00,0x20,0xFF,0xFF,0xFF,
    0xA0,0x00,0x00,0x00,0x00,0x00,0x01,0x00,0x20,0xFF,0xFF,0xFF,0x01,0x00,0xA0,0xFF,
    0xFF,0xFF,0x16,0x00,0xFF,0xFF,0xFF,0xFF,0x01,0x00,0xDF,0xFF,0xFF,0xFF,0x01,0x00,
    0x20,0xFF,0xFF,0xFF,0xA8,0x00,0x00,0x00,0x00,0x00,0x01,0x00,0x10,0xFF,0xFF,0xFF,
    0x01,0x00,0x8F,0xFF,0xFF,0xFF,0x16,0x00,0xFF,0xFF,0xFF,0xFF,0x01,0x00,0xC0,0xFF,
    0xFF,0xFF,0x01,0x00,0x20,0xFF,0xFF,0xFF,0xA4,0x00,0x00,0x00,0x00,0x00,0x01,0x00,
    0x20,0xFF,0xFF,0xFF,0x01,0x00,0xA0,0xFF,0xFF,0xFF,0x16,0x00,0xFF,0xFF,0xFF,0xFF,
    0x01,0x00,0x7F,0xFF,0xFF,0xFF,0xA6,0x00,0x00,0x00,0x00,0x00,0x01,0x00,0x30,0xFF,
    0xFF,0xFF,0x01,0x00,0xDF,0xFF,0xFF,0xFF,0x15,0x00,0xFF,0xFF,0xFF,0xFF,0x01,0x00,
    0xC0,0xFF,0xFF,0xFF,0x01,0x00,0x40,0xFF,0xFF,0xFF,0xA8,0x00,0x00,0x00,0x00,0x00,
    0x01,0x00,0x20,0xFF,0xFF,0xFF,0x01,0x00,0xC0,0xFF,0xFF,0xFF,0x15,0x00,0xFF,0xFF,
    0xFF,0xFF,0x01,0x00,0xDF,0xFF,0xFF,0xFF,0x01,0x00,0x20,0xFF,0xFF,0xFF,0xA3,0x00,
    0x00,0x00,0x00,0x00,0x01,0x00,0x7F,0xFF,0xFF,0xFF,0x15,0x00,0xFF,0xFF,0xFF,0xFF,
    0x01,0x00,0xCF,0xFF,0xFF,0xFF,0x01,0x00,0x40,0xFF,0xFF,0xFF,0xAC,0x00,0x00,0x00,
    0x00,0x00,0x01,0x00,0x60,0xFF,0xFF,0xFF,0x01,0x00,0xDF,0xFF,0xFF,0xFF,0x15,0x00,
    0xFF,0xFF,0xFF,0xFF,0x01,0x00,0x7F,0xFF,0xFF,0xFF,0xA0,0x00,0x00,0x00,0x00,0x00,
    0x01,0x00,0x20,0xFF,0xFF,0xFF,0x01,0x00,0xBF,0xFF,0xFF,0xFF,0x14,0x00,0xFF,0xFF,
    0xFF,0xFF,0x01,0x00,0xEF,0xFF,0xFF,0xFF,0x01,0x00,0x70,0xFF,0xFF,0xFF,0xB0,0x00,
    0x00,0x00,0x00,0x00,0x01,0x00,0x60,0xFF,0xFF,0xFF,0x01,0x00,0xDF,0xFF,0xFF,0xFF,
    0x14,0x00,0xFF,0xFF,0xFF,0xFF,0x01,0x00,0xDF,0xFF,0xFF,0xFF,0x01,0x00,0x20,0xFF,
    0xFF,0xFF,0x9D,0x00,0x00,0x00,0x00,0x00,0x01,0x00,0x5F,0xFF,0xFF,0xFF,0x01,0x00,
    0xEF,0xFF,0xFF,0xFF,0x14,0x00,0xFF,0xFF,0xFF,0xFF,0x01,0x00,0x90,0xFF,0xFF,0xFF,
    0x01,0x00,0x10,0xFF,0xFF,0xFF,0xB2,0x00,0x00,0x00,0x00,0x00,0x01,0x00,0x20,0xFF,
    0xFF,0xFF,0x01,0x00,0x90,0xFF,0xFF,0xFF,0x14,0x00,0xFF,0xFF,0xFF,0xFF,0x01,0x00,
    0xEF,0xFF,0xFF,0xFF,0x01,0x00,0x60,0xFF,0xFF,0xFF,0x9A,0x00,0x00,0x00,0x00,0x00,
    0x01,0x00,0x10,0xFF,0xFF,0xFF,0x01,0x00,0x8F,0xFF,0xFF,0xFF,0x14,0x00,0xFF,0xFF,
    0xFF,0xFF,0x01,0x00,0xC0,0xFF,0xFF,0xFF,0x01,0x00,0x30,0xFF,0xFF,0xFF,0xB6,0x00,
    0x00,0x00,0x00,0x00,0x01,0x00,0x20,0xFF,0xFF,0xFF,0x01,0x00,0xCF,0xFF,0xFF,0xFF,
    0x14,0x00,0xFF,0xFF,0xFF,0xFF,0x01,0x00,0x8F,0xFF,0xFF,0xFF,0x01,0x00,0x10,0xFF,
    0xFF,0xFF,0x97,0x00,0x00,0x00,0x00,0x00,0x01,0x00,0x20,0xFF,0xFF,0xFF,0x01,0x00,
    0xDF,0xFF,0xFF,0xFF,0x13,0x00,0xFF,0xFF,0xFF,0xFF,0x01,0x00,0xEF,0xFF,0xFF,0xFF,
    0x01,0x00,0x60,0xFF,0xFF,0xFF,0xBA,0x00,0x00,0x00,0x00,0x00,0x01,0x00,0x60,0xFF,
    0xFF,0xFF,0x01,0x00,0xDF,0xFF,0xFF,0xFF,0x13,0x00,0xFF,0xFF,0xFF,0xFF,0x01,0x00,
    0xDF,0xFF,0xFF,0xFF,0x01,0x00,0x20,0xFF,0xFF,0xFF,0x95,0x00,0x00,0x00,0x00,0x00,
    0x01,0x00,0x5F,0xFF,0xFF,0xFF,0x01,0x00,0xEF,0xFF,0xFF,0xFF,0x13,0x00,0xFF,0xFF,
    0xFF,0xFF,0x01,0x00,0x90,0xFF,0xFF,0xFF,0x01,0x00,0x10,0xFF,0xFF,0xFF,0xBC,0x00,
    0x00,0x00,0x00,0x00,0x01,0x00,0x20,0xFF,0xFF,0xFF,0x01,0x00,0xA0,0xFF,0xFF,0xFF,
    0x13,0x00,0xFF,0xFF,0xFF,0xFF,0x01,0x00,0xEF,0xFF,0xFF,0xFF,0x01,0x00,0x70,0xFF,
    0xFF,0xFF,0x93,0x00,0x00,0x00,0x00,0x00,0x01,0x00,0x8F,0xFF,0xFF,0xFF,0x13,0x00,
    0xFF,0xFF,0xFF,0xFF,0x01,0x00,0xDF,0xFF,0xFF,0xFF,0x01,0x00,0x40,0xFF,0xFF,0xFF,
    0xC0,0x00,0x00,0x00,0x00,0x00,0x01,0x00,0x40,0xFF,0xFF,0xFF,0x01,0x00,0xDF,0xFF,
    0xFF,0xFF,0x13,0x00,0xFF,0xFF,0xFF,0xFF,0x01,0x00,0x7F,0xFF,0xFF,0xFF,0x90,0x00,
    0x00,0x00,0x00,0x00,0x01,0x00,0x20,0xFF,0xFF,0xFF,0x01,0x00,0xCF,0xFF,0xFF,0xFF,
    0x13,0x00,0xFF,0xFF,0xFF,0xFF,0x01,0x00,0x90,0xFF,0xFF,0xFF,0x01,0x00,0x10,0xFF,
    0xFF,0xFF,0xC3,0x00,0x00,0x00,0x00,0x00,0x01,0x00,0x80,0xFF,0xFF,0xFF,0x13,0x00,
    0xFF,0xFF,0xFF,0xFF,0x01,0x00,0xCF,0xFF,0xFF,0xFF,0x01,0x00,0x20,0xFF,0xFF,0xFF,
    0x8D,0x00,0x00,0x00,0x00,0x00,0x01,0x00,0x30,0xFF,0xFF,0xFF,0x01,0x00,0xDF,0xFF,
    0xFF,0xFF,0x12,0x00,0xFF,0xFF,0xFF,0xFF,0x01,0x00,0xDF,0xFF,0xFF,0xFF,0x01,0x00,
    0x40,0xFF,0xFF,0xFF,0xC6,0x00,0x00,0x00,0x00,0x00,0x01,0x00,0x20,0xFF,0xFF,0xFF,
    0x01,0x00,0xDF,0xFF,0xFF,0xFF,0x12,0x00,0xFF,0xFF,0xFF,0xFF,0x01,0x00,0xDF,0xFF,
    0xFF,0xFF,0x01,0x00,0x30,0xFF,0xFF,0xFF,0x8B,0x00,0x00,0x00,0x00,0x00,0x01,0x00,
    0x70,0xFF,0xFF,0xFF,0x01,0x00,0xEF,0xFF,0xFF,0xFF,0x12,0x00,0xFF,0xFF,0xFF,0xFF,
    0x01,0x00,0x90,0xFF,0xFF,0xFF,0x01,0x00,0x10,0xFF,0xFF,0xFF,0xC9,0x00,0x00,0x00,
    0x00,0x00,0x01,0x00,0x80,0xFF,0xFF,0xFF,0x13,0x00,0xFF,0xFF,0xFF,0xFF,0x01,0x00,
    0x70,0xFF,0xFF,0xFF,0x89,0x00,0x00,0x00,0x00,0x00,0x01,0x00,0x7F,0xFF,0xFF,0xFF,
    0x12,0x00,0xFF,0xFF,0xFF,0xFF,0x01,0x00,0xDF,0xFF,0xFF,0xFF,0x01,0x00,0x40,0xFF,
    0xFF,0xFF,0xCC,0x00,0x00,0x00,0x00,0x00,0x01,0x00,0x40,0xFF,0xFF,0xFF,0x01,0x00,
    0xDF,0xFF,0xFF,0xFF,0x12,0x00,0xFF,0xFF,0xFF,0xFF,0x01,0x00,0x7F,0xFF,0xFF,0xFF,
    0x86,0x00,0x00,0x00,0x00,0x00,0x01,0x00,0x10,0xFF,0xFF,0xFF,0x01,0x00,0x9F,0xFF,
    0xFF,0xFF,0x12,0x00,0xFF,0xFF,0xFF,0xFF,0x01,0x00,0xAF,0xFF,0xFF,0xFF,0x01,0x00,
    0x10,0xFF,0xFF,0xFF,0xCE,0x00,0x00,0x00,0x00,0x00,0x01,0x00,0x20,0xFF,0xFF,0xFF,
    0x01,0x00,0xA0,0xFF,0xFF,0xFF,0x12,0x00,0xFF,0xFF,0xFF,0xFF,0x01,0x00,0xAF,0xFF,
    0xFF,0xFF,0x01,0x00,0x10,0xFF,0xFF,0xFF,0x83,0x00,0x00,0x00,0x00,0x00,0x01,0x00,
    0x20,0xFF,0xFF,0xFF,0x01,0x00,0xCF,0xFF,0xFF,0xFF,0x11,0x00,0xFF,0xFF,0xFF,0xFF,
    0x01,0x00,0xEF,0xFF,0xFF,0xFF,0x01,0x00,0x70,0xFF,0xFF,0xFF,0xD2,0x00,0x00,0x00,
    0x00,0x00,0x01,0x00,0x70,0xFF,0xFF,0xFF,0x01,0x00,0xEF,0xFF,0xFF,0xFF,0x11,0x00,
    0xFF,0xFF,0xFF,0xFF,0x01,0x00,0xDF,0xFF,0xFF,0xFF,0x01,0x00,0x20,0xFF,0xFF,0xFF,
    0x81,0x00,0x00,0x00,0x00,0x00,0x01,0x00,0x20,0xFF,0xFF,0xFF,0x01,0x00,0xDF,0xFF,
    0xFF,0xFF,0x11,0x00,0xFF,0xFF,0xFF,0xFF,0x01,0x00,0xDF,0xFF,0xFF,0xFF,0x01,0x00,
    0x20,0xFF,0xFF,0xFF,0xD4,0x00,0x00,0x00,0x00,0x00,0x01,0x00,0x20,0xFF,0xFF,0xFF,
    0x01,0x00,0xDF,0xFF,0xFF,0xFF,0x11,0x00,0xFF,0xFF,0xFF,0xFF,0x01,0x00,0xDF,0xFF,
    0xFF,0xFF,0x01,0x00,0x20,0xFF,0xFF,0xFF,0x7F,0x00,0x00,0x00,0x00,0x00,0x01,0x00,
    0x30,0xFF,0xFF,0xFF,0x01,0x00,0xEF,0xFF,0xFF,0xFF,0x11,0x00,0xFF,0xFF,0xFF,0xFF,
    0x01,0x00,0x90,0xFF,0xFF,0xFF,0x01,0x00,0x10,0xFF,0xFF,0xFF,0xD6,0x00,0x00,0x00,
    0x00,0x00,0x01,0x00,0x10,0xFF,0xFF,0xFF,0x01,0x00,0x90,0xFF,0xFF,0xFF,0x11,0x00,
    0xFF,0xFF,0xFF,0xFF,0x01,0x00,0xEF,0xFF,0xFF,0xFF,0x01,0x00,0x30,0xFF,0xFF,0xFF,
    0x7D,0x00,0x00,0x00,0x00,0x00,0x01,0x00,0x5F,0xFF,0xFF,0xFF,0x01,0x00,0xEF,0xFF,
    0xFF,0xFF,0x10,0x00,0xFF,0xFF,0xFF,0xFF,0x01,0x00,0xEF,0xFF,0xFF,0xFF,0x01,0x00,
    0x70,0xFF,0xFF,0xFF,0xDA,0x00,0x00,0x00,0x00,0x00,0x01,0x00,0x70,0xFF,0xFF,0xFF,
    0x12,0x00,0xFF,0xFF,0xFF,0xFF,0x01,0x00,0x5F,0xFF,0xFF,0xFF,0x7B,0x00,0x00,0x00,
    0x00,0x00,0x01,0x00,0x70,0xFF,0xFF,0xFF,0x11,0x00,0xFF,0xFF,0xFF,0xFF,0x01,0x00,
    0xDF,0xFF,0xFF,0xFF,0x01,0x00,0x30,0xFF,0xFF,0xFF,0xDC,0x00,0x00,0x00,0x00,0x00,
    0x01,0x00,0x20,0xFF,0xFF,0xFF,0x01,0x00,0xDF,0xFF,0xFF,0xFF,0x11,0x00,0xFF,0xFF,
    0xFF,0xFF,0x01,0x00,0x7F,0xFF,0xFF,0xFF,0x79,0x00,0x00,0x00,0x00,0x00,0x01,0x00,
    0x7F,0xFF,0xFF,0xFF,0x11,0x00,0xFF,0xFF,0xFF,0xFF,0x01,0x00,0xC0,0xFF,0xFF,0xFF,
    0x01,0x00,0x20,0xFF,0xFF,0xFF,0xDE,0x00,0x00,0x00,0x00,0x00,0x01,0x00,0x20,0xFF,
    0xFF,0xFF,0x01,0x00,0xCF,0xFF,0xFF,0xFF,0x11,0x00,0xFF,0xFF,0xFF,0xFF,0x01,0x00,
    0x7F,0xFF,0xFF,0xFF,0x77,0x00,0x00,0x00,0x00,0x00,0x01,0x00,0x7F,0xFF,0xFF,0xFF,
    0x11,0x00,0xFF,0xFF,0xFF,0xFF,0x01,0x00,0x90,0xFF,0xFF,0xFF,0xE2,0x00,0x00,0x00,
    0x00,0x00,0x01,0x00,0x80,0xFF,0xFF,0xFF,0x11,0x00,0xFF,0xFF,0xFF,0xFF,0x01,0x00,
    0x7F,0xFF,0xFF,0xFF,0x75,0x00,0x00,0x00,0x00,0x00,0x01,0x00,0x7F,0xFF,0xFF,0xFF,
    0x11,0x00,0xFF,0xFF,0xFF,0xFF,0x01,0x00,0x70,0xFF,0xFF,0xFF,0xE4,0x00,0x00,0x00,
    0x00,0x00,0x01,0x00,0x80,0xFF,0xFF,0xFF,0x11,0x00,0xFF,0xFF,0xFF,0xFF,0x01,0x00,
    0x7F,0xFF,0xFF,0xFF,0x73,0x00,0x00,0x00,0x00,0x00,0x01,0x00,0x7F,0xFF,0xFF,0xFF,
    0x10,0x00,0xFF,0xFF,0xFF,0xFF,0x01,0x00,0xEF,0xFF,0xFF,0xFF,0x01,0x00,0x40,0xFF,
    0xFF,0xFF,0xE6,0x00,0x00,0x00,0x00,0x00,0x01,0x00,0x40,0xFF,0xFF,0xFF,0x01,0x00,
    0xEF,0xFF,0xFF,0xFF,0x10,0x00,0xFF,0xFF,0xFF,0xFF,0x01,0x00,0x7F,0xFF,0xFF,0xFF,
    0x71,0x00,0x00,0x00,0x00,0x00,0x01,0x00,0x7F,0xFF,0xFF,0xFF,0x10,0x00,0xFF,0xFF,
    0xFF,0xFF,0x01,0x00,0xDF,0xFF,0xFF,0xFF,0x01,0x00,0x20,0xFF,0xFF,0xFF,0xE8,0x00,
    0x00,0x00,0x00,0x00,0x01,0x00,0x20,0xFF,0xFF,0xFF,0x01,0x00,0xDF,0xFF,0xFF,0xFF,
    0x10,0x00,0xFF,0xFF,0xFF,0xFF,0x01,0x00,0x7F,0xFF,0xFF,0xFF,0x6F,0x00,0x00,0x00,
    0x00,0x00,0x01,0x00,0x7F,0xFF,0xFF,0xFF,0x10,0x00,0xFF,0xFF,0xFF,0xFF,0x01,0x00,
    0xCF,0xFF,0xFF,0xFF,0x01,0x00,0x20,0xFF,0xFF,0xFF,0xEA,0x00,0x00,0x00,0x00,0x00,
    0x01,0x00,0x20,0xFF,0xFF,0xFF,0x01,0x00,0xDF,0xFF,0xFF,0xFF,0x10,0x00,0xFF,0xFF,
    0xFF,0xFF,0x01,0x00,0x7F,0xFF,0xFF,0xFF,0x6D,0x00,0x00,0x00,0x00,0x00,0x01,0x00,
    0x7F,0xFF,0xFF,0xFF,0x10,0x00,0xFF,0xFF,0xFF,0xFF,0x01,0x00,0xAF,0xFF,0xFF,0xFF,
    0x01,0x00,0x10,0xFF,0xFF,0xFF,0xEC,0x00,0x00,0x00,0x00,0x00,0x01,0x00,0x10,0xFF,
    0xFF,0xFF,0x01,0x00,0xAF,0xFF,0xFF,0xFF,0x10,0x00,0xFF,0xFF,0xFF,0xFF,0x01,0x00,
    0x7F,0xFF,0xFF,0xFF,0x6B,0x00,0x00,0x00,0x00,0x00,0x01,0x00,0x7F,0xFF,0xFF,0xFF,
    0x10,0x00,0xFF,0xFF,0xFF,0xFF,0x01,0x00,0xA0,0xFF,0xFF,0xFF,0xF0,0x00,0x00,0x00,
    0x00,0x00,0x01,0x00,0x90,0xFF,0xFF,0xFF,0x10,0x00,0xFF,0xFF,0xFF,0xFF,0x01,0x00,
    0x7F,0xFF,0xFF,0xFF,0x69,0x00,0x00,0x00,0x00,0x00,0x01,0x00,0x7F,0xFF,0xFF,0xFF,
    0x10,0x00,0xFF,0xFF,0xFF,0xFF,0x01,0x00,0x80,0xFF,0xFF,0xFF,0xF2,0x00,0x00,0x00,
    0x00,0x00,0x01,0x00,0x80,0xFF,0xFF,0xFF,0x10,0x00,0xFF,0xFF,0xFF,0xFF,0x01,0x00,
    0x7F,0xFF,0xFF,0xFF,0x67,0x00,0x00,0x00,0x00,0x00,0x01,0x00,0x7F,0xFF,0xFF,0xFF,
    0x10,0x00,0xFF,0xFF,0xFF,0xFF,0x01,0x00,0x80,0xFF,0xFF,0xFF,0xF4,0x00,0x00,0x00,
    0x00,0x00,0x01,0x00,0x80,0xFF,0xFF,0xFF,0x10,0x00,0xFF,0xFF,0xFF,0xFF,0x01,0x00,
    0x7F,0xFF,0xFF,0xFF,0x65,0x00,0x00,0x00,0x00,0x00,0x01,0x00,0x7F,0xFF,0xFF,0xFF,
    0x10,0x00,0xFF,0xFF,0xFF,0xFF,0x01,0x00,0x80,0xFF,0xFF,0xFF,0xF6,0x00,0x00,0x00,
    0x00,0x00,0x01,0x00,0x80,0xFF,0xFF,0xFF,0x10,0x00,0xFF,0xFF,0xFF,0xFF,0x01,0x00,
    0x70,0xFF,0xFF,0xFF,0x63,0x00,0x00,0x00,0x00,0x00,0x01,0x00,0x5F,0xFF,0xFF,0xFF,
    0x10,0x00,0xFF,0xFF,0xFF,0xFF,0x01,0x00,0x80,0xFF,0xFF,0xFF,0xF8,0x00,0x00,0x00,
    0x00,0x00,0x01,0x00,0x80,0xFF,0xFF,0xFF,0x10,0x00,0xFF,0xFF,0xFF,0xFF,0x01,0x00,
    0x5F,0xFF,0xFF,0xFF,0x61,0x00,0x00,0x00,0x00,0x00,0x01,0x00,0x30,0xFF,0xFF,0xFF,
    0x10,0x00,0xFF,0xFF,0xFF,0xFF,0x01,0x00,0x60,0xFF,0xFF,0xFF,0xFA,0x00,0x00,0x00,
    0x00,0x00,0x01,0x00,0x60,0xFF,0xFF,0xFF,0x0F,0x00,0xFF,0xFF,0xFF,0xFF,0x01,0x00,
    0xEF,0xFF,0xFF,0xFF,0x01,0x00,0x30,0xFF,0xFF,0xFF,0x5F,0x00,0x00,0x00,0x00,0x00,
    0x01,0x00,0x20,0xFF,0xFF,0xFF,0x01,0x00,0xEF,0xFF,0xFF,0xFF,0x0F,0x00,0xFF,0xFF,
    0xFF,0xFF,0x01,0x00,0x60,0xFF,0xFF,0xFF,0xFC,0x00,0x00,0x00,0x00,0x00,0x01,0x00,
    0x60,0xFF,0xFF,0xFF,0x0F,0x00,0xFF,0xFF,0xFF,0xFF,0x01,0x00,0xEF,0xFF,0xFF,0xFF,
    0x01,0x00,0x20,0xFF,0xFF,0xFF,0x5D,0x00,0x00,0x00,0x00,0x00,0x01,0x00,0x20,0xFF,
    0xFF,0xFF,0x01,0x00,0xDF,0xFF,0xFF,0xFF,0x0F,0x00,0xFF,0xFF,0xFF,0xFF,0x01,0x00,
    0x60,0xFF,0xFF,0xFF,0xFE,0x00,0x00,0x00,0x00,0x00,0x01,0x00,0x60,0xFF,0xFF,0xFF,
    0x0F,0x00,0xFF,0xFF,0xFF,0xFF,0x01,0x00,0xDF,0xFF,0xFF,0xFF,0x01,0x00,0x20,0xFF,
    0xFF,0xFF,0x5B,0x00,0x00,0x00,0x00,0x00,0x01,0x00,0x10,0xFF,0xFF,0xFF,0x01,0x00,
    0xDF,0xFF,0xFF,0xFF,0x0F,0x00,0xFF,0xFF,0xFF,0xFF,0x01,0x00,0x80,0xFF,0xFF,0xFF,
    0x00,0x01,0x00,0x00,0x00,0x00,0x01,0x00,0x80,0xFF,0xFF,0xFF,0x0F,0x00,0xFF,0xFF,
    0xFF,0xFF,0x01,0x00,0xCF,0xFF,0xFF,0xFF,0x01,0x00,0x10,0xFF,0xFF,0xFF,0x5A,0x00,
    0x00,0x00,0x00,0x00,0x01,0x00,0xAF,0xFF,0xFF,0xFF,0x0F,0x00,0xFF,0xFF,0xFF,0xFF,
    0x01,0x00,0x80,0xFF,0xFF,0xFF,0x02,0x01,0x00,0x00,0x00,0x00,0x01,0x00,0x80,0xFF,
    0xFF,0xFF,0x0F,0x00,0xFF,0xFF,0xFF,0xFF,0x01,0x00,0x9F,0xFF,0xFF,0xFF,0x59,0x00,
    0x00,0x00,0x00,0x00,0x01,0x00,0x7F,0xFF,0xFF,0xFF,0x0F,0x00,0xFF,0xFF,0xFF,0xFF,
    0x01,0x00,0x80,0xFF,0xFF,0xFF,0x04,0x01,0x00,0x00,0x00,0x00,0x01,0x00,0x80,0xFF,
    0xFF,0xFF,0x0F,0x00,0xFF,0xFF,0xFF,0xFF,0x01,0x00,0x7F,0xFF,0xFF,0xFF,0x57,0x00,
    0x00,0x00,0x00,0x00,0x01,0x00,0x70,0xFF,0xFF,0xFF,0x0F,0x00,0xFF,0xFF,0xFF,0xFF,
    0x01,0x00,0x80,0xFF,0xFF,0xFF,0x06,0x01,0x00,0x00,0x00,0x00,0x01,0x00,0x80,0xFF,
    0xFF,0xFF,0x0F,0x00,0xFF,0xFF,0xFF,0xFF,0x01,0x00,0x70,0xFF,0xFF,0xFF,0x55,0x00,
    0x00,0x00,0x00,0x00,0x01,0x00,0x30,0xFF,0xFF,0xFF,0x0F,0x00,0xFF,0xFF,0xFF,0xFF,
    0x01,0x00,0x90,0xFF,0xFF,0xFF,0x08,0x01,0x00,0x00,0x00,0x00,0x01,0x00,0xA0,0xFF,
    0xFF,0xFF,0x0E,0x00,0xFF,0xFF,0xFF,0xFF,0x01,0x00,0xEF,0xFF,0xFF,0xFF,0x01,0x00,
    0x30,0xFF,0xFF,0xFF,0x53,0x00,0x00,0x00,0x00,0x00,0x01,0x00,0x20,0xFF,0xFF,0xFF,
    0x01,0x00,0xDF,0xFF,0xFF,0xFF,0x0E,0x00,0xFF,0xFF,0xFF,0xFF,0x01,0x00,0xAF,0xFF,
    0xFF,0xFF,0x0A,0x01,0x00,0x00,0x00,0x00,0x01,0x00,0xAF,0xFF,0xFF,0xFF,0x0E,0x00,
    0xFF,0xFF,0xFF,0xFF,0x01,0x00,0xDF,0xFF,0xFF,0xFF,0x01,0x00,0x20,0xFF,0xFF,0xFF,
    0x52,0x00,0x00,0x00,0x00,0x00,0x01,0x00,0xCF,0xFF,0xFF,0xFF,0x0E,0x00,0xFF,0xFF,
    0xFF,0xFF,0x01,0x00,0xDF,0xFF,0xFF,0xFF,0x01,0x00,0x10,0xFF,0xFF,0xFF,0x0A,0x01,
    0x00,0x00,0x00,0x00,0x01,0x00,0x10,0xFF,0xFF,0xFF,0x01,0x00,0xCF,0xFF,0xFF,0xFF,
    0x0E,0x00,0xFF,0xFF,0xFF,0xFF,0x01,0x00,0xCF,0xFF,0xFF,0xFF,0x51,0x00,0x00,0x00,
    0x00,0x00,0x01,0x00,0x7F,0xFF,0xFF,0xFF,0x0E,0x00,0xFF,0xFF,0xFF,0xFF,0x01,0x00,
    0xDF,0xFF,0xFF,0xFF,0x01,0x00,0x20,0xFF,0xFF,0xFF,0x0C,0x01,0x00,0x00,0x00,0x00,
    0x01,0x00,0x20,0xFF,0xFF,0xFF,0x01,0x00,0xDF,0xFF,0xFF,0xFF,0x0E,0x00,0xFF,0xFF,
    0xFF,0xFF,0x01,0x00,0x8F,0xFF,0xFF,0xFF,0x4F,0x00,0x00,0x00,0x00,0x00,0x01,0x00,
    0x70,0xFF,0xFF,0xFF,0x0E,0x00,0xFF,0xFF,0xFF,0xFF,0x01,0x00,0xEF,0xFF,0xFF,0xFF,
    0x01,0x00,0x20,0xFF,0xFF,0xFF,0x0E,0x01,0x00,0x00,0x00,0x00,0x01,0x00,0x20,0xFF,
    0xFF,0xFF,0x01,0x00,0xEF,0xFF,0xFF,0xFF,0x0E,0x00,0xFF,0xFF,0xFF,0xFF,0x01,0x00,
    0x5F,0xFF,0xFF,0xFF,0x4D,0x00,0x00,0x00,0x00,0x00,0x01,0x00,0x20,0xFF,0xFF,0xFF,
    0x01,0x00,0xEF,0xFF,0xFF,0xFF,0x0E,0x00,0xFF,0xFF,0xFF,0xFF,0x01,0x00,0x40,0xFF,
    0xFF,0xFF,0x10,0x01,0x00,0x00,0x00,0x00,0x01,0x00,0x40,0xFF,0xFF,0xFF,0x0E,0x00,
    0xFF,0xFF,0xFF,0xFF,0x01,0x00,0xEF,0xFF,0xFF,0xFF,0x01,0x00,0x20,0xFF,0xFF,0xFF,
    0x4B,0x00,0x00,0x00,0x00,0x00,0x01,0x00,0x10,0xFF,0xFF,0xFF,0x01,0x00,0xDF,0xFF,
    0xFF,0xFF,0x0E,0x00,0xFF,0xFF,0xFF,0xFF,0x01,0x00,0x80,0xFF,0xFF,0xFF,0x12,0x01,
    0x00,0x00,0x00,0x00,0x01,0x00,0x70,0xFF,0xFF,0xFF,0x0E,0x00,0xFF,0xFF,0xFF,0xFF,
    0x01,0x00,0xDF,0xFF,0xFF,0xFF,0x01,0x00,0x10,0xFF,0xFF,0xFF,0x4A,0x00,0x00,0x00,
    0x00,0x00,0x01,0x00,0x8F,0xFF,0xFF,0xFF,0x0E,0x00,0xFF,0xFF,0xFF,0xFF,0x01,0x00,
    0x80,0xFF,0xFF,0xFF,0x14,0x01,0x00,0x00,0x00,0x00,0x01,0x00,0x90,0xFF,0xFF,0xFF,
    0x0E,0x00,0xFF,0xFF,0xFF,0xFF,0x01,0x00,0x8F,0xFF,0xFF,0xFF,0x49,0x00,0x00,0x00,
    0x00,0x00,0x01,0x00,0x60,0xFF,0xFF,0xFF,0x0E,0x00,0xFF,0xFF,0xFF,0xFF,0x01,0x00,
    0xCF,0xFF,0xFF,0xFF,0x16,0x01,0x00,0x00,0x00,0x00,0x01,0x00,0xBF,0xFF,0xFF,0xFF,
    0x0E,0x00,0xFF,0xFF,0xFF,0xFF,0x01,0x00,0x5F,0xFF,0xFF,0xFF,0x47,0x00,0x00,0x00,
    0x00,0x00,0x01,0x00,0x20,0xFF,0xFF,0xFF,0x01,0x00,0xEF,0xFF,0xFF,0xFF,0x0D,0x00,
    0xFF,0xFF,0xFF,0xFF,0x01,0x00,0xDF,0xFF,0xFF,0xFF,0x01,0x00,0x20,0xFF,0xFF,0xFF,
    0x16,0x01,0x00,0x00,0x00,0x00,0x01,0x00,0x20,0xFF,0xFF,0xFF,0x01,0x00,0xDF,0xFF,
    0xFF,0xFF,0x0D,0x00,0xFF,0xFF,0xFF,0xFF,0x01,0x00,0xEF,0xFF,0xFF,0xFF,0x01,0x00,
    0x20,0xFF,0xFF,0xFF,0x46,0x00,0x00,0x00,0x00,0x00,0x01,0x00,0xDF,0xFF,0xFF,0xFF,
    0x0E,0x00,0xFF,0xFF,0xFF,0xFF,0x01,0x00,0x20,0xFF,0xFF,0xFF,0x18,0x01,0x00,0x00,
    0x00,0x00,0x01,0x00,0x30,0xFF,0xFF,0xFF,0x01,0x00,0xEF,0xFF,0xFF,0xFF,0x0D,0x00,
    0xFF,0xFF,0xFF,0xFF,0x01,0x00,0xBF,0xFF,0xFF,0xFF,0x45,0x00,0x00,0x00,0x00,0x00,
    0x01,0x00,0x7F,0xFF,0xFF,0xFF,0x0E,0x00,0xFF,0xFF,0xFF,0xFF,0x01,0x00,0x70,0xFF,
    0xFF,0xFF,0x1A,0x01,0x00,0x00,0x00,0x00,0x01,0x00,0x70,0xFF,0xFF,0xFF,0x0E,0x00,
    0xFF,0xFF,0xFF,0xFF,0x01,0x00,0x80,0xFF,0xFF,0xFF,0x43,0x00,0x00,0x00,0x00,0x00,
    0x01,0x00,0x20,0xFF,0xFF,0xFF,0x0E,0x00,0xFF,0xFF,0xFF,0xFF,0x01,0x00,0x90,0xFF,
    0xFF,0xFF,0x1C,0x01,0x00,0x00,0x00,0x00,0x01,0x00,0x90,0xFF,0xFF,0xFF,0x0E,0x00,
    0xFF,0xFF,0xFF,0xFF,0x01,0x00,0x30,0xFF,0xFF,0xFF,0x42,0x00,0x00,0x00,0x00,0x00,
    0x01,0x00,0xDF,0xFF,0xFF,0xFF,0x0D,0x00,0xFF,0xFF,0xFF,0xFF,0x01,0x00,0xDF,0xFF,
    0xFF,0xFF,0x01,0x00,0x10,0xFF,0xFF,0xFF,0x1C,0x01,0x00,0x00,0x00,0x00,0x01,0x00,
    0x10,0xFF,0xFF,0xFF,0x01,0x00,0xDF,0xFF,0xFF,0xFF,0x0D,0x00,0xFF,0xFF,0xFF,0xFF,
    0x01,0x00,0xDF,0xFF,0xFF,0xFF,0x01,0x00,0x10,0xFF,0xFF,0xFF,0x40,0x00,0x00,0x00,
    0x00,0x00,0x01,0x00,0x7F,0xFF,0xFF,0xFF,0x0D,0x00,0xFF,0xFF,0xFF,0xFF,0x01,0x00,
    0xEF,0xFF,0xFF,0xFF,0x01,0x00,0x20,0xFF,0xFF,0xFF,0x1E,0x01,0x00,0x00,0x00,0x00,
    0x01,0x00,0x20,0xFF,0xFF,0xFF,0x01,0x00,0xEF,0xFF,0xFF,0xFF,0x0D,0x00,0xFF,0xFF,
    0xFF,0xFF,0x01,0x00,0x8F,0xFF,0xFF,0xFF,0x3F,0x00,0x00,0x00,0x00,0x00,0x01,0x00,
    0x20,0xFF,0xFF,0xFF,0x0E,0x00,0xFF,0xFF,0xFF,0xFF,0x01,0x00,0x70,0xFF,0xFF,0xFF,
    0x20,0x01,0x00,0x00,0x00,0x00,0x01,0x00,0x70,0xFF,0xFF,0xFF,0x0E,0x00,0xFF,0xFF,
    0xFF,0xFF,0x01,0x00,0x40,0xFF,0xFF,0xFF,0x3E,0x00,0x00,0x00,0x00,0x00,0x01,0x00,
    0xDF,0xFF,0xFF,0xFF,0x0D,0x00,0xFF,0xFF,0xFF,0xFF,0x01,0x00,0x9F,0xFF,0xFF,0xFF,
    0x22,0x01,0x00,0x00,0x00,0x00,0x01,0x00,0xAF,0xFF,0xFF,0xFF,0x0D,0x00,0xFF,0xFF,
    0xFF,0xFF,0x01,0x00,0xDF,0xFF,0xFF,0xFF,0x01,0x00,0x10,0xFF,0xFF,0xFF,0x3C,0x00,
    0x00,0x00,0x00,0x00,0x01,0x00,0x7F,0xFF,0xFF,0xFF,0x0D,0x00,0xFF,0xFF,0xFF,0xFF,
    0x01,0x00,0xDF,0xFF,0xFF,0xFF,0x01,0x00,0x20,0xFF,0xFF,0xFF,0x22,0x01,0x00,0x00,
    0x00,0x00,0x01,0x00,0x10,0xFF,0xFF,0xFF,0x01,0x00,0xDF,0xFF,0xFF,0xFF,0x0D,0x00,
    0xFF,0xFF,0xFF,0xFF,0x01,0x00,0x80,0xFF,0xFF,0xFF,0x3B,0x00,0x00,0x00,0x00,0x00,
    0x01,0x00,0x20,0xFF,0xFF,0xFF,0x0E,0x00,0xFF,0xFF,0xFF,0xFF,0x01,0x00,0x40,0xFF,
    0xFF,0xFF,0x24,0x01,0x00,0x00,0x00,0x00,0x01,0x00,0x40,0xFF,0xFF,0xFF,0x0E,0x00,
    0xFF,0xFF,0xFF,0xFF,0x01,0x00,0x30,0xFF,0xFF,0xFF,0x3A,0x00,0x00,0x00,0x00,0x00,
    0x01,0x00,0xDF,0xFF,0xFF,0xFF,0x0D,0x00,0xFF,0xFF,0xFF,0xFF,0x01,0x00,0x80,0xFF,
    0xFF,0xFF,0x26,0x01,0x00,0x00,0x00,0x00,0x01,0x00,0x90,0xFF,0xFF,0xFF,0x0D,0x00,
    0xFF,0xFF,0xFF,0xFF,0x01,0x00,0xBF,0xFF,0xFF,0xFF,0x39,0x00,0x00,0x00,0x00,0x00,
    0x01,0x00,0x70,0xFF,0xFF,0xFF,0x0D,0x00,0xFF,0xFF,0xFF,0xFF,0x01,0x00,0xDF,0xFF,
    0xFF,0xFF,0x27,0x01,0x00,0x00,0x00,0x00,0x01,0x00,0x10,0xFF,0xFF,0xFF,0x01,0x00,
    0xDF,0xFF,0xFF,0xFF,0x0D,0x00,0xFF,0xFF,0xFF,0xFF,0x01,0x00,0x70,0xFF,0xFF,0xFF,
    0x37,0x00,0x00,0x00,0x00,0x00,0x01,0x00,0x20,0xFF,0xFF,0xFF,0x01,0x00,0xDF,0xFF,
    0xFF,0xFF,0x0D,0x00,0xFF,0xFF,0xFF,0xFF,0x01,0x00,0x20,0xFF,0xFF,0xFF,0x28,0x01,
    0x00,0x00,0x00,0x00,0x01,0x00,0x40,0xFF,0xFF,0xFF,0x0D,0x00,0xFF,0xFF,0xFF,0xFF,
    0x01,0x00,0xEF,0xFF,0xFF,0xFF,0x01,0x00,0x10,0xFF,0xFF,0xFF,0x36,0x00,0x00,0x00,
    0x00,0x00,0x01,0x00,0xA0,0xFF,0xFF,0xFF,0x0D,0x00,0xFF,0xFF,0xFF,0xFF,0x01,0x00,
    0x80,0xFF,0xFF,0xFF,0x2A,0x01,0x00,0x00,0x00,0x00,0x01,0x00,0x90,0xFF,0xFF,0xFF,
    0x0D,0x00,0xFF,0xFF,0xFF,0xFF,0x01,0x00,0x9F,0xFF,0xFF,0xFF,0x35,0x00,0x00,0x00,
    0x00,0x00,0x01,0x00,0x30,0xFF,0xFF,0xFF,0x0D,0x00,0xFF,0xFF,0xFF,0xFF,0x01,0x00,
    0xDF,0xFF,0xFF,0xFF,0x2B,0x01,0x00,0x00,0x00,0x00,0x01,0x00,0x10,0xFF,0xFF,0xFF,
    0x01,0x00,0xDF,0xFF,0xFF,0xFF,0x0D,0x00,0xFF,0xFF,0xFF,0xFF,0x01,0x00,0x40,0xFF,
    0xFF,0xFF,0x34,0x00,0x00,0x00,0x00,0x00,0x01,0x00,0xDF,0xFF,0xFF,0xFF,0x0D,0x00,
    0xFF,0xFF,0xFF,0xFF,0x01,0x00,0x40,0xFF,0xFF,0xFF,0x2C,0x01,0x00,0x00,0x00,0x00,
    0x01,0x00,0x40,0xFF,0xFF,0xFF,0x0D,0x00,0xFF,0xFF,0xFF,0xFF,0x01,0x00,0xCF,0xFF,
    0xFF,0xFF,0x33,0x00,0x00,0x00,0x00,0x00,0x01,0x00,0x60,0xFF,0xFF,0xFF,0x0D,0x00,
    0xFF,0xFF,0xFF,0xFF,0x01,0x00,0x9F,0xFF,0xFF,0xFF,0x2E,0x01,0x00,0x00,0x00,0x00,
    0x01,0x00,0x90,0xFF,0xFF,0xFF,0x0D,0x00,0xFF,0xFF,0xFF,0xFF,0x01,0x00,0x70,0xFF,
    0xFF,0xFF,0x31,0x00,0x00,0x00,0x00,0x00,0x01,0x00,0x20,0xFF,0xFF,0xFF,0x01,0x00,
    0xDF,0xFF,0xFF,0xFF,0x0C,0x00,0xFF,0xFF,0xFF,0xFF,0x01,0x00,0xDF,0xFF,0xFF,0xFF,
    0x01,0x00,0x20,0xFF,0xFF,0xFF,0x2E,0x01,0x00,0x00,0x00,0x00,0x01,0x00,0x10,0xFF,
    0xFF,0xFF,0x01,0x00,0xEF,0xFF,0xFF,0xFF,0x0C,0x00,0xFF,0xFF,0xFF,0xFF,0x01,0x00,
    0xEF,0xFF,0xFF,0xFF,0x01,0x00,0x10,0xFF,0xFF,0xFF,0x30,0x00,0x00,0x00,0x00,0x00,
    0x01,0x00,0x8F,0xFF,0xFF,0xFF,0x0D,0x00,0xFF,0xFF,0xFF,0xFF,0x01,0x00,0x60,0xFF,
    0xFF,0xFF,0x30,0x01,0x00,0x00,0x00,0x00,0x01,0x00,0x60,0xFF,0xFF,0xFF,0x0D,0x00,
    0xFF,0xFF,0xFF,0xFF,0x01,0x00,0x80,0xFF,0xFF,0xFF,0x2F,0x00,0x00,0x00,0x00,0x00,
    0x01,0x00,0x20,0xFF,0xFF,0xFF,0x0D,0x00,0xFF,0xFF,0xFF,0xFF,0x01,0x00,0xCF,0xFF,
    0xFF,0xFF,0x32,0x01,0x00,0x00,0x00,0x00,0x01,0x00,0xBF,0xFF,0xFF,0xFF,0x0C,0x00,
    0xFF,0xFF,0xFF,0xFF,0x01,0x00,0xEF,0xFF,0xFF,0xFF,0x01,0x00,0x20,0xFF,0xFF,0xFF,
    0x2E,0x00,0x00,0x00,0x00,0x00,0x01,0x00,0xA0,0xFF,0xFF,0xFF,0x0D,0x00,0xFF,0xFF,
    0xFF,0xFF,0x01,0x00,0x20,0xFF,0xFF,0xFF,0x32,0x01,0x00,0x00,0x00,0x00,0x01,0x00,
    0x30,0xFF,0xFF,0xFF,0x0D,0x00,0xFF,0xFF,0xFF,0xFF,0x01,0x00,0xAF,0xFF,0xFF,0xFF,
    0x2D,0x00,0x00,0x00,0x00,0x00,0x01,0x00,0x20,0xFF,0xFF,0xFF,0x0D,0x00,0xFF,0xFF,
    0xFF,0xFF,0x01,0x00,0x90,0xFF,0xFF,0xFF,0x34,0x01,0x00,0x00,0x00,0x00,0x01,0x00,
    0x90,0xFF,0xFF,0xFF,0x0D,0x00,0xFF,0xFF,0xFF,0xFF,0x01,0x00,0x40,0xFF,0xFF,0xFF,
    0x2C,0x00,0x00,0x00,0x00,0x00,0x01,0x00,0xBF,0xFF,0xFF,0xFF,0x0C,0x00,0xFF,0xFF,
    0xFF,0xFF,0x01,0x00,0xDF,0xFF,0xFF,0xFF,0x01,0x00,0x20,0xFF,0xFF,0xFF,0x34,0x01,
    0x00,0x00,0x00,0x00,0x01,0x00,0x10,0xFF,0xFF,0xFF,0x01,0x00,0xEF,0xFF,0xFF,0xFF,
    0x0C,0x00,0xFF,0xFF,0xFF,0xFF,0x01,0x00,0xBF,0xFF,0xFF,0xFF,0x2B,0x00,0x00,0x00,
    0x00,0x00,0x01,0x00,0x40,0xFF,0xFF,0xFF,0x0D,0x00,0xFF,0xFF,0xFF,0xFF,0x01,0x00,
    0x60,0xFF,0xFF,0xFF,0x36,0x01,0x00,0x00,0x00,0x00,0x01,0x00,0x70,0xFF,0xFF,0xFF,
    0x0D,0x00,0xFF,0xFF,0xFF,0xFF,0x01,0x00,0x40,0xFF,0xFF,0xFF,0x2A,0x00,0x00,0x00,
    0x00,0x00,0x01,0x00,0xCF,0xFF,0xFF,0xFF,0x0C,0x00,0xFF,0xFF,0xFF,0xFF,0x01,0x00,
    0xDF,0xFF,0xFF,0xFF,0x38,0x01,0x00,0x00,0x00,0x00,0x01,0x00,0xCF,0xFF,0xFF,0xFF,
    0x0C,0x00,0xFF,0xFF,0xFF,0xFF,0x01,0x00,0xBF,0xFF,0xFF,0xFF,0x29,0x00,0x00,0x00,
    0x00,0x00,0x01,0x00,0x60,0xFF,0xFF,0xFF,0x0D,0x00,0xFF,0xFF,0xFF,0xFF,0x01,0x00,
    0x60,0xFF,0xFF,0xFF,0x38,0x01,0x00,0x00,0x00,0x00,0x01,0x00,0x40,0xFF,0xFF,0xFF,
    0x0D,0x00,0xFF,0xFF,0xFF,0xFF,0x01,0x00,0x40,0xFF,0xFF,0xFF,0x28,0x00,0x00,0x00,
    0x00,0x00,0x01,0x00,0xDF,0xFF,0xFF,0xFF,0x0C,0x00,0xFF,0xFF,0xFF,0xFF,0x01,0x00,
    0xC0,0xFF,0xFF,0xFF,0x3A,0x01,0x00,0x00,0x00,0x00,0x01,0x00,0xBF,0xFF,0xFF,0xFF,
    0x0C,0x00,0xFF,0xFF,0xFF,0xFF,0x01,0x00,0xBF,0xFF,0xFF,0xFF,0x27,0x00,0x00,0x00,
    0x00,0x00,0x01,0x00,0x60,0xFF,0xFF,0xFF,0x0D,0x00,0xFF,0xFF,0xFF,0xFF,0x01,0x00,
    0x20,0xFF,0xFF,0xFF,0x3A,0x01,0x00,0x00,0x00,0x00,0x01,0x00,0x40,0xFF,0xFF,0xFF,
    0x0D,0x00,0xFF,0xFF,0xFF,0xFF,0x01,0x00,0x40,0xFF,0xFF,0xFF,0x26,0x00,0x00,0x00,
    0x00,0x00,0x01,0x00,0xBF,0xFF,0xFF,0xFF,0x0C,0x00,0xFF,0xFF,0xFF,0xFF,0x01,0x00,
    0x9F,0xFF,0xFF,0xFF,0x3C,0x01,0x00,0x00,0x00,0x00,0x01,0x00,0xBF,0xFF,0xFF,0xFF,
    0x0C,0x00,0xFF,0xFF,0xFF,0xFF,0x01,0x00,0xBF,0xFF,0xFF,0xFF,0x25,0x00,0x00,0x00,
    0x00,0x00,0x01,0x00,0x40,0xFF,0xFF,0xFF,0x0D,0x00,0xFF,0xFF,0xFF,0xFF,0x01,0x00,
    0x20,0xFF,0xFF,0xFF,0x3C,0x01,0x00,0x00,0x00,0x00,0x01,0x00,0x20,0xFF,0xFF,0xFF,
    0x0D,0x00,0xFF,0xFF,0xFF,0xFF,0x01,0x00,0x40,0xFF,0xFF,0xFF,0x24,0x00,0x00,0x00,
    0x00,0x00,0x01,0x00,0xBF,0xFF,0xFF,0xFF,0x0C,0x00,0xFF,0xFF,0xFF,0xFF,0x01,0x00,
    0x9F,0xFF,0xFF,0xFF,0x3E,0x01,0x00,0x00,0x00,0x00,0x01,0x00,0xA0,0xFF,0xFF,0xFF,
    0x0C,0x00,0xFF,0xFF,0xFF,0xFF,0x01,0x00,0xBF,0xFF,0xFF,0xFF,0x23,0x00,0x00,0x00,
    0x00,0x00,0x01,0x00,0x20,0xFF,0xFF,0xFF,0x0D,0x00,0xFF,0xFF,0xFF,0xFF,0x01,0x00,
    0x20,0xFF,0xFF,0xFF,0x3E,0x01,0x00,0x00,0x00,0x00,0x01,0x00,0x20,0xFF,0xFF,0xFF,
    0x0D,0x00,0xFF,0xFF,0xFF,0xFF,0x01,0x00,0x40,0xFF,0xFF,0xFF,0x22,0x00,0x00,0x00,
    0x00,0x00,0x01,0x00,0xA0,0xFF,0xFF,0xFF,0x0C,0x00,0xFF,0xFF,0xFF,0xFF,0x01,0x00,
    0x9F,0xFF,0xFF,0xFF,0x40,0x01,0x00,0x00,0x00,0x00,0x01,0x00,0xA0,0xFF,0xFF,0xFF,
    0x0C,0x00,0xFF,0xFF,0xFF,0xFF,0x01,0x00,0xBF,0xFF,0xFF,0xFF,0x21,0x00,0x00,0x00,
    0x00,0x00,0x01,0x00,0x20,0xFF,0xFF,0xFF,0x0D,0x00,0xFF,0xFF,0xFF,0xFF,0x01,0x00,
    0x20,0xFF,0xFF,0xFF,0x40,0x01,0x00,0x00,0x00,0x00,0x01,0x00,0x20,0xFF,0xFF,0xFF,
    0x0D,0x00,0xFF,0xFF,0xFF,0xFF,0x01,0x00,0x20,0xFF,0xFF,0xFF,0x20,0x00,0x00,0x00,
    0x00,0x00,0x01,0x00,0xA0,0xFF,0xFF,0xFF,0x0C,0x00,0xFF,0xFF,0xFF,0xFF,0x01,0x00,
    0x9F,0xFF,0xFF,0xFF,0x42,0x01,0x00,0x00,0x00,0x00,0x01,0x00,0xA0,0xFF,0xFF,0xFF,
    0x0C,0x00,0xFF,0xFF,0xFF,0xFF,0x01,0x00,0x80,0xFF,0xFF,0xFF,0x1F,0x00,0x00,0x00,
    0x00,0x00,0x01,0x00,0x20,0xFF,0xFF,0xFF,0x01,0x00,0xEF,0xFF,0xFF,0xFF,0x0C,0x00,
    0xFF,0xFF,0xFF,0xFF,0x01,0x00,0x20,0xFF,0xFF,0xFF,0x42,0x01,0x00,0x00,0x00,0x00,
    0x01,0x00,0x40,0xFF,0xFF,0xFF,0x0C,0x00,0xFF,0xFF,0xFF,0xFF,0x01,0x00,0xEF,0xFF,
    0xFF,0xFF,0x01,0x00,0x10,0xFF,0xFF,0xFF,0x1E,0x00,0x00,0x00,0x00,0x00,0x01,0x00,
    0x60,0xFF,0xFF,0xFF,0x0C,0x00,0xFF,0xFF,0xFF,0xFF,0x01,0x00,0x9F,0xFF,0xFF,0xFF,
    0x44,0x01,0x00,0x00,0x00,0x00,0x01,0x00,0xBF,0xFF,0xFF,0xFF,0x0C,0x00,0xFF,0xFF,
    0xFF,0xFF,0x01,0x00,0x80,0xFF,0xFF,0xFF,0x1E,0x00,0x00,0x00,0x00,0x00,0x01,0x00,
    0xDF,0xFF,0xFF,0xFF,0x0C,0x00,0xFF,0xFF,0xFF,0xFF,0x01,0x00,0x40,0xFF,0xFF,0xFF,
    0x44,0x01,0x00,0x00,0x00,0x00,0x01,0x00,0x40,0xFF,0xFF,0xFF,0x0C,0x00,0xFF,0xFF,
    0xFF,0xFF,0x01,0x00,0xDF,0xFF,0xFF,0xFF,0x1D,0x00,0x00,0x00,0x00,0x00,0x01,0x00,
    0x50,0xFF,0xFF,0xFF,0x0C,0x00,0xFF,0xFF,0xFF,0xFF,0x01,0x00,0xCF,0xFF,0xFF,0xFF,
    0x46,0x01,0x00,0x00,0x00,0x00,0x01,0x00,0xBF,0xFF,0xFF,0xFF,0x0C,0x00,0xFF,0xFF,
    0xFF,0xFF,0x01,0x00,0x40,0xFF,0xFF,0xFF,0x1C,0x00,0x00,0x00,0x00,0x00,0x01,0x00,
    0xB0,0xFF,0xFF,0xFF,0x0C,0x00,0xFF,0xFF,0xFF,0xFF,0x01,0x00,0x60,0xFF,0xFF,0xFF,
    0x46,0x01,0x00,0x00,0x00,0x00,0x01,0x00,0x40,0xFF,0xFF,0xFF,0x0C,0x00,0xFF,0xFF,
    0xFF,0xFF,0x01,0x00,0xBF,0xFF,0xFF,0xFF,0x1B,0x00,0x00,0x00,0x00,0x00,0x01,0x00,
    0x20,0xFF,0xFF,0xFF,0x0C,0x00,0xFF,0xFF,0xFF,0xFF,0x01,0x00,0xDF,0xFF,0xFF,0xFF,
    0x48,0x01,0x00,0x00,0x00,0x00,0x01,0x00,0xEF,0xFF,0xFF,0xFF,0x0C,0x00,0xFF,0xFF,
    0xFF,0xFF,0x01,0x00,0x10,0xFF,0xFF,0xFF,0x1A,0x00,0x00,0x00,0x00,0x00,0x01,0x00,
    0x90,0xFF,0xFF,0xFF,0x0C,0x00,0xFF,0xFF,0xFF,0xFF,0x01,0x00,0x60,0xFF,0xFF,0xFF,
    0x48,0x01,0x00,0x00,0x00,0x00,0x01,0x00,0x80,0xFF,0xFF,0xFF,0x0C,0x00,0xFF,0xFF,
    0xFF,0xFF,0x01,0x00,0x80,0xFF,0xFF,0xFF,0x1A,0x00,0x00,0x00,0x00,0x00,0x01,0x00,
    0xDF,0xFF,0xFF,0xFF,0x0C,0x00,0xFF,0xFF,0xFF,0xFF,0x01,0x00,0x20,0xFF,0xFF,0xFF,
    0x48,0x01,0x00,0x00,0x00,0x00,0x01,0x00,0x10,0xFF,0xFF,0xFF,0x01,0x00,0xEF,0xFF,
    0xFF,0xFF,0x0B,0x00,0xFF,0xFF,0xFF,0xFF,0x01,0x00,0xEF,0xFF,0xFF,0xFF,0x19,0x00,
    0x00,0x00,0x00,0x00,0x01,0x00,0x50,0xFF,0xFF,0xFF,0x0C,0x00,0xFF,0xFF,0xFF,0xFF,
    0x01,0x00,0x9F,0xFF,0xFF,0xFF,0x4A,0x01,0x00,0x00,0x00,0x00,0x01,0x00,0x90,0xFF,
    0xFF,0xFF,0x0C,0x00,0xFF,0xFF,0xFF,0xFF,0x01,0x00,0x40,0xFF,0xFF,0xFF,0x18,0x00,
    0x00,0x00,0x00,0x00,0x01,0x00,0xA0,0xFF,0xFF,0xFF,0x0C,0x00,0xFF,0xFF,0xFF,0xFF,
    0x01,0x00,0x40,0xFF,0xFF,0xFF,0x4A,0x01,0x00,0x00,0x00,0x00,0x01,0x00,0x40,0xFF,
    0xFF,0xFF,0x0C,0x00,0xFF,0xFF,0xFF,0xFF,0x01,0x00,0xBF,0xFF,0xFF,0xFF,0x17,0x00,
    0x00,0x00,0x00,0x00,0x01,0x00,0x20,0xFF,0xFF,0xFF,0x0C,0x00,0xFF,0xFF,0xFF,0xFF,
    0x01,0x00,0xCF,0xFF,0xFF,0xFF,0x4C,0x01,0x00,0x00,0x00,0x00,0x01,0x00,0xBF,0xFF,
    0xFF,0xFF,0x0B,0x00,0xFF,0xFF,0xFF,0xFF,0x01,0x00,0xEF,0xFF,0xFF,0xFF,0x01,0x00,
    0x10,0xFF,0xFF,0xFF,0x16,0x00,0x00,0x00,0x00,0x00,0x01,0x00,0x60,0xFF,0xFF,0xFF,
    0x0C,0x00,0xFF,0xFF,0xFF,0xFF,0x01,0x00,0x60,0xFF,0xFF,0xFF,0x4C,0x01,0x00,0x00,
    0x00,0x00,0x01,0x00,0x70,0xFF,0xFF,0xFF,0x0C,0x00,0xFF,0xFF,0xFF,0xFF,0x01,0x00,
    0x70,0xFF,0xFF,0xFF,0x16,0x00,0x00,0x00,0x00,0x00,0x01,0x00,0xBF,0xFF,0xFF,0xFF,
    0x0C,0x00,0xFF,0xFF,0xFF,0xFF,0x01,0x00,0x20,0xFF,0xFF,0xFF,0x4C,0x01,0x00,0x00,
    0x00,0x00,0x01,0x00,0x10,0xFF,0xFF,0xFF,0x01,0x00,0xEF,0xFF,0xFF,0xFF,0x0B,0x00,
    0xFF,0xFF,0xFF,0xFF,0x01,0x00,0xBF,0xFF,0xFF,0xFF,0x15,0x00,0x00,0x00,0x00,0x00,
    0x01,0x00,0x20,0xFF,0xFF,0xFF,0x0C,0x00,0xFF,0xFF,0xFF,0xFF,0x01,0x00,0x9F,0xFF,
    0xFF,0xFF,0x4E,0x01,0x00,0x00,0x00,0x00,0x01,0x00,0xA0,0xFF,0xFF,0xFF,0x0C,0x00,
    0xFF,0xFF,0xFF,0xFF,0x01,0x00,0x20,0xFF,0xFF,0xFF,0x14,0x00,0x00,0x00,0x00,0x00,
    0x01,0x00,0x70,0xFF,0xFF,0xFF,0x0C,0x00,0xFF,0xFF,0xFF,0xFF,0x01,0x00,0x40,0xFF,
    0xFF,0xFF,0x4E,0x01,0x00,0x00,0x00,0x00,0x01,0x00,0x40,0xFF,0xFF,0xFF,0x0C,0x00,
    0xFF,0xFF,0xFF,0xFF,0x01,0x00,0x80,0xFF,0xFF,0xFF,0x14,0x00,0x00,0x00,0x00,0x00,
    0x01,0x00,0xCF,0xFF,0xFF,0xFF,0x0B,0x00,0xFF,0xFF,0xFF,0xFF,0x01,0x00,0xDF,0xFF,
    0xFF,0xFF,0x50,0x01,0x00,0x00,0x00,0x00,0x01,0x00,0xEF,0xFF,0xFF,0xFF,0x0B,0x00,
    0xFF,0xFF,0xFF,0xFF,0x01,0x00,0xBF,0xFF,0xFF,0xFF,0x13,0x00,0x00,0x00,0x00,0x00,
    0x01,0x00,0x20,0xFF,0xFF,0xFF,0x0C,0x00,0xFF,0xFF,0xFF,0xFF,0x01,0x00,0x9F,0xFF,
    0xFF,0xFF,0x50,0x01,0x00,0x00,0x00,0x00,0x01,0x00,0x80,0xFF,0xFF,0xFF,0x0C,0x00,
    0xFF,0xFF,0xFF,0xFF,0x01,0x00,0x20,0xFF,0xFF,0xFF,0x12,0x00,0x00,0x00,0x00,0x00,
    0x01,0x00,0x70,0xFF,0xFF,0xFF,0x0C,0x00,0xFF,0xFF,0xFF,0xFF,0x01,0x00,0x30,0xFF,
    0xFF,0xFF,0x50,0x01,0x00,0x00,0x00,0x00,0x01,0x00,0x40,0xFF,0xFF,0xFF,0x0C,0x00,
    0xFF,0xFF,0xFF,0xFF,0x01,0x00,0x80,0xFF,0xFF,0xFF,0x12,0x00,0x00,0x00,0x00,0x00,
    0x01,0x00,0xCF,0xFF,0xFF,0xFF,0x0B,0x00,0xFF,0xFF,0xFF,0xFF,0x01,0x00,0xDF,0xFF,
    0xFF,0xFF,0x52,0x01,0x00,0x00,0x00,0x00,0x01,0x00,0xBF,0xFF,0xFF,0xFF,0x0B,0x00,
    0xFF,0xFF,0xFF,0xFF,0x01,0x00,0xBF,0xFF,0xFF,0xFF,0x11,0x00,0x00,0x00,0x00,0x00,
    0x01,0x00,0x20,0xFF,0xFF,0xFF,0x0C,0x00,0xFF,0xFF,0xFF,0xFF,0x01,0x00,0x70,0xFF,
    0xFF,0xFF,0x52,0x01,0x00,0x00,0x00,0x00,0x01,0x00,0x80,0xFF,0xFF,0xFF,0x0C,0x00,
    0xFF,0xFF,0xFF,0xFF,0x01,0x00,0x20,0xFF,0xFF,0xFF,0x10,0x00,0x00,0x00,0x00,0x00,
    0x01,0x00,0x70,0xFF,0xFF,0xFF,0x0C,0x00,0xFF,0xFF,0xFF,0xFF,0x01,0x00,0x20,0xFF,
    0xFF,0xFF,0x52,0x01,0x00,0x00,0x00,0x00,0x01,0x00,0x20,0xFF,0xFF,0xFF,0x0C,0x00,
    0xFF,0xFF,0xFF,0xFF,0x01,0x00,0x70,0xFF,0xFF,0xFF,0x10,0x00,0x00,0x00,0x00,0x00,
    0x01,0x00,0xBF,0xFF,0xFF,0xFF,0x0B,0x00,0xFF,0xFF,0xFF,0xFF,0x01,0x00,0xCF,0xFF,
    0xFF,0xFF,0x54,0x01,0x00,0x00,0x00,0x00,0x01,0x00,0xBF,0xFF,0xFF,0xFF,0x0B,0x00,
    0xFF,0xFF,0xFF,0xFF,0x01,0x00,0xBF,0xFF,0xFF,0xFF,0x0F,0x00,0x00,0x00,0x00,0x00,
    0x01,0x00,0x20,0xFF,0xFF,0xFF,0x0C,0x00,0xFF,0xFF,0xFF,0xFF,0x01,0x00,0x80,0xFF,
    0xFF,0xFF,0x54,0x01,0x00,0x00,0x00,0x00,0x01,0x00,0x80,0xFF,0xFF,0xFF,0x0C,0x00,
    0xFF,0xFF,0xFF,0xFF,0x01,0x00,0x10,0xFF,0xFF,0xFF,0x0E,0x00,0x00,0x00,0x00,0x00,
    0x01,0x00,0x60,0xFF,0xFF,0xFF,0x0C,0x00,0xFF,0xFF,0xFF,0xFF,0x01,0x00,0x30,0xFF,
    0xFF,0xFF,0x54,0x01,0x00,0x00,0x00,0x00,0x01,0x00,0x40,0xFF,0xFF,0xFF,0x0C,0x00,
    0xFF,0xFF,0xFF,0xFF,0x01,0x00,0x60,0xFF,0xFF,0xFF,0x0E,0x00,0x00,0x00,0x00,0x00,
    0x01,0x00,0xA0,0xFF,0xFF,0xFF,0x0B,0x00,0xFF,0xFF,0xFF,0xFF,0x01,0x00,0xDF,0xFF,
    0xFF,0xFF,0x56,0x01,0x00,0x00,0x00,0x00,0x01,0x00,0xE0,0xFF,0xFF,0xFF,0x0B,0x00,
    0xFF,0xFF,0xFF,0xFF,0x01,0x00,0x9F,0xFF,0xFF,0xFF,0x0E,0x00,0x00,0x00,0x00,0x00,
    0x01,0x00,0xDF,0xFF,0xFF,0xFF,0x0B,0x00,0xFF,0xFF,0xFF,0xFF,0x01,0x00,0x9F,0xFF,
    0xFF,0xFF,0x56,0x01,0x00,0x00,0x00,0x00,0x01,0x00,0x90,0xFF,0xFF,0xFF,0x0B,0x00,
    0xFF,0xFF,0xFF,0xFF,0x01,0x00,0xEF,0xFF,0xFF,0xFF,0x0D,0x00,0x00,0x00,0x00,0x00,
    0x01,0x00,0x30,0xFF,0xFF,0xFF,0x0C,0x00,0xFF,0xFF,0xFF,0xFF,0x01,0x00,0x40,0xFF,
    0xFF,0xFF,0x56,0x01,0x00,0x00,0x00,0x00,0x01,0x00,0x40,0xFF,0xFF,0xFF,0x0C,0x00,
    0xFF,0xFF,0xFF,0xFF,0x01,0x00,0x40,0xFF,0xFF,0xFF,0x0C,0x00,0x00,0x00,0x00,0x00,
    0x01,0x00,0x70,0xFF,0xFF,0xFF,0x0B,0x00,0xFF,0xFF,0xFF,0xFF,0x01,0x00,0xEF,0xFF,
    0xFF,0xFF,0x57,0x01,0x00,0x00,0x00,0x00,0x01,0x00,0x10,0xFF,0xFF,0xFF,0x01,0x00,
    0xEF,0xFF,0xFF,0xFF,0x0B,0x00,0xFF,0xFF,0xFF,0xFF,0x01,0x00,0x70,0xFF,0xFF,0xFF,
    0x0C,0x00,0x00,0x00,0x00,0x00,0x01,0x00,0xBF,0xFF,0xFF,0xFF,0x0B,0x00,0xFF,0xFF,
    0xFF,0xFF,0x01,0x00,0xB0,0xFF,0xFF,0xFF,0x58,0x01,0x00,0x00,0x00,0x00,0x01,0x00,
    0xBF,0xFF,0xFF,0xFF,0x0B,0x00,0xFF,0xFF,0xFF,0xFF,0x01,0x00,0xBF,0xFF,0xFF,0xFF,
    0x0C,0x00,0x00,0x00,0x00,0x00,0x0C,0x00,0xFF,0xFF,0xFF,0xFF,0x01,0x00,0x60,0xFF,
    0xFF,0xFF,0x58,0x01,0x00,0x00,0x00,0x00,0x01,0x00,0x70,0xFF,0xFF,0xFF,0x0B,0x00,
    0xFF,0xFF,0xFF,0xFF,0x01,0x00,0xEF,0xFF,0xFF,0xFF,0x01,0x00,0x10,0xFF,0xFF,0xFF,
    0x0A,0x00,0x00,0x00,0x00,0x00,0x01,0x00,0x40,0xFF,0xFF,0xFF,0x0C,0x00,0xFF,0xFF,
    0xFF,0xFF,0x01,0x00,0x20,0xFF,0xFF,0xFF,0x58,0x01,0x00,0x00,0x00,0x00,0x01,0x00,
    0x20,0xFF,0xFF,0xFF,0x0C,0x00,0xFF,0xFF,0xFF,0xFF,0x01,0x00,0x40,0xFF,0xFF,0xFF,
    0x0A,0x00,0x00,0x00,0x00,0x00,0x01,0x00,0x80,0xFF,0xFF,0xFF,0x0B,0x00,0xFF,0xFF,
    0xFF,0xFF,0x01,0x00,0xDF,0xFF,0xFF,0xFF,0x5A,0x01,0x00,0x00,0x00,0x00,0x01,0x00,
    0xE0,0xFF,0xFF,0xFF,0x0B,0x00,0xFF,0xFF,0xFF,0xFF,0x01,0x00,0x80,0xFF,0xFF,0xFF,
    0x0A,0x00,0x00,0x00,0x00,0x00,0x01,0x00,0xBF,0xFF,0xFF,0xFF,0x0B,0x00,0xFF,0xFF,
    0xFF,0xFF,0x01,0x00,0x9F,0xFF,0xFF,0xFF,0x5A,0x01,0x00,0x00,0x00,0x00,0x01,0x00,
    0xA0,0xFF,0xFF,0xFF,0x0B,0x00,0xFF,0xFF,0xFF,0xFF,0x01,0x00,0xBF,0xFF,0xFF,0xFF,
    0x0A,0x00,0x00,0x00,0x00,0x00,0x01,0x00,0xEF,0xFF,0xFF,0xFF,0x0B,0x00,0xFF,0xFF,
    0xFF,0xFF,0x01,0x00,0x60,0xFF,0xFF,0xFF,0x5A,0x01,0x00,0x00,0x00,0x00,0x01,0x00,
    0x60,0xFF,0xFF,0xFF,0x0B,0x00,0xFF,0xFF,0xFF,0xFF,0x01,0x00,0xEF,0xFF,0xFF,0xFF,
    0x09,0x00,0x00,0x00,0x00,0x00,0x01,0x00,0x40,0xFF,0xFF,0xFF,0x0C,0x00,0xFF,0xFF,
    0xFF,0xFF,0x01,0x00,0x20,0xFF,0xFF,0xFF,0x5A,0x01,0x00,0x00,0x00,0x00,0x01,0x00,
    0x20,0xFF,0xFF,0xFF,0x0C,0x00,0xFF,0xFF,0xFF,0xFF,0x01,0x00,0x30,0xFF,0xFF,0xFF,
    0x08,0x00,0x00,0x00,0x00,0x00,0x01,0x00,0x70,0xFF,0xFF,0xFF,0x0B,0x00,0xFF,0xFF,
    0xFF,0xFF,0x01,0x00,0xDF,0xFF,0xFF,0xFF,0x5C,0x01,0x00,0x00,0x00,0x00,0x01,0x00,
    0xE0,0xFF,0xFF,0xFF,0x0B,0x00,0xFF,0xFF,0xFF,0xFF,0x01,0x00,0x70,0xFF,0xFF,0xFF,
    0x08,0x00,0x00,0x00,0x00,0x00,0x01,0x00,0xB0,0xFF,0xFF,0xFF,0x0B,0x00,0xFF,0xFF,
    0xFF,0xFF,0x01,0x00,0xB0,0xFF,0xFF,0xFF,0x5C,0x01,0x00,0x00,0x00,0x00,0x01,0x00,
    0xA0,0xFF,0xFF,0xFF,0x0B,0x00,0xFF,0xFF,0xFF,0xFF,0x01,0x00,0x9F,0xFF,0xFF,0xFF,
    0x08,0x00,0x00,0x00,0x00,0x00,0x01,0x00,0xDF,0xFF,0xFF,0xFF,0x0B,0x00,0xFF,0xFF,
    0xFF,0xFF,0x01,0x00,0x70,0xFF,0xFF,0xFF,0x5C,0x01,0x00,0x00,0x00,0x00,0x01,0x00,
    0x70,0xFF,0xFF,0xFF,0x0B,0x00,0xFF,0xFF,0xFF,0xFF,0x01,0x00,0xDF,0xFF,0xFF,0xFF,
    0x07,0x00,0x00,0x00,0x00,0x00,0x01,0x00,0x10,0xFF,0xFF,0xFF,0x0C,0x00,0xFF,0xFF,
    0xFF,0xFF,0x01,0x00,0x30,0xFF,0xFF,0xFF,0x5C,0x01,0x00,0x00,0x00,0x00,0x01,0x00,
    0x30,0xFF,0xFF,0xFF,0x0C,0x00,0xFF,0xFF,0xFF,0xFF,0x01,0x00,0x10,0xFF,0xFF,0xFF,
    0x06,0x00,0x00,0x00,0x00,0x00,0x01,0x00,0x40,0xFF,0xFF,0xFF,0x0B,0x00,0xFF,0xFF,
    0xFF,0xFF,0x01,0x00,0xEF,0xFF,0xFF,0xFF,0x5E,0x01,0x00,0x00,0x00,0x00,0x01,0x00,
    0xEF,0xFF,0xFF,0xFF,0x0B,0x00,0xFF,0xFF,0xFF,0xFF,0x01,0x00,0x50,0xFF,0xFF,0xFF,
    0x06,0x00,0x00,0x00,0x00,0x00,0x01,0x00,0x80,0xFF,0xFF,0xFF,0x0B,0x00,0xFF,0xFF,
    0xFF,0xFF,0x01,0x00,0xC0,0xFF,0xFF,0xFF,0x5E,0x01,0x00,0x00,0x00,0x00,0x01,0x00,
    0xBF,0xFF,0xFF,0xFF,0x0B,0x00,0xFF,0xFF,0xFF,0xFF,0x01,0x00,0x70,0xFF,0xFF,0xFF,
    0x06,0x00,0x00,0x00,0x00,0x00,0x01,0x00,0xB0,0xFF,0xFF,0xFF,0x0B,0x00,0xFF,0xFF,
    0xFF,0xFF,0x01,0x00,0x90,0xFF,0xFF,0xFF,0x5E,0x01,0x00,0x00,0x00,0x00,0x01,0x00,
    0x90,0xFF,0xFF,0xFF,0x0B,0x00,0xFF,0xFF,0xFF,0xFF,0x01,0x00,0x9F,0xFF,0xFF,0xFF,
    0x06,0x00,0x00,0x00,0x00,0x00,0x01,0x00,0xCF,0xFF,0xFF,0xFF,0x0B,0x00,0xFF,0xFF,
    0xFF,0xFF,0x01,0x00,0x50,0xFF,0xFF,0xFF,0x5E,0x01,0x00,0x00,0x00,0x00,0x01,0x00,
    0x60,0xFF,0xFF,0xFF,0x0B,0x00,0xFF,0xFF,0xFF,0xFF,0x01,0x00,0xDF,0xFF,0xFF,0xFF,
    0x05,0x00,0x00,0x00,0x00,0x00,0x01,0x00,0x10,0xFF,0xFF,0xFF,0x0C,0x00,0xFF,0xFF,
    0xFF,0xFF,0x01,0x00,0x30,0xFF,0xFF,0xFF,0x5E,0x01,0x00,0x00,0x00,0x00,0x01,0x00,
    0x20,0xFF,0xFF,0xFF,0x0C,0x00,0xFF,0xFF,0xFF,0xFF,0x01,0x00,0x10,0xFF,0xFF,0xFF,
    0x04,0x00,0x00,0x00,0x00,0x00,0x01,0x00,0x40,0xFF,0xFF,0xFF,0x0C,0x00,0xFF,0xFF,
    0xFF,0xFF,0x60,0x01,0x00,0x00,0x00,0x00,0x01,0x00,0xEF,0xFF,0xFF,0xFF,0x0B,0x00,
    0xFF,0xFF,0xFF,0xFF,0x01,0x00,0x30,0xFF,0xFF,0xFF,0x04,0x00,0x00,0x00,0x00,0x00,
    0x01,0x00,0x50,0xFF,0xFF,0xFF,0x0B,0x00,0xFF,0xFF,0xFF,0xFF,0x01,0x00,0xC0,0xFF,
    0xFF,0xFF,0x60,0x01,0x00,0x00,0x00,0x00,0x01,0x00,0xCF,0xFF,0xFF,0xFF,0x0B,0x00,
    0xFF,0xFF,0xFF,0xFF,0x01,0x00,0x60,0xFF,0xFF,0xFF,0x04,0x00,0x00,0x00,0x00,0x00,
    0x01,0x00,0x90,0xFF,0xFF,0xFF,0x0B,0x00,0xFF,0xFF,0xFF,0xFF,0x01,0x00,0xB0,0xFF,
    0xFF,0xFF,0x60,0x01,0x00,0x00,0x00,0x00,0x01,0x00,0xA0,0xFF,0xFF,0xFF,0x0B,0x00,
    0xFF,0xFF,0xFF,0xFF,0x01,0x00,0x90,0xFF,0xFF,0xFF,0x04,0x00,0x00,0x00,0x00,0x00,
    0x01,0x00,0xBF,0xFF,0xFF,0xFF,0x0B,0x00,0xFF,0xFF,0xFF,0xFF,0x01,0x00,0x70,0xFF,
    0xFF,0xFF,0x60,0x01,0x00,0x00,0x00,0x00,0x01,0x00,0x70,0xFF,0xFF,0xFF,0x0B,0x00,
    0xFF,0xFF,0xFF,0xFF,0x01,0x00,0xB0,0xFF,0xFF,0xFF,0x04,0x00,0x00,0x00,0x00,0x00,
    0x01,0x00,0xCF,0xFF,0xFF,0xFF,0x0B,0x00,0xFF,0xFF,0xFF,0xFF,0x01,0x00,0x40,0xFF,
    0xFF,0xFF,0x60,0x01,0x00,0x00,0x00,0x00,0x01,0x00,0x50,0xFF,0xFF,0xFF,0x0B,0x00,
    0xFF,0xFF,0xFF,0xFF,0x01,0x00,0xDF,0xFF,0xFF,0xFF,0x04,0x00,0x00,0x00,0x00,0x00,
    0x0C,0x00,0xFF,0xFF,0xFF,0xFF,0x01,0x00,0x30,0xFF,0xFF,0xFF,0x60,0x01,0x00,0x00,
    0x00,0x00,0x01,0x00,0x20,0xFF,0xFF,0xFF,0x0C,0x00,0xFF,0xFF,0xFF,0xFF,0x03,0x00,
    0x00,0x00,0x00,0x00,0x01,0x00,0x30,0xFF,0xFF,0xFF,0x0C,0x00,0xFF,0xFF,0xFF,0xFF,
    0x62,0x01,0x00,0x00,0x00,0x00,0x01,0x00,0xEF,0xFF,0xFF,0xFF,0x0B,0x00,0xFF,0xFF,
    0xFF,0xFF,0x01,0x00,0x20,0xFF,0xFF,0xFF,0x02,0x00,0x00,0x00,0x00,0x00,0x01,0x00,
    0x40,0xFF,0xFF,0xFF,0x0B,0x00,0xFF,0xFF,0xFF,0xFF,0x01,0x00,0xCF,0xFF,0xFF,0xFF,
    0x62,0x01,0x00,0x00,0x00,0x00,0x01,0x00,0xE0,0xFF,0xFF,0xFF,0x0B,0x00,0xFF,0xFF,
    0xFF,0xFF,0x01,0x00,0x50,0xFF,0xFF,0xFF,0x02,0x00,0x00,0x00,0x00,0x00,0x01,0x00,
    0x70,0xFF,0xFF,0xFF,0x0B,0x00,0xFF,0xFF,0xFF,0xFF,0x01,0x00,0xB0,0xFF,0xFF,0xFF,
    0x62,0x01,0x00,0x00,0x00,0x00,0x01,0x00,0xB0,0xFF,0xFF,0xFF,0x0B,0x00,0xFF,0xFF,
    0xFF,0xFF,0x01,0x00,0x70,0xFF,0xFF,0xFF,0x02,0x00,0x00,0x00,0x00,0x00,0x01,0x00,
    0x90,0xFF,0xFF,0xFF,0x0B,0x00,0xFF,0xFF,0xFF,0xFF,0x01,0x00,0x90,0xFF,0xFF,0xFF,
    0x62,0x01,0x00,0x00,0x00,0x00,0x01,0x00,0x90,0xFF,0xFF,0xFF,0x0B,0x00,0xFF,0xFF,
    0xFF,0xFF,0x01,0x00,0x90,0xFF,0xFF,0xFF,0x02,0x00,0x00,0x00,0x00,0x00,0x01,0x00,
    0xB0,0xFF,0xFF,0xFF,0x0B,0x00,0xFF,0xFF,0xFF,0xFF,0x01,0x00,0x70,0xFF,0xFF,0xFF,
    0x62,0x01,0x00,0x00,0x00,0x00,0x01,0x00,0x70,0xFF,0xFF,0xFF,0x0B,0x00,0xFF,0xFF,
    0xFF,0xFF,0x01,0x00,0x9F,0xFF,0xFF,0xFF,0x02,0x00,0x00,0x00,0x00,0x00,0x01,0x00,
    0xBF,0xFF,0xFF,0xFF,0x0B,0x00,0xFF,0xFF,0xFF,0xFF,0x01,0x00,0x40,0xFF,0xFF,0xFF,
    0x62,0x01,0x00,0x00,0x00,0x00,0x01,0x00,0x50,0xFF,0xFF,0xFF,0x0B,0x00,0xFF,0xFF,
    0xFF,0xFF,0x01,0x00,0xCF,0xFF,0xFF,0xFF,0x02,0x00,0x00,0x00,0x00,0x00,0x01,0x00,
    0xE0,0xFF,0xFF,0xFF,0x0B,0x00,0xFF,0xFF,0xFF,0xFF,0x01,0x00,0x30,0xFF,0xFF,0xFF,
    0x62,0x01,0x00,0x00,0x00,0x00,0x01,0x00,0x20,0xFF,0xFF,0xFF,0x0B,0x00,0xFF,0xFF,
    0xFF,0xFF,0x01,0x00,0xDF,0xFF,0xFF,0xFF,0x02,0x00,0x00,0x00,0x00,0x00,0x0C,0x00,
    0xFF,0xFF,0xFF,0xFF,0x01,0x00,0x10,0xFF,0xFF,0xFF,0x62,0x01,0x00,0x00,0x00,0x00,
    0x01,0x00,0x10,0xFF,0xFF,0xFF,0x0C,0x00,0xFF,0xFF,0xFF,0xFF,0x01,0x00,0x00,0x00,
    0x00,0x00,0x01,0x00,0x20,0xFF,0xFF,0xFF,0x0C,0x00,0xFF,0xFF,0xFF,0xFF,0x64,0x01,
    0x00,0x00,0x00,0x00,0x01,0x00,0xEF,0xFF,0xFF,0xFF,0x0B,0x00,0xFF,0xFF,0xFF,0xFF,
    0x01,0x00,0x20,0xFF,0xFF,0xFF,0x01,0x00,0x40,0xFF,0xFF,0xFF,0x0B,0x00,0xFF,0xFF,
    0xFF,0xFF,0x01,0x00,0xDF,0xFF,0xFF,0xFF,0x64,0x01,0x00,0x00,0x00,0x00,0x01,0x00,
    0xE0,0xFF,0xFF,0xFF,0x0B,0x00,0xFF,0xFF,0xFF,0xFF,0x01,0x00,0x30,0xFF,0xFF,0xFF,
    0x01,0x00,0x40,0xFF,0xFF,0xFF,0x0B,0x00,0xFF,0xFF,0xFF,0xFF,0x01,0x00,0xC0,0xFF,
    0xFF,0xFF,0x64,0x01,0x00,0x00,0x00,0x00,0x01,0x00,0xBF,0xFF,0xFF,0xFF,0x0B,0x00,
    0xFF,0xFF,0xFF,0xFF,0x01,0x00,0x50,0xFF,0xFF,0xFF,0x01,0x00,0x60,0xFF,0xFF,0xFF,
    0x0B,0x00,0xFF,0xFF,0xFF,0xFF,0x01,0x00,0xB0,0xFF,0xFF,0xFF,0x64,0x01,0x00,0x00,
    0x00,0x00,0x01,0x00,0xA0,0xFF,0xFF,0xFF,0x0B,0x00,0xFF,0xFF,0xFF,0xFF,0x01,0x00,
    0x60,0xFF,0xFF,0xFF,0x01,0x00,0x70,0xFF,0xFF,0xFF,0x0B,0x00,0xFF,0xFF,0xFF,0xFF,
    0x01,0x00,0x9F,0xFF,0xFF,0xFF,0x64,0x01,0x00,0x00,0x00,0x00,0x01,0x00,0xA0,0xFF,
    0xFF,0xFF,0x0B,0x00,0xFF,0xFF,0xFF,0xFF,0x01,0x00,0x70,0xFF,0xFF,0xFF,0x01,0x00,
    0x80,0xFF,0xFF,0xFF,0x0B,0x00,0xFF,0xFF,0xFF,0xFF,0x01,0x00,0x80,0xFF,0xFF,0xFF,
    0x64,0x01,0x00,0x00,0x00,0x00,0x01,0x00,0x80,0xFF,0xFF,0xFF,0x0B,0x00,0xFF,0xFF,
    0xFF,0xFF,0x01,0x00,0x80,0xFF,0xFF,0xFF,0x01,0x00,0xA0,0xFF,0xFF,0xFF,0x0B,0x00,
    0xFF,0xFF,0xFF,0xFF,0x01,0x00,0x70,0xFF,0xFF,0xFF,0x64,0x01,0x00,0x00,0x00,0x00,
    0x01,0x00,0x70,0xFF,0xFF,0xFF,0x0B,0x00,0xFF,0xFF,0xFF,0xFF,0x01,0x00,0x9F,0xFF,
    0xFF,0xFF,0x01,0x00,0xA0,0xFF,0xFF,0xFF,0x0B,0x00,0xFF,0xFF,0xFF,0xFF,0x01,0x00,
    0x60,0xFF,0xFF,0xFF,0x64,0x01,0x00,0x00,0x00,0x00,0x01,0x00,0x60,0xFF,0xFF,0xFF,
    0x0B,0x00,0xFF,0xFF,0xFF,0xFF,0x01,0x00,0x9F,0xFF,0xFF,0xFF,0x01,0x00,0xBF,0xFF,
    0xFF,0xFF,0x0B,0x00,0xFF,0xFF,0xFF,0xFF,0x01,0x00,0x40,0xFF,0xFF,0xFF,0x64,0x01,
    0x00,0x00,0x00,0x00,0x01,0x00,0x50,0xFF,0xFF,0xFF,0x0B,0x00,0xFF,0xFF,0xFF,0xFF,
    0x01,0x00,0xB0,0xFF,0xFF,0xFF,0x01,0x00,0xBF,0xFF,0xFF,0xFF,0x0B,0x00,0xFF,0xFF,
    0xFF,0xFF,0x01,0x00,0x40,0xFF,0xFF,0xFF,0x64,0x01,0x00,0x00,0x00,0x00,0x01,0x00,
    0x40,0xFF,0xFF,0xFF,0x0B,0x00,0xFF,0xFF,0xFF,0xFF,0x01,0x00,0xC0,0xFF,0xFF,0xFF,
    0x01,0x00,0xCF,0xFF,0xFF,0xFF,0x0B,0x00,0xFF,0xFF,0xFF,0xFF,0x01,0x00,0x40,0xFF,
    0xFF,0xFF,0x64,0x01,0x00,0x00,0x00,0x00,0x01,0x00,0x30,0xFF,0xFF,0xFF,0x0B,0x00,
    0xFF,0xFF,0xFF,0xFF,0x01,0x00,0xCF,0xFF,0xFF,0xFF,0x01,0x00,0xE0,0xFF,0xFF,0xFF,
    0x0B,0x00,0xFF,0xFF,0xFF,0xFF,0x01,0x00,0x20,0xFF,0xFF,0xFF,0x64,0x01,0x00,0x00,
    0x00,0x00,0x01,0x00,0x20,0xFF,0xFF,0xFF,0x0B,0x00,0xFF,0xFF,0xFF,0xFF,0x01,0x00,
    0xDF,0xFF,0xFF,0xFF,0x01,0x00,0xE0,0xFF,0xFF,0xFF,0x0B,0x00,0xFF,0xFF,0xFF,0xFF,
    0x01,0x00,0x20,0xFF,0xFF,0xFF,0x64,0x01,0x00,0x00,0x00,0x00,0x01,0x00,0x20,0xFF,
    0xFF,0xFF,0x0B,0x00,0xFF,0xFF,0xFF,0xFF,0x01,0x00,0xDF,0xFF,0xFF,0xFF,0x01,0x00,
    0xE0,0xFF,0xFF,0xFF,0x0B,0x00,0xFF,0xFF,0xFF,0xFF,0x01,0x00,0x20,0xFF,0xFF,0xFF,
    0x64,0x01,0x00,0x00,0x00,0x00,0x01,0x00,0x20,0xFF,0xFF,0xFF,0x0B,0x00,0xFF,0xFF,
    0xFF,0xFF,0x01,0x00,0xDF,0xFF,0xFF,0xFF,0x0C,0x00,0xFF,0xFF,0xFF,0xFF,0x65,0x01,
    0x00,0x00,0x00,0x00,0x01,0x00,0x10,0xFF,0xFF,0xFF,0x18,0x00,0xFF,0xFF,0xFF,0xFF,
    0x66,0x01,0x00,0x00,0x00,0x00,0x18,0x00,0xFF,0xFF,0xFF,0xFF,0x66,0x01,0x00,0x00,
    0x00,0x00,0x18,0x00,0xFF,0xFF,0xFF,0xFF,0x66,0x01,0x00,0x00,0x00,0x00,0x18,0x00,
    0xFF,0xFF,0xFF,0xFF,0x66,0x01,0x00,0x00,0x00,0x00,0x18,0x00,0xFF,0xFF,0xFF,0xFF,
    0x66,0x01,0x00,0x00,0x00,0x00,0x0C,0x00,0xFF,0xFF,0xFF,0xFF,0x01,0x00,0xBF,0xFF,
    0xFF,0xFF,0x0A,0x00,0xFF,0xFF,0xFF,0xFF,0x01,0x00,0xCF,0xFF,0xFF,0xFF,0x66,0x01,
    0x00,0x00,0x00,0x00,0x01,0x00,0xBF,0xFF,0xFF,0xFF,0x0A,0x00,0xFF,0xFF,0xFF,0xFF,
    0x01,0x00,0xCF,0xFF,0xFF,0xFF,0x01,0x00,0x80,0xFF,0xFF,0xFF,0x0A,0x00,0xFF,0xFF,
    0xFF,0xFF,0x01,0x00,0x60,0xFF,0xFF,0xFF,0x66,0x01,0x00,0x00,0x00,0x00,0x01,0x00,
    0x80,0xFF,0xFF,0xFF,0x0A,0x00,0xFF,0xFF,0xFF,0xFF,0x01,0x00,0x60,0xFF,0xFF,0xFF,
    0x01,0x00,0x10,0xFF,0xFF,0xFF,0x01,0x00,0xDF,0xFF,0xFF,0xFF,0x08,0x00,0xFF,0xFF,
    0xFF,0xFF,0x01,0x00,0xDF,0xFF,0xFF,0xFF,0x67,0x01,0x00,0x00,0x00,0x00,0x01,0x00,
    0x10,0xFF,0xFF,0xFF,0x01,0x00,0xDF,0xFF,0xFF,0xFF,0x08,0x00,0xFF,0xFF,0xFF,0xFF,
    0x01,0x00,0xDF,0xFF,0xFF,0xFF,0x02,0x00,0x00,0x00,0x00,0x00,0x01,0x00,0x20,0xFF,
    0xFF,0xFF,0x01,0x00,0xDF,0xFF,0xFF,0xFF,0x06,0x00,0xFF,0xFF,0xFF,0xFF,0x01,0x00,
    0xDF,0xFF,0xFF,0xFF,0x01,0x00,0x20,0xFF,0xFF,0xFF,0x68,0x01,0x00,0x00,0x00,0x00,
    0x01,0x00,0x20,0xFF,0xFF,0xFF,0x01,0x00,0xDF,0xFF,0xFF,0xFF,0x06,0x00,0xFF,0xFF,
    0xFF,0xFF,0x01,0x00,0xDF,0xFF,0xFF,0xFF,0x01,0x00,0x20,0xFF,0xFF,0xFF,0x04,0x00,
    0x00,0x00,0x00,0x00,0x01,0x00,0x60,0xFF,0xFF,0xFF,0x01,0x00,0xD0,0xFF,0xFF,0xFF,
    0x02,0x00,0xFF,0xFF,0xFF,0xFF,0x01,0x00,0xC0,0xFF,0xFF,0xFF,0x01,0x00,0x80,0xFF,
    0xFF,0xFF,0x01,0x00,0x10,0xFF,0xFF,0xFF,0x6B,0x01,0x00,0x00,0x00,0x00,0x01,0x00,
    0x60,0xFF,0xFF,0xFF,0x01,0x00,0xD0,0xFF,0xFF,0xFF,0x02,0x00,0xFF,0xFF,0xFF,0xFF,
    0x01,0x00,0xC0,0xFF,0xFF,0xFF,0x01,0x00,0x80,0xFF,0xFF,0xFF,0x01,0x00,0x10,0xFF,
    0xFF,0xFF,0x02,0x00,0x00,0x00,0x00,0x00,
};

leImage figmaImg_imgEllipse =
{
    {
        LE_STREAM_LOCATION_ID_INTERNAL, // data location id
        (void*)figmaImg_imgEllipse_data, // data variable pointer
        11096, // data size
    },
    LE_IMAGE_FORMAT_RLE,
    {
        LE_COLOR_MODE_RGBA_8888,
        {
            382,
            197
        },
        75254,
        11096,
        (void*)figmaImg_imgEllipse_data, // data variable pointer
        0, // flags
    },
    0, // image flags
    {
        0x0, // color mask
    },
    NULL, // alpha mask
    NULL, // palette
};

/*********************************
 * Legato Image Asset
 * Name:   figmaImg_imgKnob
 * Size:   24x24 pixels
 * Mode:   RGBA_8888
 ***********************************/

const uint8_t figmaImg_imgKnob_data[537] =
{
    0x01,0x04,0x07,0x00,0x00,0x00,0x00,0x01,0x10,0xAF,0x80,0x00,0x01,0x7F,0xB9,0x85,
    0x00,0x01,0xBF,0xB8,0x84,0x00,0x01,0xDF,0xB8,0x85,0x00,0x02,0xFF,0xB8,0x85,0x00,
    0x01,0xEF,0xB9,0x85,0x00,0x01,0xBF,0xB8,0x84,0x00,0x01,0x70,0xB8,0x84,0x00,0x01,
    0x20,0xB7,0x80,0x00,0x0C,0x00,0x00,0x00,0x00,0x01,0x20,0xB7,0x87,0x00,0x01,0xBF,
    0xB8,0x84,0x00,0x0A,0xFF,0xB8,0x85,0x00,0x01,0x9F,0xB8,0x85,0x00,0x01,0x20,0xB7,
    0x80,0x00,0x09,0x00,0x00,0x00,0x00,0x01,0x70,0xB8,0x84,0x00,0x01,0xEF,0xB9,0x85,
    0x00,0x0C,0xFF,0xB8,0x85,0x00,0x01,0xEF,0xB8,0x85,0x00,0x01,0x70,0xB6,0x84,0x00,
    0x07,0x00,0x00,0x00,0x00,0x01,0x7F,0xB9,0x85,0x00,0x10,0xFF,0xB8,0x85,0x00,0x01,
    0x7F,0xB9,0x85,0x00,0x05,0x00,0x00,0x00,0x00,0x01,0x70,0xB8,0x84,0x00,0x12,0xFF,
    0xB8,0x85,0x00,0x01,0x70,0xB6,0x84,0x00,0x03,0x00,0x00,0x00,0x00,0x01,0x20,0xB7,
    0x87,0x00,0x01,0xEF,0xB9,0x85,0x00,0x12,0xFF,0xB8,0x85,0x00,0x01,0xEF,0xB8,0x85,
    0x00,0x01,0x20,0xB7,0x80,0x00,0x02,0x00,0x00,0x00,0x00,0x01,0xA0,0xB7,0x84,0x00,
    0x14,0xFF,0xB8,0x85,0x00,0x01,0xBF,0xB8,0x86,0x00,0x01,0x00,0x00,0x00,0x00,0x01,
    0x20,0xB7,0x87,0x00,0x16,0xFF,0xB8,0x85,0x00,0x01,0x10,0xAF,0x80,0x00,0x01,0x70,
    0xB8,0x84,0x00,0x16,0xFF,0xB8,0x85,0x00,0x01,0x80,0xB7,0x83,0x00,0x01,0xBF,0xB8,
    0x84,0x00,0x16,0xFF,0xB8,0x85,0x00,0x01,0xBF,0xB8,0x86,0x00,0x01,0xEF,0xB9,0x85,
    0x00,0x16,0xFF,0xB8,0x85,0x00,0x01,0xDF,0xB8,0x85,0x00,0x30,0xFF,0xB8,0x85,0x00,
    0x01,0xE0,0xB7,0x85,0x00,0x16,0xFF,0xB8,0x85,0x00,0x01,0xEF,0xB8,0x85,0x00,0x01,
    0xBF,0xB8,0x86,0x00,0x16,0xFF,0xB8,0x85,0x00,0x01,0xC0,0xB7,0x85,0x00,0x01,0x80,
    0xB7,0x83,0x00,0x16,0xFF,0xB8,0x85,0x00,0x01,0x70,0xB6,0x84,0x00,0x01,0x10,0xBF,
    0x80,0x00,0x16,0xFF,0xB8,0x85,0x00,0x01,0x20,0xB7,0x80,0x00,0x01,0x00,0x00,0x00,
    0x00,0x01,0xBF,0xB8,0x86,0x00,0x14,0xFF,0xB8,0x85,0x00,0x01,0x9F,0xB8,0x85,0x00,
    0x02,0x00,0x00,0x00,0x00,0x01,0x20,0xB7,0x87,0x00,0x01,0xEF,0xB9,0x85,0x00,0x12,
    0xFF,0xB8,0x85,0x00,0x01,0xEF,0xB9,0x85,0x00,0x01,0x20,0xB7,0x80,0x00,0x03,0x00,
    0x00,0x00,0x00,0x01,0x70,0xB6,0x84,0x00,0x12,0xFF,0xB8,0x85,0x00,0x01,0x70,0xB6,
    0x84,0x00,0x05,0x00,0x00,0x00,0x00,0x01,0x80,0xB7,0x85,0x00,0x10,0xFF,0xB8,0x85,
    0x00,0x01,0x80,0xB7,0x85,0x00,0x07,0x00,0x00,0x00,0x00,0x01,0x70,0xB6,0x84,0x00,
    0x01,0xEF,0xB9,0x85,0x00,0x0C,0xFF,0xB8,0x85,0x00,0x01,0xEF,0xB9,0x85,0x00,0x01,
    0x70,0xB6,0x84,0x00,0x09,0x00,0x00,0x00,0x00,0x01,0x20,0xB7,0x87,0x00,0x01,0xA0,
    0xB7,0x84,0x00,0x0A,0xFF,0xB8,0x85,0x00,0x01,0xC0,0xB7,0x85,0x00,0x01,0x20,0xB7,
    0x80,0x00,0x0C,0x00,0x00,0x00,0x00,0x01,0x20,0xB7,0x87,0x00,0x01,0x70,0xB8,0x84,
    0x00,0x01,0xC0,0xB7,0x85,0x00,0x01,0xEF,0xB9,0x85,0x00,0x02,0xFF,0xB8,0x85,0x00,
    0x01,0xE0,0xB7,0x85,0x00,0x01,0xC0,0xB7,0x85,0x00,0x01,0x80,0xB7,0x85,0x00,0x01,
    0x10,0xAF,0x80,0x00,0x07,0x00,0x00,0x00,0x00,
};

leImage figmaImg_imgKnob =
{
    {
        LE_STREAM_LOCATION_ID_INTERNAL, // data location id
        (void*)figmaImg_imgKnob_data, // data variable pointer
        537, // data size
    },
    LE_IMAGE_FORMAT_RLE,
    {
        LE_COLOR_MODE_RGBA_8888,
        {
            24,
            24
        },
        576,
        537,
        (void*)figmaImg_imgKnob_data, // data variable pointer
        0, // flags
    },
    0, // image flags
    {
        0x0, // color mask
    },
    NULL, // alpha mask
    NULL, // palette
};

/*********************************
 * Legato Image Asset
 * Name:   figmaImg_imgMchp
 * Size:   117x18 pixels
 * Mode:   RGBA_8888
 ***********************************/

const uint8_t figmaImg_imgMchp_data[3297] =
{
    0x01,0x04,0x05,0x00,0x00,0x00,0x00,0x01,0x50,0xB6,0xB6,0xB6,0x01,0xBF,0xB7,0xB7,
    0xB7,0x01,0xEF,0xB8,0xB8,0xB8,0x01,0xFF,0xB7,0xB7,0xB7,0x01,0xEF,0xB8,0xB8,0xB8,
    0x01,0xBF,0xB7,0xB7,0xB7,0x01,0x7F,0xB7,0xB7,0xB7,0x01,0x10,0xAF,0xAF,0xAF,0x6B,
    0x00,0x00,0x00,0x00,0x01,0x30,0xBA,0xBA,0xBA,0x01,0xDF,0xB7,0xB7,0xB7,0x07,0xFF,
    0xB7,0xB7,0xB7,0x01,0x8F,0xB8,0xB8,0xB8,0x6A,0x00,0x00,0x00,0x00,0x01,0x5F,0xB7,
    0xB7,0xB7,0x0A,0xFF,0xB7,0xB7,0xB7,0x01,0x30,0xB5,0xB5,0xB5,0x68,0x00,0x00,0x00,
    0x00,0x01,0x20,0xB7,0xB7,0xB7,0x03,0xFF,0xB7,0xB7,0xB7,0x01,0x9F,0xB7,0xB7,0xB7,
    0x01,0xDF,0xB7,0xB7,0xB7,0x04,0xFF,0xB7,0xB7,0xB7,0x01,0x90,0xB5,0xB5,0xB5,0x01,
    0xDF,0xB7,0xB7,0xB7,0x01,0xBF,0xB7,0xB7,0xB7,0x0B,0x00,0x00,0x00,0x00,0x01,0x70,
    0xB6,0xB6,0xB6,0x01,0xDF,0xB7,0xB7,0xB7,0x01,0x9F,0xB7,0xB7,0xB7,0x01,0x10,0xAF,
    0xAF,0xAF,0x06,0x00,0x00,0x00,0x00,0x01,0x40,0xB3,0xB3,0xB3,0x01,0xAF,0xB6,0xB6,
    0xB6,0x01,0x8F,0xB8,0xB8,0xB8,0x50,0x00,0x00,0x00,0x00,0x01,0xDF,0xB7,0xB7,0xB7,
    0x02,0xFF,0xB7,0xB7,0xB7,0x01,0xC0,0xB6,0xB6,0xB6,0x01,0x00,0x00,0x00,0x00,0x01,
    0x20,0xB7,0xB7,0xB7,0x01,0xEF,0xB8,0xB8,0xB8,0x02,0xFF,0xB7,0xB7,0xB7,0x01,0x90,
    0xB6,0xB6,0xB6,0x01,0x00,0x00,0x00,0x00,0x01,0x40,0xB7,0xB7,0xB7,0x01,0xFF,0xB7,
    0xB7,0xB7,0x01,0x40,0xB7,0xB7,0xB7,0x0A,0x00,0x00,0x00,0x00,0x03,0xFF,0xB7,0xB7,
    0xB7,0x01,0x8F,0xB8,0xB8,0xB8,0x05,0x00,0x00,0x00,0x00,0x01,0x20,0xB7,0xB7,0xB7,
    0x03,0xFF,0xB7,0xB7,0xB7,0x01,0x80,0xB5,0xB5,0xB5,0x4E,0x00,0x00,0x00,0x00,0x01,
    0x60,0xB7,0xB7,0xB7,0x03,0xFF,0xB7,0xB7,0xB7,0x01,0x20,0xB7,0xB7,0xB7,0x02,0x00,
    0x00,0x00,0x00,0x01,0x80,0xB5,0xB5,0xB5,0x01,0xFF,0xB7,0xB7,0xB7,0x01,0xDF,0xB7,
    0xB7,0xB7,0x01,0x10,0xAF,0xAF,0xAF,0x02,0x00,0x00,0x00,0x00,0x01,0xBF,0xB7,0xB7,
    0xB7,0x01,0xDF,0xB7,0xB7,0xB7,0x09,0x00,0x00,0x00,0x00,0x01,0x30,0xB5,0xB5,0xB5,
    0x04,0xFF,0xB7,0xB7,0xB7,0x01,0x40,0xB7,0xB7,0xB7,0x04,0x00,0x00,0x00,0x00,0x01,
    0xA0,0xB6,0xB6,0xB6,0x03,0xFF,0xB7,0xB7,0xB7,0x01,0xB0,0xB5,0xB5,0xB5,0x1F,0x00,
    0x00,0x00,0x00,0x06,0x20,0xAF,0xAF,0xAF,0x29,0x00,0x00,0x00,0x00,0x01,0xB0,0xB5,
    0xB5,0xB5,0x02,0xFF,0xB7,0xB7,0xB7,0x01,0xBF,0xB7,0xB7,0xB7,0x03,0x00,0x00,0x00,
    0x00,0x01,0x10,0xBF,0xBF,0xBF,0x01,0xEF,0xB8,0xB8,0xB8,0x01,0x90,0xB5,0xB5,0xB5,
    0x03,0x00,0x00,0x00,0x00,0x01,0x30,0xBA,0xBA,0xBA,0x01,0xFF,0xB7,0xB7,0xB7,0x01,
    0x80,0xB5,0xB5,0xB5,0x08,0x00,0x00,0x00,0x00,0x01,0x40,0xB3,0xB3,0xB3,0x04,0xFF,
    0xB7,0xB7,0xB7,0x01,0xBF,0xB7,0xB7,0xB7,0x03,0x00,0x00,0x00,0x00,0x01,0x20,0xB7,
    0xB7,0xB7,0x04,0xFF,0xB7,0xB7,0xB7,0x01,0xDF,0xB7,0xB7,0xB7,0x02,0x00,0x00,0x00,
    0x00,0x01,0xB0,0xB5,0xB5,0xB5,0x01,0xDF,0xB7,0xB7,0xB7,0x01,0x9F,0xB7,0xB7,0xB7,
    0x02,0x00,0x00,0x00,0x00,0x01,0x7F,0xB7,0xB7,0xB7,0x01,0xEF,0xB8,0xB8,0xB8,0x06,
    0xFF,0xB7,0xB7,0xB7,0x01,0xDF,0xB7,0xB7,0xB7,0x01,0x10,0xAF,0xAF,0xAF,0x01,0x60,
    0xB7,0xB7,0xB7,0x08,0xFF,0xB7,0xB7,0xB7,0x01,0xAF,0xB6,0xB6,0xB6,0x01,0x10,0xAF,
    0xAF,0xAF,0x01,0x00,0x00,0x00,0x00,0x01,0x5F,0xB7,0xB7,0xB7,0x01,0xEF,0xB8,0xB8,
    0xB8,0x07,0xFF,0xB7,0xB7,0xB7,0x01,0x7F,0xB7,0xB7,0xB7,0x02,0x00,0x00,0x00,0x00,
    0x01,0x70,0xB6,0xB6,0xB6,0x01,0xDF,0xB7,0xB7,0xB7,0x06,0xFF,0xB7,0xB7,0xB7,0x01,
    0xEF,0xB8,0xB8,0xB8,0x01,0x60,0xB5,0xB5,0xB5,0x01,0x20,0xB7,0xB7,0xB7,0x02,0xFF,
    0xB7,0xB7,0xB7,0x01,0x80,0xB5,0xB5,0xB5,0x04,0x00,0x00,0x00,0x00,0x01,0xE0,0xB6,
    0xB6,0xB6,0x01,0xFF,0xB7,0xB7,0xB7,0x01,0xC0,0xB6,0xB6,0xB6,0x01,0x00,0x00,0x00,
    0x00,0x01,0xBF,0xB7,0xB7,0xB7,0x01,0xDF,0xB7,0xB7,0xB7,0x01,0x90,0xB5,0xB5,0xB5,
    0x01,0x00,0x00,0x00,0x00,0x01,0xB0,0xB5,0xB5,0xB5,0x07,0xDF,0xB7,0xB7,0xB7,0x01,
    0xCF,0xB6,0xB6,0xB6,0x01,0x7F,0xB7,0xB7,0xB7,0x01,0x00,0x00,0x00,0x00,0x01,0xCF,
    0xB8,0xB8,0xB8,0x01,0xFF,0xB7,0xB7,0xB7,0x01,0xDF,0xB7,0xB7,0xB7,0x01,0xFF,0xB7,
    0xB7,0xB7,0x01,0x40,0xB7,0xB7,0xB7,0x03,0x00,0x00,0x00,0x00,0x01,0x70,0xB6,0xB6,
    0xB6,0x01,0xEF,0xB6,0xB6,0xB6,0x01,0x10,0xAF,0xAF,0xAF,0x03,0x00,0x00,0x00,0x00,
    0x01,0x90,0xB6,0xB6,0xB6,0x01,0xEF,0xB6,0xB6,0xB6,0x01,0x10,0xAF,0xAF,0xAF,0x07,
    0x00,0x00,0x00,0x00,0x01,0x70,0xB6,0xB6,0xB6,0x02,0xFF,0xB7,0xB7,0xB7,0x01,0xEF,
    0xB8,0xB8,0xB8,0x02,0xFF,0xB7,0xB7,0xB7,0x01,0x40,0xB7,0xB7,0xB7,0x02,0x00,0x00,
    0x00,0x00,0x01,0xA0,0xB6,0xB6,0xB6,0x05,0xFF,0xB7,0xB7,0xB7,0x02,0x00,0x00,0x00,
    0x00,0x01,0xBF,0xB7,0xB7,0xB7,0x01,0xFF,0xB7,0xB7,0xB7,0x01,0xC0,0xB6,0xB6,0xB6,
    0x01,0x00,0x00,0x00,0x00,0x01,0x70,0xB6,0xB6,0xB6,0x09,0xFF,0xB7,0xB7,0xB7,0x01,
    0x40,0xB7,0xB7,0xB7,0x01,0x60,0xB7,0xB7,0xB7,0x09,0xFF,0xB7,0xB7,0xB7,0x01,0x70,
    0xB6,0xB6,0xB6,0x01,0x10,0xBF,0xBF,0xBF,0x0A,0xFF,0xB7,0xB7,0xB7,0x01,0x40,0xB7,
    0xB7,0xB7,0x01,0x30,0xB5,0xB5,0xB5,0x09,0xFF,0xB7,0xB7,0xB7,0x01,0x80,0xB5,0xB5,
    0xB5,0x01,0x20,0xB7,0xB7,0xB7,0x02,0xFF,0xB7,0xB7,0xB7,0x01,0x80,0xB5,0xB5,0xB5,
    0x04,0x00,0x00,0x00,0x00,0x01,0xE0,0xB6,0xB6,0xB6,0x01,0xFF,0xB7,0xB7,0xB7,0x01,
    0xC0,0xB6,0xB6,0xB6,0x01,0x00,0x00,0x00,0x00,0x01,0xE0,0xB6,0xB6,0xB6,0x01,0xFF,
    0xB7,0xB7,0xB7,0x01,0x9F,0xB7,0xB7,0xB7,0x01,0x00,0x00,0x00,0x00,0x01,0xBF,0xB7,
    0xB7,0xB7,0x09,0xFF,0xB7,0xB7,0xB7,0x01,0x40,0xB7,0xB7,0xB7,0x02,0xFF,0xB7,0xB7,
    0xB7,0x01,0x20,0xB7,0xB7,0xB7,0x01,0x90,0xB6,0xB6,0xB6,0x01,0xBF,0xB7,0xB7,0xB7,
    0x04,0x00,0x00,0x00,0x00,0x01,0xDF,0xB7,0xB7,0xB7,0x01,0x80,0xB5,0xB5,0xB5,0x03,
    0x00,0x00,0x00,0x00,0x01,0x10,0xBF,0xBF,0xBF,0x01,0xEF,0xB8,0xB8,0xB8,0x01,0x8F,
    0xB8,0xB8,0xB8,0x07,0x00,0x00,0x00,0x00,0x01,0x80,0xB5,0xB5,0xB5,0x02,0xFF,0xB7,
    0xB7,0xB7,0x01,0x90,0xB6,0xB6,0xB6,0x02,0xFF,0xB7,0xB7,0xB7,0x01,0xBF,0xB7,0xB7,
    0xB7,0x01,0x00,0x00,0x00,0x00,0x01,0x30,0xB5,0xB5,0xB5,0x02,0xFF,0xB7,0xB7,0xB7,
    0x01,0xDF,0xB7,0xB7,0xB7,0x01,0xBF,0xB7,0xB7,0xB7,0x02,0xFF,0xB7,0xB7,0xB7,0x01,
    0x20,0xAF,0xAF,0xAF,0x01,0x00,0x00,0x00,0x00,0x01,0xBF,0xB7,0xB7,0xB7,0x01,0xFF,
    0xB7,0xB7,0xB7,0x01,0xC0,0xB6,0xB6,0xB6,0x01,0x00,0x00,0x00,0x00,0x01,0xA0,0xB6,
    0xB6,0xB6,0x02,0xFF,0xB7,0xB7,0xB7,0x01,0x80,0xB7,0xB7,0xB7,0x06,0x60,0xB7,0xB7,
    0xB7,0x01,0x20,0xB7,0xB7,0xB7,0x01,0x60,0xB7,0xB7,0xB7,0x02,0xFF,0xB7,0xB7,0xB7,
    0x05,0x40,0xB7,0xB7,0xB7,0x01,0xEF,0xB8,0xB8,0xB8,0x01,0xFF,0xB7,0xB7,0xB7,0x01,
    0x80,0xB5,0xB5,0xB5,0x01,0x20,0xB7,0xB7,0xB7,0x02,0xFF,0xB7,0xB7,0xB7,0x01,0xDF,
    0xB7,0xB7,0xB7,0x01,0x50,0xB6,0xB6,0xB6,0x03,0x40,0xB7,0xB7,0xB7,0x01,0x90,0xB6,
    0xB6,0xB6,0x02,0xFF,0xB7,0xB7,0xB7,0x01,0x60,0xB5,0xB5,0xB5,0x01,0x60,0xB7,0xB7,
    0xB7,0x02,0xFF,0xB7,0xB7,0xB7,0x01,0x90,0xB6,0xB6,0xB6,0x06,0x60,0xB7,0xB7,0xB7,
    0x01,0x30,0xBA,0xBA,0xBA,0x01,0x20,0xB7,0xB7,0xB7,0x02,0xFF,0xB7,0xB7,0xB7,0x01,
    0x80,0xB5,0xB5,0xB5,0x04,0x00,0x00,0x00,0x00,0x01,0xE0,0xB6,0xB6,0xB6,0x01,0xFF,
    0xB7,0xB7,0xB7,0x01,0xC0,0xB6,0xB6,0xB6,0x01,0x00,0x00,0x00,0x00,0x01,0xE0,0xB6,
    0xB6,0xB6,0x01,0xFF,0xB7,0xB7,0xB7,0x01,0x9F,0xB7,0xB7,0xB7,0x01,0x00,0x00,0x00,
    0x00,0x01,0xBF,0xB7,0xB7,0xB7,0x01,0xFF,0xB7,0xB7,0xB7,0x01,0xC0,0xB6,0xB6,0xB6,
    0x05,0x40,0xB7,0xB7,0xB7,0x02,0xFF,0xB7,0xB7,0xB7,0x01,0x60,0xB5,0xB5,0xB5,0x01,
    0xFF,0xB7,0xB7,0xB7,0x01,0x80,0xB7,0xB7,0xB7,0x01,0x00,0x00,0x00,0x00,0x01,0x10,
    0xBF,0xBF,0xBF,0x01,0xEF,0xB8,0xB8,0xB8,0x01,0x60,0xB5,0xB5,0xB5,0x03,0x00,0x00,
    0x00,0x00,0x01,0x40,0xB7,0xB7,0xB7,0x01,0xFF,0xB7,0xB7,0xB7,0x01,0x20,0xB7,0xB7,
    0xB7,0x03,0x00,0x00,0x00,0x00,0x01,0x80,0xB5,0xB5,0xB5,0x01,0xFF,0xB7,0xB7,0xB7,
    0x01,0x20,0xB7,0xB7,0xB7,0x06,0x00,0x00,0x00,0x00,0x01,0xB0,0xB5,0xB5,0xB5,0x02,
    0xFF,0xB7,0xB7,0xB7,0x01,0x10,0xAF,0xAF,0xAF,0x01,0xDF,0xB7,0xB7,0xB7,0x02,0xFF,
    0xB7,0xB7,0xB7,0x01,0x60,0xB5,0xB5,0xB5,0x01,0xBF,0xB7,0xB7,0xB7,0x02,0xFF,0xB7,
    0xB7,0xB7,0x01,0x70,0xB6,0xB6,0xB6,0x01,0x80,0xB5,0xB5,0xB5,0x02,0xFF,0xB7,0xB7,
    0xB7,0x01,0x50,0xB6,0xB6,0xB6,0x01,0x00,0x00,0x00,0x00,0x01,0xBF,0xB7,0xB7,0xB7,
    0x01,0xFF,0xB7,0xB7,0xB7,0x01,0xC0,0xB6,0xB6,0xB6,0x01,0x00,0x00,0x00,0x00,0x01,
    0xA0,0xB6,0xB6,0xB6,0x01,0xFF,0xB7,0xB7,0xB7,0x01,0xC0,0xB6,0xB6,0xB6,0x08,0x00,
    0x00,0x00,0x00,0x01,0x60,0xB7,0xB7,0xB7,0x02,0xFF,0xB7,0xB7,0xB7,0x05,0x00,0x00,
    0x00,0x00,0x01,0xBF,0xB7,0xB7,0xB7,0x01,0xFF,0xB7,0xB7,0xB7,0x01,0x80,0xB5,0xB5,
    0xB5,0x01,0x20,0xB7,0xB7,0xB7,0x02,0xFF,0xB7,0xB7,0xB7,0x01,0x80,0xB5,0xB5,0xB5,
    0x04,0x00,0x00,0x00,0x00,0x01,0x40,0xB3,0xB3,0xB3,0x02,0xFF,0xB7,0xB7,0xB7,0x01,
    0x60,0xB5,0xB5,0xB5,0x01,0x60,0xB7,0xB7,0xB7,0x02,0xFF,0xB7,0xB7,0xB7,0x01,0x10,
    0xAF,0xAF,0xAF,0x07,0x00,0x00,0x00,0x00,0x01,0x20,0xB7,0xB7,0xB7,0x02,0xFF,0xB7,
    0xB7,0xB7,0x01,0xEF,0xB8,0xB8,0xB8,0x04,0xDF,0xB7,0xB7,0xB7,0x02,0xFF,0xB7,0xB7,
    0xB7,0x01,0xC0,0xB6,0xB6,0xB6,0x01,0x00,0x00,0x00,0x00,0x01,0xE0,0xB6,0xB6,0xB6,
    0x01,0xFF,0xB7,0xB7,0xB7,0x01,0x9F,0xB7,0xB7,0xB7,0x01,0x00,0x00,0x00,0x00,0x01,
    0xBF,0xB7,0xB7,0xB7,0x01,0xFF,0xB7,0xB7,0xB7,0x01,0x9F,0xB7,0xB7,0xB7,0x05,0x00,
    0x00,0x00,0x00,0x02,0xFF,0xB7,0xB7,0xB7,0x01,0x60,0xB5,0xB5,0xB5,0x01,0xBF,0xB7,
    0xB7,0xB7,0x03,0x00,0x00,0x00,0x00,0x01,0x80,0xB5,0xB5,0xB5,0x01,0xDF,0xB7,0xB7,
    0xB7,0x01,0x10,0xAF,0xAF,0xAF,0x03,0x00,0x00,0x00,0x00,0x02,0xBF,0xB7,0xB7,0xB7,
    0x04,0x00,0x00,0x00,0x00,0x01,0xDF,0xB7,0xB7,0xB7,0x01,0x30,0xB5,0xB5,0xB5,0x06,
    0x00,0x00,0x00,0x00,0x01,0xBF,0xB7,0xB7,0xB7,0x02,0xFF,0xB7,0xB7,0xB7,0x01,0x00,
    0x00,0x00,0x00,0x01,0x60,0xB7,0xB7,0xB7,0x05,0xFF,0xB7,0xB7,0xB7,0x01,0xDF,0xB7,
    0xB7,0xB7,0x01,0x00,0x00,0x00,0x00,0x01,0x60,0xB7,0xB7,0xB7,0x02,0xFF,0xB7,0xB7,
    0xB7,0x01,0x60,0xB5,0xB5,0xB5,0x01,0x00,0x00,0x00,0x00,0x01,0xBF,0xB7,0xB7,0xB7,
    0x01,0xFF,0xB7,0xB7,0xB7,0x01,0xC0,0xB6,0xB6,0xB6,0x01,0x00,0x00,0x00,0x00,0x01,
    0xA0,0xB6,0xB6,0xB6,0x01,0xFF,0xB7,0xB7,0xB7,0x01,0xC0,0xB6,0xB6,0xB6,0x08,0x00,
    0x00,0x00,0x00,0x01,0x60,0xB7,0xB7,0xB7,0x02,0xFF,0xB7,0xB7,0xB7,0x05,0x9F,0xB7,
    0xB7,0xB7,0x02,0xFF,0xB7,0xB7,0xB7,0x01,0x60,0xB5,0xB5,0xB5,0x01,0x20,0xB7,0xB7,
    0xB7,0x02,0xFF,0xB7,0xB7,0xB7,0x01,0x80,0xB5,0xB5,0xB5,0x04,0x00,0x00,0x00,0x00,
    0x01,0x40,0xB3,0xB3,0xB3,0x02,0xFF,0xB7,0xB7,0xB7,0x01,0x60,0xB5,0xB5,0xB5,0x01,
    0x60,0xB7,0xB7,0xB7,0x02,0xFF,0xB7,0xB7,0xB7,0x08,0x00,0x00,0x00,0x00,0x01,0x20,
    0xB7,0xB7,0xB7,0x09,0xFF,0xB7,0xB7,0xB7,0x01,0xC0,0xB6,0xB6,0xB6,0x01,0x00,0x00,
    0x00,0x00,0x01,0xE0,0xB6,0xB6,0xB6,0x01,0xFF,0xB7,0xB7,0xB7,0x01,0x9F,0xB7,0xB7,
    0xB7,0x01,0x00,0x00,0x00,0x00,0x01,0xBF,0xB7,0xB7,0xB7,0x01,0xFF,0xB7,0xB7,0xB7,
    0x01,0xCF,0xB6,0xB6,0xB6,0x04,0x80,0xB5,0xB5,0xB5,0x01,0xA0,0xB6,0xB6,0xB6,0x02,
    0xFF,0xB7,0xB7,0xB7,0x01,0x60,0xB5,0xB5,0xB5,0x04,0x00,0x00,0x00,0x00,0x01,0x40,
    0xB3,0xB3,0xB3,0x01,0xFF,0xB7,0xB7,0xB7,0x01,0x80,0xB5,0xB5,0xB5,0x03,0x00,0x00,
    0x00,0x00,0x01,0x30,0xBA,0xBA,0xBA,0x01,0xFF,0xB7,0xB7,0xB7,0x01,0x40,0xB7,0xB7,
    0xB7,0x03,0x00,0x00,0x00,0x00,0x01,0x30,0xBA,0xBA,0xBA,0x07,0x00,0x00,0x00,0x00,
    0x01,0xEF,0xB8,0xB8,0xB8,0x01,0xFF,0xB7,0xB7,0xB7,0x01,0xCF,0xB8,0xB8,0xB8,0x02,
    0x00,0x00,0x00,0x00,0x01,0xDF,0xB7,0xB7,0xB7,0x04,0xFF,0xB7,0xB7,0xB7,0x01,0x60,
    0xB5,0xB5,0xB5,0x01,0x00,0x00,0x00,0x00,0x01,0x50,0xB6,0xB6,0xB6,0x02,0xFF,0xB7,
    0xB7,0xB7,0x01,0x90,0xB5,0xB5,0xB5,0x01,0x00,0x00,0x00,0x00,0x01,0xBF,0xB7,0xB7,
    0xB7,0x01,0xFF,0xB7,0xB7,0xB7,0x01,0xC0,0xB6,0xB6,0xB6,0x01,0x00,0x00,0x00,0x00,
    0x01,0xA0,0xB6,0xB6,0xB6,0x01,0xFF,0xB7,0xB7,0xB7,0x01,0xCF,0xB8,0xB8,0xB8,0x08,
    0x00,0x00,0x00,0x00,0x01,0x60,0xB7,0xB7,0xB7,0x08,0xFF,0xB7,0xB7,0xB7,0x01,0xCF,
    0xB6,0xB6,0xB6,0x01,0x10,0xAF,0xAF,0xAF,0x01,0x20,0xB7,0xB7,0xB7,0x02,0xFF,0xB7,
    0xB7,0xB7,0x01,0x80,0xB5,0xB5,0xB5,0x04,0x00,0x00,0x00,0x00,0x01,0x40,0xB3,0xB3,
    0xB3,0x02,0xFF,0xB7,0xB7,0xB7,0x01,0x60,0xB5,0xB5,0xB5,0x01,0x60,0xB7,0xB7,0xB7,
    0x02,0xFF,0xB7,0xB7,0xB7,0x01,0x10,0xAF,0xAF,0xAF,0x07,0x00,0x00,0x00,0x00,0x01,
    0x20,0xB7,0xB7,0xB7,0x02,0xFF,0xB7,0xB7,0xB7,0x01,0xBF,0xB7,0xB7,0xB7,0x04,0x80,
    0xB5,0xB5,0xB5,0x01,0xEF,0xB8,0xB8,0xB8,0x01,0xFF,0xB7,0xB7,0xB7,0x01,0xC0,0xB6,
    0xB6,0xB6,0x01,0x00,0x00,0x00,0x00,0x01,0xE0,0xB6,0xB6,0xB6,0x01,0xFF,0xB7,0xB7,
    0xB7,0x01,0x9F,0xB7,0xB7,0xB7,0x01,0x00,0x00,0x00,0x00,0x01,0xBF,0xB7,0xB7,0xB7,
    0x08,0xFF,0xB7,0xB7,0xB7,0x01,0xEF,0xB8,0xB8,0xB8,0x01,0x20,0xB7,0xB7,0xB7,0x04,
    0x00,0x00,0x00,0x00,0x01,0xDF,0xB7,0xB7,0xB7,0x01,0xFF,0xB7,0xB7,0xB7,0x01,0xEF,
    0xB6,0xB6,0xB6,0x01,0x20,0xB7,0xB7,0xB7,0x02,0x00,0x00,0x00,0x00,0x01,0x70,0xB6,
    0xB6,0xB6,0x01,0xFF,0xB7,0xB7,0xB7,0x01,0xDF,0xB7,0xB7,0xB7,0x0A,0x00,0x00,0x00,
    0x00,0x01,0x10,0xBF,0xBF,0xBF,0x02,0xFF,0xB7,0xB7,0xB7,0x01,0xC0,0xB6,0xB6,0xB6,
    0x02,0x00,0x00,0x00,0x00,0x01,0x60,0xB7,0xB7,0xB7,0x03,0xFF,0xB7,0xB7,0xB7,0x01,
    0xDF,0xB7,0xB7,0xB7,0x02,0x00,0x00,0x00,0x00,0x01,0x30,0xB5,0xB5,0xB5,0x02,0xFF,
    0xB7,0xB7,0xB7,0x01,0xB0,0xB5,0xB5,0xB5,0x01,0x00,0x00,0x00,0x00,0x01,0xBF,0xB7,
    0xB7,0xB7,0x01,0xFF,0xB7,0xB7,0xB7,0x01,0xC0,0xB6,0xB6,0xB6,0x01,0x00,0x00,0x00,
    0x00,0x01,0xA0,0xB6,0xB6,0xB6,0x02,0xFF,0xB7,0xB7,0xB7,0x01,0xAF,0xB6,0xB6,0xB6,
    0x06,0x9F,0xB7,0xB7,0xB7,0x01,0x40,0xB7,0xB7,0xB7,0x01,0x60,0xB7,0xB7,0xB7,0x02,
    0xFF,0xB7,0xB7,0xB7,0x04,0x80,0xB5,0xB5,0xB5,0x01,0xA0,0xB6,0xB6,0xB6,0x02,0xFF,
    0xB7,0xB7,0xB7,0x01,0x70,0xB6,0xB6,0xB6,0x01,0x20,0xB7,0xB7,0xB7,0x02,0xFF,0xB7,
    0xB7,0xB7,0x01,0xDF,0xB7,0xB7,0xB7,0x04,0x9F,0xB7,0xB7,0xB7,0x01,0xBF,0xB7,0xB7,
    0xB7,0x02,0xFF,0xB7,0xB7,0xB7,0x01,0x60,0xB5,0xB5,0xB5,0x01,0x60,0xB7,0xB7,0xB7,
    0x02,0xFF,0xB7,0xB7,0xB7,0x01,0x9F,0xB7,0xB7,0xB7,0x06,0x80,0xB5,0xB5,0xB5,0x01,
    0x50,0xB6,0xB6,0xB6,0x01,0x20,0xB7,0xB7,0xB7,0x02,0xFF,0xB7,0xB7,0xB7,0x01,0x80,
    0xB5,0xB5,0xB5,0x04,0x00,0x00,0x00,0x00,0x01,0xE0,0xB6,0xB6,0xB6,0x01,0xFF,0xB7,
    0xB7,0xB7,0x01,0xC0,0xB6,0xB6,0xB6,0x01,0x00,0x00,0x00,0x00,0x01,0xE0,0xB6,0xB6,
    0xB6,0x01,0xFF,0xB7,0xB7,0xB7,0x01,0x9F,0xB7,0xB7,0xB7,0x01,0x00,0x00,0x00,0x00,
    0x01,0xBF,0xB7,0xB7,0xB7,0x01,0xFF,0xB7,0xB7,0xB7,0x01,0xCF,0xB6,0xB6,0xB6,0x06,
    0x80,0xB5,0xB5,0xB5,0x01,0x30,0xBA,0xBA,0xBA,0x04,0x00,0x00,0x00,0x00,0x01,0x7F,
    0xB7,0xB7,0xB7,0x03,0xFF,0xB7,0xB7,0xB7,0x01,0x9F,0xB7,0xB7,0xB7,0x01,0x00,0x00,
    0x00,0x00,0x01,0x20,0xB7,0xB7,0xB7,0x01,0xDF,0xB7,0xB7,0xB7,0x02,0xFF,0xB7,0xB7,
    0xB7,0x01,0x70,0xB6,0xB6,0xB6,0x09,0x00,0x00,0x00,0x00,0x01,0x30,0xB5,0xB5,0xB5,
    0x02,0xFF,0xB7,0xB7,0xB7,0x01,0x9F,0xB7,0xB7,0xB7,0x03,0x00,0x00,0x00,0x00,0x01,
    0xCF,0xB8,0xB8,0xB8,0x02,0xFF,0xB7,0xB7,0xB7,0x01,0x60,0xB5,0xB5,0xB5,0x02,0x00,
    0x00,0x00,0x00,0x01,0x10,0xBF,0xBF,0xBF,0x02,0xFF,0xB7,0xB7,0xB7,0x01,0xDF,0xB7,
    0xB7,0xB7,0x01,0x00,0x00,0x00,0x00,0x01,0xBF,0xB7,0xB7,0xB7,0x01,0xFF,0xB7,0xB7,
    0xB7,0x01,0xC0,0xB6,0xB6,0xB6,0x01,0x00,0x00,0x00,0x00,0x01,0x70,0xB6,0xB6,0xB6,
    0x09,0xFF,0xB7,0xB7,0xB7,0x01,0x50,0xB6,0xB6,0xB6,0x01,0x60,0xB7,0xB7,0xB7,0x02,
    0xFF,0xB7,0xB7,0xB7,0x05,0x00,0x00,0x00,0x00,0x01,0xE0,0xB6,0xB6,0xB6,0x01,0xFF,
    0xB7,0xB7,0xB7,0x01,0x80,0xB5,0xB5,0xB5,0x01,0x10,0xBF,0xBF,0xBF,0x01,0xEF,0xB8,
    0xB8,0xB8,0x09,0xFF,0xB7,0xB7,0xB7,0x01,0x20,0xB7,0xB7,0xB7,0x01,0x40,0xB7,0xB7,
    0xB7,0x09,0xFF,0xB7,0xB7,0xB7,0x01,0x9F,0xB7,0xB7,0xB7,0x01,0x20,0xB7,0xB7,0xB7,
    0x02,0xFF,0xB7,0xB7,0xB7,0x01,0x80,0xB5,0xB5,0xB5,0x04,0x00,0x00,0x00,0x00,0x01,
    0xE0,0xB6,0xB6,0xB6,0x01,0xFF,0xB7,0xB7,0xB7,0x01,0xC0,0xB6,0xB6,0xB6,0x01,0x00,
    0x00,0x00,0x00,0x01,0xE0,0xB6,0xB6,0xB6,0x01,0xFF,0xB7,0xB7,0xB7,0x01,0x9F,0xB7,
    0xB7,0xB7,0x01,0x00,0x00,0x00,0x00,0x01,0xBF,0xB7,0xB7,0xB7,0x01,0xFF,0xB7,0xB7,
    0xB7,0x01,0x9F,0xB7,0xB7,0xB7,0x0A,0x00,0x00,0x00,0x00,0x01,0x20,0xB7,0xB7,0xB7,
    0x05,0xFF,0xB7,0xB7,0xB7,0x01,0x70,0xB6,0xB6,0xB6,0x01,0xAF,0xB8,0xB8,0xB8,0x03,
    0xFF,0xB7,0xB7,0xB7,0x01,0xEF,0xB6,0xB6,0xB6,0x01,0x10,0xAF,0xAF,0xAF,0x08,0x00,
    0x00,0x00,0x00,0x01,0x30,0xB5,0xB5,0xB5,0x02,0xC0,0xB6,0xB6,0xB6,0x01,0x60,0xB7,
    0xB7,0xB7,0x04,0x00,0x00,0x00,0x00,0x01,0x40,0xB7,0xB7,0xB7,0x01,0x20,0xB7,0xB7,
    0xB7,0x04,0x00,0x00,0x00,0x00,0x02,0xC0,0xB6,0xB6,0xB6,0x01,0xB0,0xB7,0xB7,0xB7,
    0x01,0x00,0x00,0x00,0x00,0x01,0x90,0xB6,0xB6,0xB6,0x01,0xC0,0xB6,0xB6,0xB6,0x01,
    0x90,0xB6,0xB6,0xB6,0x02,0x00,0x00,0x00,0x00,0x01,0x70,0xB8,0xB8,0xB8,0x07,0xC0,
    0xB6,0xB6,0xB6,0x01,0xB0,0xB7,0xB7,0xB7,0x01,0x20,0xB7,0xB7,0xB7,0x01,0x50,0xB6,
    0xB6,0xB6,0x02,0xC0,0xB6,0xB6,0xB6,0x05,0x00,0x00,0x00,0x00,0x01,0xB0,0xB7,0xB7,
    0xB7,0x01,0xC0,0xB6,0xB6,0xB6,0x01,0x60,0xB7,0xB7,0xB7,0x01,0x00,0x00,0x00,0x00,
    0x01,0x20,0xB7,0xB7,0xB7,0x01,0xB0,0xB7,0xB7,0xB7,0x06,0xC0,0xB6,0xB6,0xB6,0x01,
    0xB0,0xB7,0xB7,0xB7,0x01,0x40,0xB7,0xB7,0xB7,0x02,0x00,0x00,0x00,0x00,0x01,0x50,
    0xB6,0xB6,0xB6,0x05,0xC0,0xB6,0xB6,0xB6,0x01,0xD0,0xB7,0xB7,0xB7,0x02,0xE0,0xB6,
    0xB6,0xB6,0x02,0x20,0xB7,0xB7,0xB7,0x02,0xC0,0xB6,0xB6,0xB6,0x01,0x60,0xB7,0xB7,
    0xB7,0x04,0x00,0x00,0x00,0x00,0x01,0xB0,0xB7,0xB7,0xB7,0x01,0xC0,0xB6,0xB6,0xB6,
    0x01,0x90,0xB6,0xB6,0xB6,0x01,0x00,0x00,0x00,0x00,0x01,0xB0,0xB7,0xB7,0xB7,0x01,
    0xC0,0xB6,0xB6,0xB6,0x01,0x70,0xB6,0xB6,0xB6,0x01,0x00,0x00,0x00,0x00,0x01,0x90,
    0xB6,0xB6,0xB6,0x01,0xC0,0xB6,0xB6,0xB6,0x01,0x70,0xB6,0xB6,0xB6,0x0A,0x00,0x00,
    0x00,0x00,0x01,0x60,0xB7,0xB7,0xB7,0x0B,0xFF,0xB7,0xB7,0xB7,0x01,0x60,0xB5,0xB5,
    0xB5,0x69,0x00,0x00,0x00,0x00,0x01,0x40,0xB7,0xB7,0xB7,0x01,0xDF,0xB7,0xB7,0xB7,
    0x07,0xFF,0xB7,0xB7,0xB7,0x01,0xEF,0xB8,0xB8,0xB8,0x01,0x70,0xB6,0xB6,0xB6,0x6C,
    0x00,0x00,0x00,0x00,0x01,0x60,0xB7,0xB7,0xB7,0x01,0xC0,0xB6,0xB6,0xB6,0x01,0xEF,
    0xB8,0xB8,0xB8,0x01,0xFF,0xB7,0xB7,0xB7,0x01,0xEF,0xB8,0xB8,0xB8,0x01,0xC0,0xB6,
    0xB6,0xB6,0x01,0x80,0xB7,0xB7,0xB7,0x01,0x10,0xAF,0xAF,0xAF,0x68,0x00,0x00,0x00,
    0x00,
};

leImage figmaImg_imgMchp =
{
    {
        LE_STREAM_LOCATION_ID_INTERNAL, // data location id
        (void*)figmaImg_imgMchp_data, // data variable pointer
        3297, // data size
    },
    LE_IMAGE_FORMAT_RLE,
    {
        LE_COLOR_MODE_RGBA_8888,
        {
            117,
            18
        },
        2106,
        3297,
        (void*)figmaImg_imgMchp_data, // data variable pointer
        0, // flags
    },
    0, // image flags
    {
        0x0, // color mask
    },
    NULL, // alpha mask
    NULL, // palette
};

